resource_kind,object_name,from_version/config,to_version/config,transition_class,cost_class,median_ms,p95_ms,invalidation_targets,reuse_safe,sample_count,success_count,failure_count,timeout_count,measurement_environment_id,workload_origin,benchmark_id,from_object_id,to_object_id
artifact_acquisition,registry packument lookup | DNS/TLS cold、keep-alive、metadata hit,cold,v1,network_cold,PREP,42.555879,45.409645,,True,7,7,0,0,env:7a9cda66bc6b151a7886,synthetic,ART-001,,artifact_acquisition:benchmark:art-001:default
artifact_acquisition,registry tarball download | size buckets、retry、timeout、404、5xx,cold,v1,network_cold,PREP,39.423257,43.7217749,,True,7,7,0,0,env:7a9cda66bc6b151a7886,synthetic,ART-002,,artifact_acquisition:benchmark:art-002:default
artifact_acquisition,GitHub codeload archive | exact commit、redirect、rate limit,cold,v1,network_cold,PREP,313.84354,588.3703425999997,,True,7,7,0,0,env:7a9cda66bc6b151a7886,synthetic,ART-003,,artifact_acquisition:benchmark:art-003:default
artifact_acquisition,generic Git archive fallback | cached repo、unsupported host、SSH/HTTPS,cold,v1,network_cold,PREP,764.821,1175.4588879999997,,True,7,7,0,0,env:7a9cda66bc6b151a7886,synthetic,ART-004,,artifact_acquisition:benchmark:art-004:default
artifact_acquisition,direct HTTP tarball | immutable/no-integrity/404,cold,v1,network_cold,PREP,761.638299,1169.991707,,True,7,7,0,0,env:7a9cda66bc6b151a7886,synthetic,ART-005,,artifact_acquisition:benchmark:art-005:default
artifact_acquisition,browser/Electron binary download | network cold、tool cache、CAS replay,cold,v1,artifact_cold,PREP,0.002083,0.0038060999999999993,,True,7,7,0,0,env:7a9cda66bc6b151a7886,synthetic,ART-006,,artifact_acquisition:benchmark:art-006:default
artifact_acquisition,retry/backoff/final failure | refused、DNS、404、timeout,cold,v1,network_cold,PREP,0.102717,0.1138433,,True,7,7,0,0,env:7a9cda66bc6b151a7886,synthetic,ART-008,,artifact_acquisition:benchmark:art-008:default
browser_binary,chromium,151.0.7922.77,151.0.7922.77,exact_hit,TRANSITION,116.437408,122.5612124,,True,7,7,0,0,env:7a9cda66bc6b151a7886,real,BRW-001,browser_binary:chromium:151.0.7922.77:linux:x86_64,browser_binary:chromium:151.0.7922.77:linux:x86_64
browser_binary,firefox,Mozilla Firefox 153.0.3,Mozilla Firefox 153.0.3,exact_hit,TRANSITION,999.294109,1082.812874,,True,7,7,0,0,env:7a9cda66bc6b151a7886,real,BRW-002,browser_binary:firefox:Mozilla Firefox 153.0.3:linux:x86_64,browser_binary:firefox:Mozilla Firefox 153.0.3:linux:x86_64
browser_binary,electron,40.10.2,40.10.2,exact_hit,TRANSITION,115.185681,123.2333645,,True,7,7,0,0,env:7a9cda66bc6b151a7886,real,BRW-004,browser_binary:electron:40.10.2:linux:x86_64,browser_binary:electron:40.10.2:linux:x86_64
browser_binary,electron,40.10.2,40.10.2,artifact_cold,TRANSITION,62.367622,73.0156379,,True,7,7,0,0,env:7a9cda66bc6b151a7886,real,BRW-005,browser_binary:electron:40.10.2:linux:x86_64,browser_binary:electron:40.10.2:linux:x86_64
browser_context,chromium context,151.0.7922.77,151.0.7922.77,compatible_reuse,TRANSITION,54.416686,70.0736723,,True,7,7,0,0,env:7a9cda66bc6b151a7886,real,BRW-011,browser_context:chromium:151.0.7922.77:default,browser_context:chromium:151.0.7922.77:default
browser_context,chromium context,151.0.7922.77,151.0.7922.77,dirty_reset,TRANSITION,50.411264,63.71476819999999,,True,7,7,0,0,env:7a9cda66bc6b151a7886,real,BRW-012,browser_context:chromium:151.0.7922.77:default,browser_context:chromium:151.0.7922.77:default
browser_context,chromium context,151.0.7922.77,151.0.7922.77,compatible_reuse,TRANSITION,70.620248,102.86641519999998,,True,7,7,0,0,env:7a9cda66bc6b151a7886,real,BRW-015,browser_context:chromium:151.0.7922.77:default,browser_context:chromium:151.0.7922.77:default
browser_process,chromium,151.0.7922.77,151.0.7922.77,exact_hit,TRANSITION,115.306183,119.53564949999999,,True,7,7,0,0,env:7a9cda66bc6b151a7886,real,BRW-006,browser_process:chromium:151.0.7922.77:headless,browser_process:chromium:151.0.7922.77:headless
browser_process,chromium,cold,151.0.7922.77,process_cold,TRANSITION,281.798033,384.4800666999999,,True,7,7,0,0,env:7a9cda66bc6b151a7886,real,BRW-007,,browser_process:chromium:151.0.7922.77:headless
browser_process,firefox,cold,Mozilla Firefox 153.0.3,process_cold,TRANSITION,1872.738363,1901.8302079,,True,7,7,0,0,env:7a9cda66bc6b151a7886,real,BRW-008,,browser_process:firefox:Mozilla Firefox 153.0.3:headless
browser_process,chromium,151.0.7922.77,151.0.7922.77,exact_hit,TRANSITION,0.606909,1.2929932999999996,,True,7,7,0,0,env:7a9cda66bc6b151a7886,real,BRW-010,browser_process:chromium:151.0.7922.77:headless,browser_process:chromium:151.0.7922.77:headless
browser_process,chromium,151.0.7922.77,151.0.7922.77,incompatible_switch,TRANSITION,276.21473,299.52960759999996,browser_context;browser_profile,True,7,7,0,0,env:7a9cda66bc6b151a7886,real,BRW-016,browser_process:chromium:151.0.7922.77:headless,browser_process:chromium:151.0.7922.77:headless
browser_process,chromium,151.0.7922.77,151.0.7922.77,dirty_reset,TRANSITION,67.046359,68.5837954,,True,7,7,0,0,env:7a9cda66bc6b151a7886,real,BRW-017,browser_process:chromium:151.0.7922.77:headless,browser_process:chromium:151.0.7922.77:headless
browser_process,electron,cold,40.10.2,process_cold,TRANSITION,483.931135,575.3704138,,True,7,7,0,0,env:7a9cda66bc6b151a7886,real,BRW-018,,browser_process:electron:40.10.2:headless
browser_process,electron,40.10.2,40.10.2,dirty_reset,TRANSITION,517.751444,583.3139928,,True,7,7,0,0,env:7a9cda66bc6b151a7886,real,BRW-019,browser_process:electron:40.10.2:headless,browser_process:electron:40.10.2:headless
browser_process,chromium,151.0.7922.77,151.0.7922.77,compatible_reuse,TRANSITION,0.562031,0.5855943,,True,7,7,0,0,env:7a9cda66bc6b151a7886,real,GUI-005,browser_process:chromium:151.0.7922.77:headless,browser_process:chromium:151.0.7922.77:headless
browser_process,chromium,151.0.7922.77,151.0.7922.77,compatible_reuse,TRANSITION,0.548871,0.5688061,,True,7,7,0,0,env:7a9cda66bc6b151a7886,real,GUI-006,browser_process:chromium:151.0.7922.77:headless,browser_process:chromium:151.0.7922.77:headless
browser_profile,chromium profile,cold,151.0.7922.77,artifact_cold,TRANSITION,5.101571,6.8206185,,True,7,7,0,0,env:7a9cda66bc6b151a7886,real,BRW-013,,browser_profile:chromium:151.0.7922.77:ephemeral
browser_profile,chromium profile,151.0.7922.77,151.0.7922.77,dirty_reset,TRANSITION,1.524166,1.6381999999999999,,True,7,7,0,0,env:7a9cda66bc6b151a7886,real,BRW-014,browser_profile:chromium:151.0.7922.77:ephemeral,browser_profile:chromium:151.0.7922.77:ephemeral
build_cache,npm script dispatch,cold,v1,process_cold,TRANSITION,251.841551,268.7553915,,True,7,7,0,0,env:7a9cda66bc6b151a7886,synthetic,BLD-001,,build_cache:synthetic:npm-script
build_cache,typescript,cold,7.0.2,artifact_cold,TRANSITION,525.484661,555.622042,,True,7,7,0,0,env:7a9cda66bc6b151a7886,synthetic,BLD-002,,build_cache:synthetic:typescript:7.0.2
build_cache,typescript,7.0.2,7.0.2,exact_hit,TRANSITION,251.987763,257.4661175,,True,7,7,0,0,env:7a9cda66bc6b151a7886,synthetic,BLD-002,build_cache:synthetic:typescript:7.0.2,build_cache:synthetic:typescript:7.0.2
build_cache,typescript,7.0.2,7.0.2,incompatible_switch,TRANSITION,242.911371,262.37742959999997,build_cache,True,7,7,0,0,env:7a9cda66bc6b151a7886,synthetic,BLD-002,build_cache:synthetic:typescript:7.0.2,build_cache:synthetic:typescript:7.0.2
build_cache,babel,cold,7.28.4,artifact_cold,TRANSITION,240.2496,255.33125049999998,,True,7,7,0,0,env:7a9cda66bc6b151a7886,synthetic,BLD-004,,build_cache:synthetic:babel:7.28.4
build_cache,babel,7.28.4,7.28.4,exact_hit,TRANSITION,232.89811,236.7874861,,True,7,7,0,0,env:7a9cda66bc6b151a7886,synthetic,BLD-004,build_cache:synthetic:babel:7.28.4,build_cache:synthetic:babel:7.28.4
build_cache,babel,7.28.4,7.28.4,incompatible_switch,TRANSITION,234.285538,244.69953710000001,build_cache,True,7,7,0,0,env:7a9cda66bc6b151a7886,synthetic,BLD-004,build_cache:synthetic:babel:7.28.4,build_cache:synthetic:babel:7.28.4
build_cache,swc,cold,1.16.1,artifact_cold,TRANSITION,116.848473,122.23915,,True,7,7,0,0,env:7a9cda66bc6b151a7886,synthetic,BLD-005,,build_cache:synthetic:swc:1.16.1
build_cache,swc,1.16.1,1.16.1,exact_hit,TRANSITION,119.882596,125.15481919999999,,True,7,7,0,0,env:7a9cda66bc6b151a7886,synthetic,BLD-005,build_cache:synthetic:swc:1.16.1,build_cache:synthetic:swc:1.16.1
build_cache,swc,1.16.1,1.16.1,incompatible_switch,TRANSITION,116.056643,124.2996091,build_cache,True,7,7,0,0,env:7a9cda66bc6b151a7886,synthetic,BLD-005,build_cache:synthetic:swc:1.16.1,build_cache:synthetic:swc:1.16.1
build_cache,esbuild,cold,0.28.2,artifact_cold,TRANSITION,119.640538,126.69815949999999,,True,7,7,0,0,env:7a9cda66bc6b151a7886,synthetic,BLD-006,,build_cache:synthetic:esbuild:0.28.2
build_cache,esbuild,0.28.2,0.28.2,exact_hit,TRANSITION,122.652617,145.8946159,,True,7,7,0,0,env:7a9cda66bc6b151a7886,synthetic,BLD-006,build_cache:synthetic:esbuild:0.28.2,build_cache:synthetic:esbuild:0.28.2
build_cache,esbuild,0.28.2,0.28.2,incompatible_switch,TRANSITION,119.828882,131.6865633,build_cache,True,7,7,0,0,env:7a9cda66bc6b151a7886,synthetic,BLD-006,build_cache:synthetic:esbuild:0.28.2,build_cache:synthetic:esbuild:0.28.2
build_cache,rollup,cold,4.63.1,artifact_cold,TRANSITION,119.888181,127.44254430000001,,True,7,7,0,0,env:7a9cda66bc6b151a7886,synthetic,BLD-007,,build_cache:synthetic:rollup:4.63.1
build_cache,rollup,4.63.1,4.63.1,exact_hit,TRANSITION,115.849327,130.54837519999998,,True,7,7,0,0,env:7a9cda66bc6b151a7886,synthetic,BLD-007,build_cache:synthetic:rollup:4.63.1,build_cache:synthetic:rollup:4.63.1
build_cache,rollup,4.63.1,4.63.1,incompatible_switch,TRANSITION,121.79024,131.2020587,build_cache,True,7,7,0,0,env:7a9cda66bc6b151a7886,synthetic,BLD-007,build_cache:synthetic:rollup:4.63.1,build_cache:synthetic:rollup:4.63.1
build_cache,webpack,cold,5.110.1,artifact_cold,TRANSITION,442.626332,478.14835370000003,,True,7,7,0,0,env:7a9cda66bc6b151a7886,synthetic,BLD-008,,build_cache:synthetic:webpack:5.110.1
build_cache,webpack,5.110.1,5.110.1,exact_hit,TRANSITION,446.922606,450.34154689999997,,True,7,7,0,0,env:7a9cda66bc6b151a7886,synthetic,BLD-008,build_cache:synthetic:webpack:5.110.1,build_cache:synthetic:webpack:5.110.1
build_cache,webpack,5.110.1,5.110.1,incompatible_switch,TRANSITION,467.116771,506.4891136,build_cache,True,7,7,0,0,env:7a9cda66bc6b151a7886,synthetic,BLD-008,build_cache:synthetic:webpack:5.110.1,build_cache:synthetic:webpack:5.110.1
build_cache,vite,cold,8.2.2,artifact_cold,TRANSITION,355.514422,437.30761229999996,,True,7,7,0,0,env:7a9cda66bc6b151a7886,synthetic,BLD-009,,build_cache:synthetic:vite:8.2.2
build_cache,vite,8.2.2,8.2.2,exact_hit,TRANSITION,351.747687,373.9246701,,True,7,7,0,0,env:7a9cda66bc6b151a7886,synthetic,BLD-009,build_cache:synthetic:vite:8.2.2,build_cache:synthetic:vite:8.2.2
build_cache,vite,8.2.2,8.2.2,incompatible_switch,TRANSITION,352.37254,429.86765289999994,build_cache,True,7,7,0,0,env:7a9cda66bc6b151a7886,synthetic,BLD-009,build_cache:synthetic:vite:8.2.2,build_cache:synthetic:vite:8.2.2
build_cache,make/bootstrap/setup | startup、incremental output、cleanup,cold,v1,artifact_cold,TRANSITION,117.210208,121.4112483,,True,7,7,0,0,env:7a9cda66bc6b151a7886,synthetic,BLD-016,,build_cache:synthetic:bld-016
build_cache,generic codegen/generate | cold、output cache、schema/config invalidation,cold,v1,artifact_cold,TRANSITION,0.167884,0.1842613,,True,7,7,0,0,env:7a9cda66bc6b151a7886,synthetic,BLD-017,,build_cache:synthetic:bld-017
build_cache,TypeScript incremental cache,v1,v1,exact_hit,TRANSITION,233.706122,252.3595694,,True,7,7,0,0,env:7a9cda66bc6b151a7886,synthetic,BLD-020,build_cache:synthetic:typescript:attach,build_cache:synthetic:typescript:attach
build_cache,TypeScript invalidation,v1,v1,incompatible_switch,TRANSITION,231.098513,240.539153,build_cache,True,7,7,0,0,env:7a9cda66bc6b151a7886,synthetic,BLD-021,build_cache:synthetic:typescript:invalidate,build_cache:synthetic:typescript:invalidate
contention,1/2/4/8 concurrent registry clients,cold,v1,contention_path,DIAGNOSTIC,89.030951,102.8768044,,True,7,7,0,0,env:7a9cda66bc6b151a7886,synthetic,CON-001,,contention:synthetic:con-001
contention,same CAS blob concurrent fetch/read,cold,v1,contention_path,DIAGNOSTIC,4.433488,4.5537775,,True,7,7,0,0,env:7a9cda66bc6b151a7886,synthetic,CON-002,,contention:synthetic:con-002
contention,multiple PM cache writers,cold,v1,contention_path,DIAGNOSTIC,147.689512,182.5839581,,True,7,7,0,0,env:7a9cda66bc6b151a7886,synthetic,CON-003,,contention:synthetic:con-003
contention,multiple dependency views,cold,v1,contention_path,DIAGNOSTIC,11365.093014,12391.875956,,True,7,7,0,0,env:7a9cda66bc6b151a7886,synthetic,CON-004,,contention:synthetic:con-004
contention,concurrent worktrees/checkouts,cold,v1,contention_path,DIAGNOSTIC,2291.424747,3354.4998062,,True,7,7,0,0,env:7a9cda66bc6b151a7886,synthetic,CON-005,,contention:synthetic:con-005
contention,concurrent BrowserContexts,cold,v1,contention_path,DIAGNOSTIC,1655.737047,2045.6962038999998,,True,7,7,0,0,env:7a9cda66bc6b151a7886,synthetic,CON-006,,contention:synthetic:con-006
contention,DB connections/private resets,cold,v1,contention_path,DIAGNOSTIC,320.650007,474.46193299999993,,True,7,7,0,0,env:7a9cda66bc6b151a7886,synthetic,CON-007,,contention:synthetic:con-007
contention,CPU/memory/disk saturation,cold,v1,contention_path,DIAGNOSTIC,83.840826,98.23286569999999,,True,7,7,0,0,env:7a9cda66bc6b151a7886,synthetic,CON-008,,contention:synthetic:con-008
contention,port allocator contention,cold,v1,contention_path,DIAGNOSTIC,3.612075,3.8973017,,True,7,7,0,0,env:7a9cda66bc6b151a7886,synthetic,CON-009,,contention:synthetic:con-009
contention,scheduler state lock contention,cold,v1,contention_path,DIAGNOSTIC,2.018244,2.2251457,,True,7,7,0,0,env:7a9cda66bc6b151a7886,synthetic,CON-010,,contention:synthetic:con-010
control_plane,CONTROL | 加载 resources/requirements/invalidation rules | 启动成本，不进入 profile edge,v1,v1,exact_hit,CONTROL,0.003525,0.0048857,,True,7,7,0,0,env:7a9cda66bc6b151a7886,synthetic,CTL-001,control_plane:benchmark:ctl-001:default,control_plane:benchmark:ctl-001:default
control_plane,"CONTROL | 11,105 tasks 聚合为 Environment Groups | 初始化成本",v1,v1,exact_hit,CONTROL,0.000601,0.0007369999999999999,,True,7,7,0,0,env:7a9cda66bc6b151a7886,synthetic,CTL-002,control_plane:benchmark:ctl-002:default,control_plane:benchmark:ctl-002:default
control_plane,CONTROL | 单轮 candidate enumeration | 每轮 overhead,v1,v1,exact_hit,CONTROL,0.000621,0.001035,,True,7,7,0,0,env:7a9cda66bc6b151a7886,synthetic,CTL-003,control_plane:benchmark:ctl-003:default,control_plane:benchmark:ctl-003:default
control_plane,CONTROL | 单 candidate compatibility matching | planner overhead,v1,v1,exact_hit,CONTROL,0.000501,0.000567,,True,7,7,0,0,env:7a9cda66bc6b151a7886,synthetic,CTL-004,control_plane:benchmark:ctl-004:default,control_plane:benchmark:ctl-004:default
control_plane,CONTROL | 单 candidate transition planning | planner overhead,v1,v1,exact_hit,CONTROL,0.000491,0.0006349999999999999,,True,7,7,0,0,env:7a9cda66bc6b151a7886,synthetic,CTL-005,control_plane:benchmark:ctl-005:default,control_plane:benchmark:ctl-005:default
control_plane,CONTROL | invalidation graph 传播 | 不重复记资源重建时间,v1,v1,exact_hit,CONTROL,0.000441,0.0007299999999999997,,True,7,7,0,0,env:7a9cda66bc6b151a7886,synthetic,CTL-006,control_plane:benchmark:ctl-006:default,control_plane:benchmark:ctl-006:default
control_plane,CONTROL | greedy selection/tie-break | 每轮 overhead,v1,v1,exact_hit,CONTROL,0.00049,0.000765,,True,7,7,0,0,env:7a9cda66bc6b151a7886,synthetic,CTL-007,control_plane:benchmark:ctl-007:default,control_plane:benchmark:ctl-007:default
control_plane,CONTROL | NodeState 写盘、恢复、更新 | action 后实测,v1,v1,exact_hit,CONTROL,0.000681,0.0009519999999999998,,True,7,7,0,0,env:7a9cda66bc6b151a7886,synthetic,CTL-008,control_plane:benchmark:ctl-008:default,control_plane:benchmark:ctl-008:default
control_plane,CONTROL | action executor dispatch | 与 action 本身分开,v1,v1,exact_hit,CONTROL,0.001613,0.0018907,,True,7,7,0,0,env:7a9cda66bc6b151a7886,synthetic,CTL-009,control_plane:benchmark:ctl-009:default,control_plane:benchmark:ctl-009:default
control_plane,CONTROL | JSONL logging/report aggregation | 诊断 overhead,v1,v1,exact_hit,CONTROL,0.000771,0.0008576999999999999,,True,7,7,0,0,env:7a9cda66bc6b151a7886,synthetic,CTL-010,control_plane:benchmark:ctl-010:default,control_plane:benchmark:ctl-010:default
control_plane,CONTROL | state lock/并发等待 | contention,v1,v1,exact_hit,CONTROL,0.000791,0.0015829999999999993,,True,7,7,0,0,env:7a9cda66bc6b151a7886,synthetic,CTL-011,control_plane:benchmark:ctl-011:default,control_plane:benchmark:ctl-011:default
control_plane,CONTROL | 多节点 placement scoring | 未来接口,v1,v1,exact_hit,CONTROL,0.00057,0.000828,,True,7,7,0,0,env:7a9cda66bc6b151a7886,synthetic,CTL-012,control_plane:benchmark:ctl-012:default,control_plane:benchmark:ctl-012:default
database_binary,redis,cold,Redis server v=7.0.15 sha=00000000:0 malloc=jemalloc-5.3.0 bits=64 build=e53ff17674aa6190,process_cold,TRANSITION,15.821804,16.9972349,,True,7,7,0,0,env:7a9cda66bc6b151a7886,real,DB-004,,database_binary:redis:Redis server v=7.0.15 sha=00000000:0 malloc=jemalloc-5.3.0 bits=64 build=e53ff17674aa6190
database_binary,sqlite,python-stdlib,python-stdlib,exact_hit,TRANSITION,0.466035,0.5661940999999999,,True,7,7,0,0,env:7a9cda66bc6b151a7886,real,DB-005,database_binary:sqlite:python-stdlib,database_binary:sqlite:python-stdlib
database_clean_snapshot,sqlite clean snapshot,cold,python-stdlib,artifact_cold,TRANSITION,0.44316,0.6003291,,True,7,7,0,0,env:7a9cda66bc6b151a7886,real,DBS-005,,database_clean_snapshot:sqlite:python-stdlib:minimal
database_clean_snapshot,sqlite clean snapshot,python-stdlib,python-stdlib,compatible_reuse,TRANSITION,0.434147,0.4423914,,True,7,7,0,0,env:7a9cda66bc6b151a7886,real,DBS-006,database_clean_snapshot:sqlite:python-stdlib:minimal,database_clean_snapshot:sqlite:python-stdlib:minimal
database_daemon,redis,cold,Redis server v=7.0.15 sha=00000000:0 malloc=jemalloc-5.3.0 bits=64 build=e53ff17674aa6190,process_cold,TRANSITION,14.710122,18.702115899999995,,True,7,7,0,0,env:7a9cda66bc6b151a7886,real,DBS-001,,database_daemon:redis:Redis server v=7.0.15 sha=00000000:0 malloc=jemalloc-5.3.0 bits=64 build=e53ff17674aa6190:default
database_daemon,redis,Redis server v=7.0.15 sha=00000000:0 malloc=jemalloc-5.3.0 bits=64 build=e53ff17674aa6190,Redis server v=7.0.15 sha=00000000:0 malloc=jemalloc-5.3.0 bits=64 build=e53ff17674aa6190,exact_hit,TRANSITION,5.284287,6.56775,,True,7,7,0,0,env:7a9cda66bc6b151a7886,real,DBS-002,database_daemon:redis:Redis server v=7.0.15 sha=00000000:0 malloc=jemalloc-5.3.0 bits=64 build=e53ff17674aa6190:default,database_daemon:redis:Redis server v=7.0.15 sha=00000000:0 malloc=jemalloc-5.3.0 bits=64 build=e53ff17674aa6190:default
database_daemon,redis,Redis server v=7.0.15 sha=00000000:0 malloc=jemalloc-5.3.0 bits=64 build=e53ff17674aa6190,Redis server v=7.0.15 sha=00000000:0 malloc=jemalloc-5.3.0 bits=64 build=e53ff17674aa6190,compatible_reuse,TRANSITION,0.251741,0.262034,,True,7,7,0,0,env:7a9cda66bc6b151a7886,real,DBS-003,database_daemon:redis:Redis server v=7.0.15 sha=00000000:0 malloc=jemalloc-5.3.0 bits=64 build=e53ff17674aa6190:default,database_daemon:redis:Redis server v=7.0.15 sha=00000000:0 malloc=jemalloc-5.3.0 bits=64 build=e53ff17674aa6190:default
database_daemon,redis,Redis server v=7.0.15 sha=00000000:0 malloc=jemalloc-5.3.0 bits=64 build=e53ff17674aa6190,Redis server v=7.0.15 sha=00000000:0 malloc=jemalloc-5.3.0 bits=64 build=e53ff17674aa6190,dirty_reset,TRANSITION,0.071048,0.07511369999999999,,True,7,7,0,0,env:7a9cda66bc6b151a7886,real,DBS-004,database_daemon:redis:Redis server v=7.0.15 sha=00000000:0 malloc=jemalloc-5.3.0 bits=64 build=e53ff17674aa6190:default,database_daemon:redis:Redis server v=7.0.15 sha=00000000:0 malloc=jemalloc-5.3.0 bits=64 build=e53ff17674aa6190:default
database_daemon,redis,Redis server v=7.0.15 sha=00000000:0 malloc=jemalloc-5.3.0 bits=64 build=e53ff17674aa6190,Redis server v=7.0.15 sha=00000000:0 malloc=jemalloc-5.3.0 bits=64 build=e53ff17674aa6190,compatible_reuse,TRANSITION,5.190996,5.7912319000000005,,True,7,7,0,0,env:7a9cda66bc6b151a7886,real,DBS-011,database_daemon:redis:Redis server v=7.0.15 sha=00000000:0 malloc=jemalloc-5.3.0 bits=64 build=e53ff17674aa6190:default,database_daemon:redis:Redis server v=7.0.15 sha=00000000:0 malloc=jemalloc-5.3.0 bits=64 build=e53ff17674aa6190:default
database_daemon,redis,Redis server v=7.0.15 sha=00000000:0 malloc=jemalloc-5.3.0 bits=64 build=e53ff17674aa6190,Redis server v=7.0.15 sha=00000000:0 malloc=jemalloc-5.3.0 bits=64 build=e53ff17674aa6190,dirty_reset,TRANSITION,16.376864,17.1464773,,True,7,7,0,0,env:7a9cda66bc6b151a7886,real,DBS-013,database_daemon:redis:Redis server v=7.0.15 sha=00000000:0 malloc=jemalloc-5.3.0 bits=64 build=e53ff17674aa6190:default,database_daemon:redis:Redis server v=7.0.15 sha=00000000:0 malloc=jemalloc-5.3.0 bits=64 build=e53ff17674aa6190:default
database_private_layer,sqlite private layer,cold,python-stdlib,artifact_cold,TRANSITION,0.881304,0.9019329,,True,7,7,0,0,env:7a9cda66bc6b151a7886,real,DBS-007,,database_private_layer:sqlite:python-stdlib:task
database_private_layer,sqlite private layer,python-stdlib,python-stdlib,dirty_reset,TRANSITION,0.022834,0.023173700000000002,,True,7,7,0,0,env:7a9cda66bc6b151a7886,real,DBS-008,database_private_layer:sqlite:python-stdlib:task,database_private_layer:sqlite:python-stdlib:task
database_private_layer,sqlite private layer,cold,python-stdlib,artifact_cold,TRANSITION,0.916938,0.9303762,,True,7,7,0,0,env:7a9cda66bc6b151a7886,real,DBS-009,,database_private_layer:sqlite:python-stdlib:task
database_private_layer,sqlite private layer,cold,python-stdlib,artifact_cold,TRANSITION,1.477636,1.6192092,,True,7,7,0,0,env:7a9cda66bc6b151a7886,real,DBS-010,,database_private_layer:sqlite:python-stdlib:task
dependency_view,npm minimal dependency view,cold,10.9.8,artifact_cold,TRANSITION,362.659213,421.81441369999993,,True,7,7,0,0,env:7a9cda66bc6b151a7886,synthetic,DEP-001,,dependency_view:fixture:npm:10.9.8
dependency_view,pnpm minimal dependency view,cold,10.17.1,artifact_cold,TRANSITION,450.922971,500.4796082,,True,7,7,0,0,env:7a9cda66bc6b151a7886,synthetic,DEP-002,,dependency_view:fixture:pnpm:10.17.1
dependency_view,pnpm minimal dependency view,cold,10.27.0,artifact_cold,TRANSITION,518.416375,557.3508924,,True,7,7,0,0,env:7a9cda66bc6b151a7886,synthetic,DEP-002,,dependency_view:fixture:pnpm:10.27.0
dependency_view,pnpm minimal dependency view,cold,10.28.2,artifact_cold,TRANSITION,528.47482,545.0787699,,True,7,7,0,0,env:7a9cda66bc6b151a7886,synthetic,DEP-002,,dependency_view:fixture:pnpm:10.28.2
dependency_view,pnpm minimal dependency view,cold,10.34.5,artifact_cold,TRANSITION,498.547234,565.98991,,True,7,7,0,0,env:7a9cda66bc6b151a7886,synthetic,DEP-002,,dependency_view:fixture:pnpm:10.34.5
dependency_view,pnpm minimal dependency view,cold,10.4.0,artifact_cold,TRANSITION,455.585319,562.4930087,,True,7,7,0,0,env:7a9cda66bc6b151a7886,synthetic,DEP-002,,dependency_view:fixture:pnpm:10.4.0
dependency_view,pnpm minimal dependency view,cold,11.24.0,artifact_cold,TRANSITION,701.85074,780.7485677999999,,True,7,7,0,0,env:7a9cda66bc6b151a7886,synthetic,DEP-002,,dependency_view:fixture:pnpm:11.24.0
dependency_view,pnpm minimal dependency view,cold,9.12.2,artifact_cold,TRANSITION,544.621931,565.9955354,,True,7,7,0,0,env:7a9cda66bc6b151a7886,synthetic,DEP-002,,dependency_view:fixture:pnpm:9.12.2
dependency_view,pnpm minimal dependency view,cold,9.15.0,artifact_cold,TRANSITION,464.676165,546.2653176,,True,7,7,0,0,env:7a9cda66bc6b151a7886,synthetic,DEP-002,,dependency_view:fixture:pnpm:9.15.0
dependency_view,pnpm minimal dependency view,cold,9.15.4,artifact_cold,TRANSITION,532.538575,613.6625369999999,,True,7,7,0,0,env:7a9cda66bc6b151a7886,synthetic,DEP-002,,dependency_view:fixture:pnpm:9.15.4
dependency_view,pnpm minimal dependency view,cold,9.15.5,artifact_cold,TRANSITION,484.846679,621.6721196999999,,True,7,7,0,0,env:7a9cda66bc6b151a7886,synthetic,DEP-002,,dependency_view:fixture:pnpm:9.15.5
dependency_view,pnpm minimal dependency view,cold,9.4.0,artifact_cold,TRANSITION,482.535883,532.9932864,,True,7,7,0,0,env:7a9cda66bc6b151a7886,synthetic,DEP-002,,dependency_view:fixture:pnpm:9.4.0
dependency_view,yarn minimal dependency view,cold,1.22.21,artifact_cold,TRANSITION,354.483767,395.78827429999996,,True,7,7,0,0,env:7a9cda66bc6b151a7886,synthetic,DEP-003,,dependency_view:fixture:yarn:1.22.21
dependency_view,yarn minimal dependency view,cold,1.22.22,artifact_cold,TRANSITION,350.585615,388.9235662,,True,7,7,0,0,env:7a9cda66bc6b151a7886,synthetic,DEP-003,,dependency_view:fixture:yarn:1.22.22
dependency_view,yarn minimal dependency view,cold,3.2.3,artifact_cold,TRANSITION,381.055475,413.65373089999997,,True,7,7,0,0,env:7a9cda66bc6b151a7886,synthetic,DEP-004,,dependency_view:fixture:yarn:3.2.3
dependency_view,yarn minimal dependency view,cold,3.8.7,artifact_cold,TRANSITION,374.669056,395.2645844,,True,7,7,0,0,env:7a9cda66bc6b151a7886,synthetic,DEP-004,,dependency_view:fixture:yarn:3.8.7
dependency_view,yarn minimal dependency view,cold,4.0.2,artifact_cold,TRANSITION,371.878527,393.2682829,,True,7,7,0,0,env:7a9cda66bc6b151a7886,synthetic,DEP-004,,dependency_view:fixture:yarn:4.0.2
dependency_view,yarn minimal dependency view,cold,4.10.3,artifact_cold,TRANSITION,369.556735,379.44001249999997,,True,7,7,0,0,env:7a9cda66bc6b151a7886,synthetic,DEP-004,,dependency_view:fixture:yarn:4.10.3
dependency_view,yarn minimal dependency view,cold,4.12.0,artifact_cold,TRANSITION,377.344031,407.2015331,,True,7,7,0,0,env:7a9cda66bc6b151a7886,synthetic,DEP-004,,dependency_view:fixture:yarn:4.12.0
dependency_view,yarn minimal dependency view,cold,4.9.1,artifact_cold,TRANSITION,369.142926,403.7295708,,True,7,7,0,0,env:7a9cda66bc6b151a7886,synthetic,DEP-004,,dependency_view:fixture:yarn:4.9.1
dependency_view,yarn minimal dependency view,cold,3.2.3,compatible_reuse,TRANSITION,379.874294,482.0510877999999,,True,7,7,0,0,env:7a9cda66bc6b151a7886,synthetic,DEP-005,,dependency_view:fixture:yarn:3.2.3
dependency_view,yarn minimal dependency view,cold,3.8.7,compatible_reuse,TRANSITION,357.662314,372.95608960000004,,True,7,7,0,0,env:7a9cda66bc6b151a7886,synthetic,DEP-005,,dependency_view:fixture:yarn:3.8.7
dependency_view,yarn minimal dependency view,cold,4.0.2,compatible_reuse,TRANSITION,367.835596,393.6721686,,True,7,7,0,0,env:7a9cda66bc6b151a7886,synthetic,DEP-005,,dependency_view:fixture:yarn:4.0.2
dependency_view,yarn minimal dependency view,cold,4.10.3,compatible_reuse,TRANSITION,382.750164,404.0406315,,True,7,7,0,0,env:7a9cda66bc6b151a7886,synthetic,DEP-005,,dependency_view:fixture:yarn:4.10.3
dependency_view,yarn minimal dependency view,cold,4.12.0,compatible_reuse,TRANSITION,375.753926,426.2499961,,True,7,7,0,0,env:7a9cda66bc6b151a7886,synthetic,DEP-005,,dependency_view:fixture:yarn:4.12.0
dependency_view,yarn minimal dependency view,cold,4.9.1,compatible_reuse,TRANSITION,369.601263,397.23630779999996,,True,7,7,0,0,env:7a9cda66bc6b151a7886,synthetic,DEP-005,,dependency_view:fixture:yarn:4.9.1
dependency_view,bun minimal dependency view,cold,1.2.18,artifact_cold,TRANSITION,124.284427,133.8856443,,True,7,7,0,0,env:7a9cda66bc6b151a7886,synthetic,DEP-006,,dependency_view:fixture:bun:1.2.18
dependency_view,bun minimal dependency view,cold,1.3.7,artifact_cold,TRANSITION,122.796593,133.9116543,,True,7,7,0,0,env:7a9cda66bc6b151a7886,synthetic,DEP-006,,dependency_view:fixture:bun:1.3.7
dependency_view,swesmith/Automattic__mongoose.5f57a5bb:.,f4a039d5d472a10b,f4a039d5d472a10b,exact_hit,TRANSITION,127.936405,158.1011704,,True,7,7,0,0,env:7a9cda66bc6b151a7886,real,DEP-007,dependency_view:Automattic__mongoose.5f57a5bb:root:f4a039d5d472a10b,dependency_view:Automattic__mongoose.5f57a5bb:root:f4a039d5d472a10b
dependency_view,swesmith/Automattic__mongoose.5f57a5bb:.,f4a039d5d472a10b,f4a039d5d472a10b,compatible_reuse,TRANSITION,0.786511,1.0147104999999998,,True,7,7,0,0,env:7a9cda66bc6b151a7886,real,DEP-008,dependency_view:Automattic__mongoose.5f57a5bb:root:f4a039d5d472a10b,dependency_view:Automattic__mongoose.5f57a5bb:root:f4a039d5d472a10b
dependency_view,pnpm fixture,v1,v1,incompatible_switch,TRANSITION,469.119307,482.8528306,build_cache;test_transform_cache,True,7,7,0,0,env:7a9cda66bc6b151a7886,synthetic,DEP-009,dependency_view:fixture:npm:switch-source,dependency_view:fixture:pnpm:switch-target
dependency_view,swesmith/Automattic__mongoose.5f57a5bb:.,f4a039d5d472a10b,f4a039d5d472a10b,dirty_reset,TRANSITION,0.352764,0.36972489999999997,,True,7,7,0,0,env:7a9cda66bc6b151a7886,real,DEP-010,dependency_view:Automattic__mongoose.5f57a5bb:root:f4a039d5d472a10b,dependency_view:Automattic__mongoose.5f57a5bb:root:f4a039d5d472a10b
dependency_view,swesmith/Automattic__mongoose.5f57a5bb:.,cold,f4a039d5d472a10b,artifact_cold,TRANSITION,15.524516,16.1561882,,True,7,7,0,0,env:7a9cda66bc6b151a7886,real,DEP-011,,dependency_view:Automattic__mongoose.5f57a5bb:root:f4a039d5d472a10b
dependency_view,swesmith/Automattic__mongoose.5f57a5bb:.,cold,f4a039d5d472a10b,artifact_cold,TRANSITION,174.26677,178.4739751,,True,7,7,0,0,env:7a9cda66bc6b151a7886,real,DEP-012,,dependency_view:Automattic__mongoose.5f57a5bb:root:f4a039d5d472a10b
dependency_view,swesmith/Automattic__mongoose.5f57a5bb:.,cold,f4a039d5d472a10b,artifact_cold,TRANSITION,2.769683,4.615601999999999,,True,7,7,0,0,env:7a9cda66bc6b151a7886,real,DEP-013,,dependency_view:Automattic__mongoose.5f57a5bb:root:f4a039d5d472a10b
dependency_view,swesmith/Automattic__mongoose.5f57a5bb:.,cold,f4a039d5d472a10b,artifact_cold,TRANSITION,0.018778,0.019885,,True,7,7,0,0,env:7a9cda66bc6b151a7886,real,DEP-014,,dependency_view:Automattic__mongoose.5f57a5bb:root:f4a039d5d472a10b
dependency_view,swesmith/Automattic__mongoose.5f57a5bb:.,cold,f4a039d5d472a10b,artifact_cold,TRANSITION,0.414448,0.5162726,,True,7,7,0,0,env:7a9cda66bc6b151a7886,real,DEP-015,,dependency_view:Automattic__mongoose.5f57a5bb:root:f4a039d5d472a10b
dependency_view,swesmith/Automattic__mongoose.5f57a5bb:.,f4a039d5d472a10b,f4a039d5d472a10b,compatible_reuse,TRANSITION,2.231519,2.5006106999999997,,True,7,7,0,0,env:7a9cda66bc6b151a7886,real,DEP-016,dependency_view:Automattic__mongoose.5f57a5bb:root:f4a039d5d472a10b,dependency_view:Automattic__mongoose.5f57a5bb:root:f4a039d5d472a10b
dependency_view,swesmith/Automattic__mongoose.5f57a5bb:.,f4a039d5d472a10b,f4a039d5d472a10b,exact_hit,TRANSITION,110.32931,123.770684,,True,7,7,0,0,env:7a9cda66bc6b151a7886,real,DEP-018,dependency_view:Automattic__mongoose.5f57a5bb:root:f4a039d5d472a10b,dependency_view:Automattic__mongoose.5f57a5bb:root:f4a039d5d472a10b
dependency_view,swesmith/Automattic__mongoose.5f57a5bb:.,cold,f4a039d5d472a10b,contention_path,TRANSITION,2508.758304,2571.6699037999997,,True,7,7,0,0,env:7a9cda66bc6b151a7886,real,DEP-019,,dependency_view:Automattic__mongoose.5f57a5bb:root:f4a039d5d472a10b
dependency_view,swesmith/Automattic__mongoose.5f57a5bb:.,f4a039d5d472a10b,f4a039d5d472a10b,exact_hit,TRANSITION,22.466745,31.073027199999995,,True,7,7,0,0,env:7a9cda66bc6b151a7886,real,DEP-020,dependency_view:Automattic__mongoose.5f57a5bb:root:f4a039d5d472a10b,dependency_view:Automattic__mongoose.5f57a5bb:root:f4a039d5d472a10b
dependency_view,swesmith/foambubble__foam.2cac8162:.,8118db77d559a658,8118db77d559a658,exact_hit,ENV_PREP,0.575099,0.5868327,,True,7,7,0,0,env:0fd7b54e0a2a55d4208d,real,EXACT-DEP-ATTACH,dependency_view:foambubble__foam.2cac8162:root:8118db77d559a658,dependency_view:foambubble__foam.2cac8162:root:8118db77d559a658
dependency_view,swesmith/jaredpalmer__formik.91475adb:.,0ea1f56b0c1e2753,0ea1f56b0c1e2753,exact_hit,ENV_PREP,0.26323,0.34854189999999996,,True,7,7,0,0,env:0fd7b54e0a2a55d4208d,real,EXACT-DEP-ATTACH,dependency_view:jaredpalmer__formik.91475adb:root:0ea1f56b0c1e2753,dependency_view:jaredpalmer__formik.91475adb:root:0ea1f56b0c1e2753
dependency_view,swesmith/redux-saga__redux-saga.a4ace10d:.,c1bcbd93da3b0eeb,c1bcbd93da3b0eeb,exact_hit,ENV_PREP,1.135416,1.2274032,,True,7,7,0,0,env:0fd7b54e0a2a55d4208d,real,EXACT-DEP-ATTACH,dependency_view:redux-saga__redux-saga.a4ace10d:root:c1bcbd93da3b0eeb,dependency_view:redux-saga__redux-saga.a4ace10d:root:c1bcbd93da3b0eeb
dependency_view,swesmith/sveltejs__svelte.6c9717a9:.,b0c07bc3f3203c46,b0c07bc3f3203c46,exact_hit,ENV_PREP,0.06228,0.0667984,,True,7,7,0,0,env:0fd7b54e0a2a55d4208d,real,EXACT-DEP-ATTACH,dependency_view:sveltejs__svelte.6c9717a9:root:b0c07bc3f3203c46,dependency_view:sveltejs__svelte.6c9717a9:root:b0c07bc3f3203c46
dependency_view,swesmith/foambubble__foam.2cac8162:.,cold,8118db77d559a658,artifact_cold,ENV_PREP,5856.183836,6505.0737444999995,build_cache;test_transform_cache,True,7,7,0,0,env:0fd7b54e0a2a55d4208d,real,EXACT-DEP-MATERIALIZE,,dependency_view:foambubble__foam.2cac8162:root:8118db77d559a658
dependency_view,swesmith/jaredpalmer__formik.91475adb:.,cold,0ea1f56b0c1e2753,artifact_cold,ENV_PREP,5837.946796,8137.201068699997,build_cache;test_transform_cache,True,7,7,0,0,env:0fd7b54e0a2a55d4208d,real,EXACT-DEP-MATERIALIZE,,dependency_view:jaredpalmer__formik.91475adb:root:0ea1f56b0c1e2753
dependency_view,swesmith/redux-saga__redux-saga.a4ace10d:.,cold,c1bcbd93da3b0eeb,artifact_cold,ENV_PREP,9529.210058,10090.261441199998,build_cache;test_transform_cache,True,7,7,0,0,env:0fd7b54e0a2a55d4208d,real,EXACT-DEP-MATERIALIZE,,dependency_view:redux-saga__redux-saga.a4ace10d:root:c1bcbd93da3b0eeb
dependency_view,swesmith/sveltejs__svelte.6c9717a9:.,cold,b0c07bc3f3203c46,artifact_cold,ENV_PREP,1802.468041,1824.5755505,build_cache;test_transform_cache,True,7,7,0,0,env:0fd7b54e0a2a55d4208d,real,EXACT-DEP-MATERIALIZE,,dependency_view:sveltejs__svelte.6c9717a9:root:b0c07bc3f3203c46
dependency_view,swesmith/foambubble__foam.2cac8162:.,8118db77d559a658,8118db77d559a658,dirty_reset,ENV_PREP,0.024103,0.028590199999999996,,True,7,7,0,0,env:0fd7b54e0a2a55d4208d,real,EXACT-DEP-RESET,dependency_view:foambubble__foam.2cac8162:root:8118db77d559a658,dependency_view:foambubble__foam.2cac8162:root:8118db77d559a658
dependency_view,swesmith/jaredpalmer__formik.91475adb:.,0ea1f56b0c1e2753,0ea1f56b0c1e2753,dirty_reset,ENV_PREP,0.027308,0.03519119999999999,,True,7,7,0,0,env:0fd7b54e0a2a55d4208d,real,EXACT-DEP-RESET,dependency_view:jaredpalmer__formik.91475adb:root:0ea1f56b0c1e2753,dependency_view:jaredpalmer__formik.91475adb:root:0ea1f56b0c1e2753
dependency_view,swesmith/redux-saga__redux-saga.a4ace10d:.,c1bcbd93da3b0eeb,c1bcbd93da3b0eeb,dirty_reset,ENV_PREP,0.024563,0.029138499999999998,,True,7,7,0,0,env:0fd7b54e0a2a55d4208d,real,EXACT-DEP-RESET,dependency_view:redux-saga__redux-saga.a4ace10d:root:c1bcbd93da3b0eeb,dependency_view:redux-saga__redux-saga.a4ace10d:root:c1bcbd93da3b0eeb
dependency_view,swesmith/sveltejs__svelte.6c9717a9:.,b0c07bc3f3203c46,b0c07bc3f3203c46,dirty_reset,ENV_PREP,0.023804,0.0248849,,True,7,7,0,0,env:0fd7b54e0a2a55d4208d,real,EXACT-DEP-RESET,dependency_view:sveltejs__svelte.6c9717a9:root:b0c07bc3f3203c46,dependency_view:sveltejs__svelte.6c9717a9:root:b0c07bc3f3203c46
dependency_view,swesmith/Automattic__mongoose.5f57a5bb:.,cold,f4a039d5d472a10b,artifact_cold,TRANSITION,385.908853,1102.7638464999995,,True,7,7,0,0,env:7a9cda66bc6b151a7886,real,INS-001,,dependency_view:Automattic__mongoose.5f57a5bb:root:f4a039d5d472a10b
dependency_view,swesmith/Automattic__mongoose.5f57a5bb:.,cold,f4a039d5d472a10b,artifact_cold,TRANSITION,375.503355,400.70316909999997,,True,7,7,0,0,env:7a9cda66bc6b151a7886,real,INS-002,,dependency_view:Automattic__mongoose.5f57a5bb:root:f4a039d5d472a10b
dependency_view,swesmith/Automattic__mongoose.5f57a5bb:.,cold,f4a039d5d472a10b,artifact_cold,TRANSITION,366.874805,392.31771960000003,,True,7,7,0,0,env:7a9cda66bc6b151a7886,real,INS-003,,dependency_view:Automattic__mongoose.5f57a5bb:root:f4a039d5d472a10b
dependency_view,swesmith/Automattic__mongoose.5f57a5bb:.,cold,f4a039d5d472a10b,artifact_cold,TRANSITION,242.872829,268.6459334,,True,7,7,0,0,env:7a9cda66bc6b151a7886,real,INS-004,,dependency_view:Automattic__mongoose.5f57a5bb:root:f4a039d5d472a10b
dependency_view,swesmith/Automattic__mongoose.5f57a5bb:.,cold,f4a039d5d472a10b,artifact_cold,TRANSITION,247.695349,286.43737009999995,,True,7,7,0,0,env:7a9cda66bc6b151a7886,real,INS-005,,dependency_view:Automattic__mongoose.5f57a5bb:root:f4a039d5d472a10b
dependency_view,swesmith/Automattic__mongoose.5f57a5bb:.,cold,f4a039d5d472a10b,artifact_cold,TRANSITION,258.262666,274.6278117,,True,7,7,0,0,env:7a9cda66bc6b151a7886,real,INS-006,,dependency_view:Automattic__mongoose.5f57a5bb:root:f4a039d5d472a10b
dependency_view,swesmith/Automattic__mongoose.5f57a5bb:.,cold,f4a039d5d472a10b,artifact_cold,TRANSITION,260.651491,266.8849235,,True,7,7,0,0,env:7a9cda66bc6b151a7886,real,INS-007,,dependency_view:Automattic__mongoose.5f57a5bb:root:f4a039d5d472a10b
dependency_view,swesmith/Automattic__mongoose.5f57a5bb:.,cold,f4a039d5d472a10b,failure_path,TRANSITION,624.605385,662.2738016,,False,7,7,0,0,env:7a9cda66bc6b151a7886,real,INS-008,,dependency_view:Automattic__mongoose.5f57a5bb:root:f4a039d5d472a10b
dependency_view,swesmith/Automattic__mongoose.5f57a5bb:.,cold,f4a039d5d472a10b,dirty_reset,TRANSITION,2.118157,2.8756306,,True,7,7,0,0,env:7a9cda66bc6b151a7886,real,INS-009,,dependency_view:Automattic__mongoose.5f57a5bb:root:f4a039d5d472a10b
dependency_view,swesmith/Automattic__mongoose.5f57a5bb:.,f4a039d5d472a10b,f4a039d5d472a10b,exact_hit,TRANSITION,370.025114,399.4021419,,True,7,7,0,0,env:7a9cda66bc6b151a7886,real,INS-010,dependency_view:Automattic__mongoose.5f57a5bb:root:f4a039d5d472a10b,dependency_view:Automattic__mongoose.5f57a5bb:root:f4a039d5d472a10b
discovery_resolution,读取/校验 profile IDs | cold FS、warm、重复运行,v1,v1,exact_hit,PREP,0.000521,0.0005717,,True,7,7,0,0,env:7a9cda66bc6b151a7886,synthetic,PRE-001,discovery_resolution:benchmark:pre-001:default,discovery_resolution:benchmark:pre-001:default
discovery_resolution,official profile lookup | remote cold、local cache、missing ID,v1,v1,exact_hit,PREP,0.000731,0.0009459999999999998,,True,7,7,0,0,env:7a9cda66bc6b151a7886,synthetic,PRE-002,discovery_resolution:benchmark:pre-002:default,discovery_resolution:benchmark:pre-002:default
discovery_resolution,Dockerfile fetch/parse | cold/warm、remote failure,v1,v1,exact_hit,PREP,0.000651,0.0009486999999999999,,True,7,7,0,0,env:7a9cda66bc6b151a7886,synthetic,PRE-003,discovery_resolution:benchmark:pre-003:default,discovery_resolution:benchmark:pre-003:default
discovery_resolution,manifest/config/lock discovery | single root、多 root、large monorepo,v1,v1,exact_hit,PREP,0.000941,0.001101,,True,7,7,0,0,env:7a9cda66bc6b151a7886,synthetic,PRE-004,discovery_resolution:benchmark:pre-004:default,discovery_resolution:benchmark:pre-004:default
discovery_resolution,source hash/fingerprint | small/large lock、cache hit,v1,v1,exact_hit,PREP,0.001202,0.0023533,,True,7,7,0,0,env:7a9cda66bc6b151a7886,synthetic,PRE-005,discovery_resolution:benchmark:pre-005:default,discovery_resolution:benchmark:pre-005:default
discovery_resolution,lock authority classification | strict/frozen/immutable/mutable/edited/missing,v1,v1,exact_hit,PREP,0.00065,0.0008489999999999999,,True,7,7,0,0,env:7a9cda66bc6b151a7886,synthetic,PRE-006,discovery_resolution:benchmark:pre-006:default,discovery_resolution:benchmark:pre-006:default
discovery_resolution,exact-commit temporary checkout | object cold/warm、submodules,v1,v1,exact_hit,PREP,3.085952,3.9363259999999998,,True,7,7,0,0,env:7a9cda66bc6b151a7886,synthetic,PRE-007,discovery_resolution:benchmark:pre-007:default,discovery_resolution:benchmark:pre-007:default
discovery_resolution,manifest transformation replay | zero/single/workspace edits,v1,v1,exact_hit,PREP,0.001623,0.0024239999999999995,,True,7,7,0,0,env:7a9cda66bc6b151a7886,synthetic,PRE-008,discovery_resolution:benchmark:pre-008:default,discovery_resolution:benchmark:pre-008:default
discovery_resolution,source/resolved lock diff/hash/save | unchanged/changed/large,v1,v1,exact_hit,PREP,0.000661,0.0008349999999999999,,True,7,7,0,0,env:7a9cda66bc6b151a7886,synthetic,PRE-014,discovery_resolution:benchmark:pre-014:default,discovery_resolution:benchmark:pre-014:default
discovery_resolution,npm lock parse | v1/v2/v3、invalid JSON/conflict markers,v1,v1,exact_hit,PREP,0.001793,0.002175,,True,7,7,0,0,env:7a9cda66bc6b151a7886,synthetic,PRE-015,discovery_resolution:benchmark:pre-015:default,discovery_resolution:benchmark:pre-015:default
discovery_resolution,pnpm lock parse | schema/version/workspace snapshots,v1,v1,exact_hit,PREP,0.002374,0.0027447,,True,7,7,0,0,env:7a9cda66bc6b151a7886,synthetic,PRE-016,discovery_resolution:benchmark:pre-016:default,discovery_resolution:benchmark:pre-016:default
discovery_resolution,Yarn Classic lock parse | registry/Git/file/link aliases,v1,v1,exact_hit,PREP,0.001732,0.002835,,True,7,7,0,0,env:7a9cda66bc6b151a7886,synthetic,PRE-017,discovery_resolution:benchmark:pre-017:default,discovery_resolution:benchmark:pre-017:default
discovery_resolution,Yarn Berry lock parse | workspace/link/patch/virtual/locator,v1,v1,exact_hit,PREP,0.001753,0.0036050999999999987,,True,7,7,0,0,env:7a9cda66bc6b151a7886,synthetic,PRE-018,discovery_resolution:benchmark:pre-018:default,discovery_resolution:benchmark:pre-018:default
discovery_resolution,normalized manifest generation | registry/Git/http/workspace/local/patch/unknown,v1,v1,exact_hit,PREP,0.002134,0.0024117,,True,7,7,0,0,env:7a9cda66bc6b151a7886,synthetic,PRE-020,discovery_resolution:benchmark:pre-020:default,discovery_resolution:benchmark:pre-020:default
discovery_resolution,"global union/dedup/index | 1k/10k/102,051 references",v1,v1,exact_hit,PREP,0.002814,0.0037897,,True,7,7,0,0,env:7a9cda66bc6b151a7886,synthetic,PRE-021,discovery_resolution:benchmark:pre-021:default,discovery_resolution:benchmark:pre-021:default
discovery_resolution,reports/CSV generation | cold/warm、large JSON,v1,v1,exact_hit,PREP,0.000631,0.0006889999999999999,,True,7,7,0,0,env:7a9cda66bc6b151a7886,synthetic,PRE-022,discovery_resolution:benchmark:pre-022:default,discovery_resolution:benchmark:pre-022:default
discovery_resolution,stage reuse check | hit、fingerprint changed、output corrupt/missing,v1,v1,exact_hit,PREP,0.00053,0.000566,,True,7,7,0,0,env:7a9cda66bc6b151a7886,synthetic,PRE-023,discovery_resolution:benchmark:pre-023:default,discovery_resolution:benchmark:pre-023:default
discovery_resolution,partial-stage resume | one/many/no failures,v1,v1,exact_hit,PREP,0.000831,0.0008957,,True,7,7,0,0,env:7a9cda66bc6b151a7886,synthetic,PRE-024,discovery_resolution:benchmark:pre-024:default,discovery_resolution:benchmark:pre-024:default
display_service,Xvfb,cold,host,process_cold,TRANSITION,5.14766,5.1527078,,True,7,7,0,0,env:7a9cda66bc6b151a7886,synthetic,GUI-001,,display_service:xvfb:host
display_service,Xvfb,host,host,dirty_reset,TRANSITION,5.163074,5.1808581,,True,7,7,0,0,env:7a9cda66bc6b151a7886,synthetic,GUI-002,display_service:xvfb:host,display_service:xvfb:host
display_service,D-Bus session,cold,host,process_cold,TRANSITION,119.437217,130.7753768,,True,7,7,0,0,env:7a9cda66bc6b151a7886,synthetic,GUI-003,,display_service:dbus:host
display_service,GTK/system GUI library load | page-cache/rootfs switch,v1,v1,exact_hit,TRANSITION,115.64039,116.5737614,,True,7,7,0,0,env:7a9cda66bc6b151a7886,synthetic,GUI-004,display_service:benchmark:gui-004:default,display_service:benchmark:gui-004:default
failure_recovery,npm peer conflict | detect/log/cleanup/fallback,cold,v1,failure_path,DIAGNOSTIC,566.175254,598.4952274,,False,7,7,0,0,env:7a9cda66bc6b151a7886,synthetic,FAIL-001,,failure_recovery:synthetic:fail-001
failure_recovery,invalid/conflicted lock | parse failure/manual review,cold,v1,failure_path,DIAGNOSTIC,0.028463,0.0304467,,False,7,7,0,0,env:7a9cda66bc6b151a7886,synthetic,FAIL-002,,failure_recovery:synthetic:fail-002
failure_recovery,artifact 404 | retries/final detect/cleanup,cold,v1,failure_path,DIAGNOSTIC,3.557673,4.177872799999999,,False,7,7,0,0,env:7a9cda66bc6b151a7886,synthetic,FAIL-003,,failure_recovery:synthetic:fail-003
failure_recovery,CAS integrity mismatch | detect/quarantine/refetch,cold,v1,failure_path,DIAGNOSTIC,0.000891,0.0011003,,False,7,7,0,0,env:7a9cda66bc6b151a7886,synthetic,FAIL-004,,failure_recovery:synthetic:fail-004
failure_recovery,missing PM/runtime | lookup/install/unsupported,cold,v1,failure_path,DIAGNOSTIC,0.993904,1.6127323999999998,,False,7,7,0,0,env:7a9cda66bc6b151a7886,synthetic,FAIL-005,,failure_recovery:synthetic:fail-005
failure_recovery,local registry refused | retry/no-fallback/cleanup,cold,v1,failure_path,DIAGNOSTIC,0.0993,0.107481,,False,7,7,0,0,env:7a9cda66bc6b151a7886,synthetic,FAIL-006,,failure_recovery:synthetic:fail-006
failure_recovery,platform optional mismatch | skip/no false failure,cold,v1,failure_path,DIAGNOSTIC,0.000681,0.000859,,True,7,7,0,0,env:7a9cda66bc6b151a7886,synthetic,FAIL-007,,failure_recovery:synthetic:fail-007
failure_recovery,readiness timeout | timeout/kill/port cleanup,cold,v1,failure_path,DIAGNOSTIC,101.288361,101.3086187,,False,7,7,0,0,env:7a9cda66bc6b151a7886,synthetic,FAIL-008,,failure_recovery:synthetic:fail-008
failure_recovery,hung install/build/test | escalation/partial cleanup,cold,v1,failure_path,DIAGNOSTIC,101.322862,101.3526007,,False,7,7,0,0,env:7a9cda66bc6b151a7886,synthetic,FAIL-009,,failure_recovery:synthetic:fail-009
failure_recovery,stale process/port | detect/cleanup/retry,cold,v1,failure_path,DIAGNOSTIC,0.020682,0.0216567,,True,7,7,0,0,env:7a9cda66bc6b151a7886,synthetic,FAIL-012,,failure_recovery:synthetic:fail-012
failure_recovery,pollution failure | validate/disable reuse,cold,v1,failure_path,DIAGNOSTIC,0.247785,0.28401479999999996,,False,7,7,0,0,env:7a9cda66bc6b151a7886,synthetic,FAIL-013,,failure_recovery:synthetic:fail-013
failure_recovery,scheduler state corrupt | recover/rebuild,cold,v1,failure_path,DIAGNOSTIC,0.582541,0.6038692,,True,7,7,0,0,env:7a9cda66bc6b151a7886,synthetic,FAIL-014,,failure_recovery:synthetic:fail-014
filesystem_overlay,directory-copy on ext4,cold,ext4,artifact_cold,TRANSITION,1.278365,1.2976351,,True,7,7,0,0,env:7a9cda66bc6b151a7886,synthetic,FS-001,,filesystem_overlay:directory-copy:ext4
filesystem_overlay,directory-copy on ext4,ext4,ext4,compatible_reuse,TRANSITION,1.001175,1.0414232,,True,7,7,0,0,env:7a9cda66bc6b151a7886,synthetic,FS-002,filesystem_overlay:directory-copy:ext4,filesystem_overlay:directory-copy:ext4
filesystem_overlay,directory-copy on ext4,ext4,ext4,dirty_reset,TRANSITION,0.083196,0.08909399999999999,,True,7,7,0,0,env:7a9cda66bc6b151a7886,synthetic,FS-003,filesystem_overlay:directory-copy:ext4,filesystem_overlay:directory-copy:ext4
filesystem_overlay,directory-copy on ext4,ext4,ext4,exact_hit,TRANSITION,0.080052,0.09351129999999999,,True,7,7,0,0,env:7a9cda66bc6b151a7886,synthetic,FS-004,filesystem_overlay:directory-copy:ext4,filesystem_overlay:directory-copy:ext4
filesystem_overlay,directory-copy on ext4,ext4,ext4,exact_hit,TRANSITION,7.015637,124.3240639,,True,7,7,0,0,env:7a9cda66bc6b151a7886,synthetic,FS-010,filesystem_overlay:directory-copy:ext4,filesystem_overlay:directory-copy:ext4
home_tmp_xdg,isolated HOME/tmp/XDG,cold,v1,artifact_cold,TRANSITION,14.770302,15.0681505,,True,7,7,0,0,env:7a9cda66bc6b151a7886,synthetic,FS-005,,home_tmp_xdg:isolated-template:v1
home_tmp_xdg,isolated HOME/tmp/XDG,v1,v1,dirty_reset,TRANSITION,1.492468,1.6373128,,True,7,7,0,0,env:7a9cda66bc6b151a7886,synthetic,FS-006,home_tmp_xdg:isolated-template:v1,home_tmp_xdg:isolated-template:v1
home_tmp_xdg,isolated HOME/tmp/XDG,v1,v1,dirty_reset,TRANSITION,1.430555,1.4591871,,True,7,7,0,0,env:7a9cda66bc6b151a7886,synthetic,FS-007,home_tmp_xdg:isolated-template:v1,home_tmp_xdg:isolated-template:v1
home_tmp_xdg,isolated HOME/tmp/XDG,v1,v1,dirty_reset,TRANSITION,1.505378,1.5744539,,True,7,7,0,0,env:7a9cda66bc6b151a7886,synthetic,FS-008,home_tmp_xdg:isolated-template:v1,home_tmp_xdg:isolated-template:v1
home_tmp_xdg,isolated HOME/tmp/XDG,cold,v1,artifact_cold,TRANSITION,14.63684,14.8363015,,True,7,7,0,0,env:7a9cda66bc6b151a7886,synthetic,FS-009,,home_tmp_xdg:isolated-template:v1
home_tmp_xdg,environment block | PATH/env/config hash | build、sanitize、restore,v1,v1,exact_hit,TRANSITION,0.030637,0.0334791,,True,7,7,0,0,env:7a9cda66bc6b151a7886,synthetic,RUN-010,home_tmp_xdg:benchmark:run-010:default,home_tmp_xdg:benchmark:run-010:default
local_registry,registry startup-ready | cold/restart/port conflict,cold,v1,process_cold,PREP,1.631954,1.9085216999999999,,True,7,7,0,0,env:7a9cda66bc6b151a7886,synthetic,REG-001,,local_registry:benchmark:reg-001:default
local_registry,unscoped packument GET | single/concurrent/hit,v1,v1,exact_hit,PREP,3.957923,4.813616499999999,,True,7,7,0,0,env:7a9cda66bc6b151a7886,synthetic,REG-002,local_registry:benchmark:reg-002:default,local_registry:benchmark:reg-002:default
local_registry,scoped packument GET | encoding/single/concurrent,v1,v1,exact_hit,PREP,67.583856,69.9934019,,True,7,7,0,0,env:7a9cda66bc6b151a7886,synthetic,REG-003,local_registry:benchmark:reg-003:default,local_registry:benchmark:reg-003:default
local_registry,local tarball GET | size/concurrency/page-cache,v1,v1,exact_hit,PREP,285.88063,317.474604,,True,7,7,0,0,env:7a9cda66bc6b151a7886,synthetic,REG-004,local_registry:benchmark:reg-004:default,local_registry:benchmark:reg-004:default
local_registry,lock/package URL rewrite | npm JSON、pnpm/Yarn text、large lock,v1,v1,exact_hit,PREP,0.000601,0.0006349999999999999,,True,7,7,0,0,env:7a9cda66bc6b151a7886,synthetic,REG-005,local_registry:benchmark:reg-005:default,local_registry:benchmark:reg-005:default
local_registry,outbound proxy startup | cold/port conflict,cold,v1,process_cold,PREP,0.000601,0.0009749999999999998,,True,7,7,0,0,env:7a9cda66bc6b151a7886,synthetic,REG-006,,local_registry:benchmark:reg-006:default
local_registry,HTTP/CONNECT record-and-block | single/burst/concurrent,cold,v1,failure_path,PREP,0.09877,0.1196351,,True,7,7,0,0,env:7a9cda66bc6b151a7886,synthetic,REG-007,,local_registry:benchmark:reg-007:default
local_registry,expected miss classification | CAS/external/Git/unknown,cold,v1,failure_path,PREP,0.001011,0.0013299999999999998,,True,7,7,0,0,env:7a9cda66bc6b151a7886,synthetic,REG-008,,local_registry:benchmark:reg-008:default
local_registry,connection-refused recovery | Bun observed path,cold,v1,failure_path,PREP,1.065711,1.1061332000000001,,True,7,7,0,0,env:7a9cda66bc6b151a7886,synthetic,REG-009,,local_registry:benchmark:reg-009:default
native_binary_bundle,node-gyp hello addon,cold,1.0.0,artifact_cold,TRANSITION,785.841176,815.7564134,,True,7,7,0,0,env:7a9cda66bc6b151a7886,synthetic,NAT-001,,native_binary_bundle:synthetic:node-addon:abi109
native_binary_bundle,node-gyp hello addon,1.0.0,1.0.0,exact_hit,TRANSITION,116.258813,120.1553073,,True,7,7,0,0,env:7a9cda66bc6b151a7886,synthetic,NAT-002,native_binary_bundle:synthetic:node-addon:abi109,native_binary_bundle:synthetic:node-addon:abi109
native_binary_bundle,@swc/core,1.16.1,1.16.1,exact_hit,TRANSITION,119.866121,122.8902857,,True,7,7,0,0,env:7a9cda66bc6b151a7886,synthetic,NAT-004,native_binary_bundle:synthetic:@swc_core:1.16.1:abi127,native_binary_bundle:synthetic:@swc_core:1.16.1:abi127
native_binary_bundle,esbuild,0.28.2,0.28.2,exact_hit,TRANSITION,121.196444,200.58249359999994,,True,7,7,0,0,env:7a9cda66bc6b151a7886,synthetic,NAT-005,native_binary_bundle:synthetic:esbuild:0.28.2:abi127,native_binary_bundle:synthetic:esbuild:0.28.2:abi127
native_binary_bundle,sharp,0.35.4,0.35.4,exact_hit,TRANSITION,122.819009,126.921438,,True,7,7,0,0,env:7a9cda66bc6b151a7886,synthetic,NAT-006,native_binary_bundle:synthetic:sharp:0.35.4:abi127,native_binary_bundle:synthetic:sharp:0.35.4:abi127
native_binary_bundle,sqlite3,6.0.1,6.0.1,exact_hit,TRANSITION,116.503471,124.43513809999999,,True,7,7,0,0,env:7a9cda66bc6b151a7886,synthetic,NAT-007,native_binary_bundle:synthetic:sqlite3:6.0.1:abi127,native_binary_bundle:synthetic:sqlite3:6.0.1:abi127
native_binary_bundle,node-gyp hello addon,1.0.0,1.0.0,incompatible_switch,TRANSITION,898.706463,938.2624757,native_binary_bundle,True,7,7,0,0,env:7a9cda66bc6b151a7886,synthetic,NAT-010,native_binary_bundle:synthetic:node-addon:abi109,native_binary_bundle:synthetic:node-addon:abi127
network_ports,host loopback ports,cold,v1,compatible_reuse,TRANSITION,0.047462,0.0509774,,True,7,7,0,0,env:7a9cda66bc6b151a7886,synthetic,NET-003,,network_ports:host-loopback:v1
network_ports,host loopback ports,v1,v1,dirty_reset,TRANSITION,0.017667,0.0185454,,True,7,7,0,0,env:7a9cda66bc6b151a7886,synthetic,NET-004,network_ports:host-loopback:v1,network_ports:host-loopback:v1
network_ports,host loopback ports,v1,v1,compatible_reuse,TRANSITION,0.000671,0.0008226999999999999,,True,7,7,0,0,env:7a9cda66bc6b151a7886,synthetic,NET-005,network_ports:host-loopback:v1,network_ports:host-loopback:v1
network_ports,host loopback ports,v1,v1,compatible_reuse,TRANSITION,0.000641,0.000842,,True,7,7,0,0,env:7a9cda66bc6b151a7886,synthetic,NET-006,network_ports:host-loopback:v1,network_ports:host-loopback:v1
network_ports,host loopback ports,cold,v1,network_cold,TRANSITION,185.208092,192.22686109999998,,True,7,7,0,0,env:7a9cda66bc6b151a7886,synthetic,NET-007,,network_ports:host-loopback:v1
network_ports,host loopback ports,v1,v1,dirty_reset,TRANSITION,1.151743,1.2278810999999998,,True,7,7,0,0,env:7a9cda66bc6b151a7886,synthetic,NET-008,network_ports:host-loopback:v1,network_ports:host-loopback:v1
network_ports,host loopback ports,v1,v1,dirty_reset,TRANSITION,101.288048,101.3071109,,True,7,7,0,0,env:7a9cda66bc6b151a7886,synthetic,NET-009,network_ports:host-loopback:v1,network_ports:host-loopback:v1
network_ports,host loopback ports,v1,v1,exact_hit,TRANSITION,0.091889,0.10467539999999999,,True,7,7,0,0,env:7a9cda66bc6b151a7886,synthetic,NET-010,network_ports:host-loopback:v1,network_ports:host-loopback:v1
node_runtime,Node.js,cold,18.19.1,process_cold,TRANSITION,126.513325,130.7254192,,True,7,7,0,0,env:7a9cda66bc6b151a7886,real,RUN-001,,node_runtime:18.19.1:linux:x86_64:glibc:abi109
node_runtime,Node.js,cold,20.19.1,process_cold,TRANSITION,132.305396,145.5591571,,True,7,7,0,0,env:7a9cda66bc6b151a7886,real,RUN-001,,node_runtime:20.19.1:linux:x86_64:glibc:abi115
node_runtime,Node.js,cold,22.23.2,process_cold,TRANSITION,127.671573,134.4321814,,True,7,7,0,0,env:7a9cda66bc6b151a7886,real,RUN-001,,node_runtime:22.23.2:linux:x86_64:glibc:abi127
node_runtime,Node.js,18.19.1,18.19.1,exact_hit,TRANSITION,120.904195,137.4668959,,True,7,7,0,0,env:7a9cda66bc6b151a7886,real,RUN-002,node_runtime:18.19.1:linux:x86_64:glibc:abi109,node_runtime:18.19.1:linux:x86_64:glibc:abi109
node_runtime,Node.js,20.19.1,20.19.1,exact_hit,TRANSITION,5.008199,5.403707499999999,,True,7,7,0,0,env:7a9cda66bc6b151a7886,real,RUN-002,node_runtime:20.19.1:linux:x86_64:glibc:abi115,node_runtime:20.19.1:linux:x86_64:glibc:abi115
node_runtime,Node.js,22.23.2,22.23.2,exact_hit,TRANSITION,112.054731,122.2716781,,True,7,7,0,0,env:7a9cda66bc6b151a7886,real,RUN-002,node_runtime:22.23.2:linux:x86_64:glibc:abi127,node_runtime:22.23.2:linux:x86_64:glibc:abi127
node_runtime,Node.js,cold,18.19.1,process_cold,TRANSITION,118.99691,134.3744423,,True,7,7,0,0,env:7a9cda66bc6b151a7886,real,RUN-003,,node_runtime:18.19.1:linux:x86_64:glibc:abi109
node_runtime,Node.js,cold,20.19.1,process_cold,TRANSITION,119.044761,126.01399169999999,,True,7,7,0,0,env:7a9cda66bc6b151a7886,real,RUN-003,,node_runtime:20.19.1:linux:x86_64:glibc:abi115
node_runtime,Node.js,cold,22.23.2,process_cold,TRANSITION,123.29248,125.8879653,,True,7,7,0,0,env:7a9cda66bc6b151a7886,real,RUN-003,,node_runtime:22.23.2:linux:x86_64:glibc:abi127
node_runtime,Node.js,18.19.1,18.19.1,exact_hit,TRANSITION,121.295858,138.72215110000002,,True,7,7,0,0,env:7a9cda66bc6b151a7886,real,RUN-004,node_runtime:18.19.1:linux:x86_64:glibc:abi109,node_runtime:18.19.1:linux:x86_64:glibc:abi109
node_runtime,Node.js,18.19.1,20.19.1,incompatible_switch,TRANSITION,121.315857,125.1564939,build_cache;dependency_view;native_binary_bundle;test_transform_cache,True,7,7,0,0,env:7a9cda66bc6b151a7886,real,RUN-004,node_runtime:18.19.1:linux:x86_64:glibc:abi109,node_runtime:20.19.1:linux:x86_64:glibc:abi115
node_runtime,Node.js,18.19.1,22.23.2,incompatible_switch,TRANSITION,120.550133,133.0180192,build_cache;dependency_view;native_binary_bundle;test_transform_cache,True,7,7,0,0,env:7a9cda66bc6b151a7886,real,RUN-004,node_runtime:18.19.1:linux:x86_64:glibc:abi109,node_runtime:22.23.2:linux:x86_64:glibc:abi127
node_runtime,Node.js,20.19.1,18.19.1,incompatible_switch,TRANSITION,118.769872,129.3745713,build_cache;dependency_view;native_binary_bundle;test_transform_cache,True,7,7,0,0,env:7a9cda66bc6b151a7886,real,RUN-004,node_runtime:20.19.1:linux:x86_64:glibc:abi115,node_runtime:18.19.1:linux:x86_64:glibc:abi109
node_runtime,Node.js,20.19.1,20.19.1,exact_hit,TRANSITION,120.983938,122.39086,,True,7,7,0,0,env:7a9cda66bc6b151a7886,real,RUN-004,node_runtime:20.19.1:linux:x86_64:glibc:abi115,node_runtime:20.19.1:linux:x86_64:glibc:abi115
node_runtime,Node.js,20.19.1,22.23.2,incompatible_switch,TRANSITION,129.184258,137.23787850000002,build_cache;dependency_view;native_binary_bundle;test_transform_cache,True,7,7,0,0,env:7a9cda66bc6b151a7886,real,RUN-004,node_runtime:20.19.1:linux:x86_64:glibc:abi115,node_runtime:22.23.2:linux:x86_64:glibc:abi127
node_runtime,Node.js,22.23.2,18.19.1,incompatible_switch,TRANSITION,119.646227,123.9647528,build_cache;dependency_view;native_binary_bundle;test_transform_cache,True,7,7,0,0,env:7a9cda66bc6b151a7886,real,RUN-004,node_runtime:22.23.2:linux:x86_64:glibc:abi127,node_runtime:18.19.1:linux:x86_64:glibc:abi109
node_runtime,Node.js,22.23.2,20.19.1,incompatible_switch,TRANSITION,124.883531,130.0814312,build_cache;dependency_view;native_binary_bundle;test_transform_cache,True,7,7,0,0,env:7a9cda66bc6b151a7886,real,RUN-004,node_runtime:22.23.2:linux:x86_64:glibc:abi127,node_runtime:20.19.1:linux:x86_64:glibc:abi115
node_runtime,Node.js,22.23.2,22.23.2,exact_hit,TRANSITION,123.274051,127.28314449999999,,True,7,7,0,0,env:7a9cda66bc6b151a7886,real,RUN-004,node_runtime:22.23.2:linux:x86_64:glibc:abi127,node_runtime:22.23.2:linux:x86_64:glibc:abi127
node_runtime,Java/JVM | JDK+JVM args | JVM、Gradle daemon attach/switch,cold,v1,process_cold,TRANSITION,121.17982,130.9591066,,True,7,7,0,0,env:7a9cda66bc6b151a7886,synthetic,RUN-007,,node_runtime:benchmark:run-007:default
node_runtime,Python | exact+venv/site hash | interpreter、venv switch,cold,v1,process_cold,TRANSITION,122.337677,129.26890210000002,,True,7,7,0,0,env:7a9cda66bc6b151a7886,synthetic,RUN-008,,node_runtime:benchmark:run-008:default
node_runtime,shell | bash/dash+env | process、login/non-login,cold,v1,process_cold,TRANSITION,122.003933,130.02100439999998,,True,7,7,0,0,env:7a9cda66bc6b151a7886,synthetic,RUN-009,,node_runtime:benchmark:run-009:default
package_manager,npm,10.9.8,10.9.8,exact_hit,TRANSITION,119.893739,139.4523428,,True,7,7,0,0,env:7a9cda66bc6b151a7886,real,PM-001,package_manager:npm:default:10.9.8:linux:x86_64,package_manager:npm:default:10.9.8:linux:x86_64
package_manager,pnpm,10.17.1,10.17.1,exact_hit,TRANSITION,349.785267,363.5753782,,True,7,7,0,0,env:7a9cda66bc6b151a7886,real,PM-002,package_manager:pnpm:default:10.17.1:linux:x86_64,package_manager:pnpm:default:10.17.1:linux:x86_64
package_manager,pnpm,10.27.0,10.27.0,exact_hit,TRANSITION,362.794696,374.1647544,,True,7,7,0,0,env:7a9cda66bc6b151a7886,real,PM-002,package_manager:pnpm:default:10.27.0:linux:x86_64,package_manager:pnpm:default:10.27.0:linux:x86_64
package_manager,pnpm,10.28.2,10.28.2,exact_hit,TRANSITION,355.050318,372.7597023,,True,7,7,0,0,env:7a9cda66bc6b151a7886,real,PM-002,package_manager:pnpm:default:10.28.2:linux:x86_64,package_manager:pnpm:default:10.28.2:linux:x86_64
package_manager,pnpm,10.34.5,10.34.5,exact_hit,TRANSITION,369.469086,477.19381039999996,,True,7,7,0,0,env:7a9cda66bc6b151a7886,real,PM-002,package_manager:pnpm:default:10.34.5:linux:x86_64,package_manager:pnpm:default:10.34.5:linux:x86_64
package_manager,pnpm,10.4.0,10.4.0,exact_hit,TRANSITION,352.981129,370.3465514,,True,7,7,0,0,env:7a9cda66bc6b151a7886,real,PM-002,package_manager:pnpm:default:10.4.0:linux:x86_64,package_manager:pnpm:default:10.4.0:linux:x86_64
package_manager,pnpm,11.24.0,11.24.0,exact_hit,TRANSITION,618.79219,664.9673506,,True,7,7,0,0,env:7a9cda66bc6b151a7886,real,PM-002,package_manager:pnpm:default:11.24.0:linux:x86_64,package_manager:pnpm:default:11.24.0:linux:x86_64
package_manager,pnpm,9.12.2,9.12.2,exact_hit,TRANSITION,524.667199,528.5669819,,True,7,7,0,0,env:7a9cda66bc6b151a7886,real,PM-002,package_manager:pnpm:default:9.12.2:linux:x86_64,package_manager:pnpm:default:9.12.2:linux:x86_64
package_manager,pnpm,9.15.0,9.15.0,exact_hit,TRANSITION,402.036191,492.81542049999996,,True,7,7,0,0,env:7a9cda66bc6b151a7886,real,PM-002,package_manager:pnpm:default:9.15.0:linux:x86_64,package_manager:pnpm:default:9.15.0:linux:x86_64
package_manager,pnpm,9.15.4,9.15.4,exact_hit,TRANSITION,353.254592,433.93884639999993,,True,7,7,0,0,env:7a9cda66bc6b151a7886,real,PM-002,package_manager:pnpm:default:9.15.4:linux:x86_64,package_manager:pnpm:default:9.15.4:linux:x86_64
package_manager,pnpm,9.15.5,9.15.5,exact_hit,TRANSITION,351.711394,361.539036,,True,7,7,0,0,env:7a9cda66bc6b151a7886,real,PM-002,package_manager:pnpm:default:9.15.5:linux:x86_64,package_manager:pnpm:default:9.15.5:linux:x86_64
package_manager,pnpm,9.4.0,9.4.0,exact_hit,TRANSITION,241.561584,259.1871162,,True,7,7,0,0,env:7a9cda66bc6b151a7886,real,PM-002,package_manager:pnpm:default:9.4.0:linux:x86_64,package_manager:pnpm:default:9.4.0:linux:x86_64
package_manager,yarn,1.22.21,1.22.21,exact_hit,TRANSITION,234.744893,243.2458298,,True,7,7,0,0,env:7a9cda66bc6b151a7886,real,PM-003,package_manager:yarn:classic:1.22.21:linux:x86_64,package_manager:yarn:classic:1.22.21:linux:x86_64
package_manager,yarn,1.22.22,1.22.22,exact_hit,TRANSITION,233.559284,250.8953192,,True,7,7,0,0,env:7a9cda66bc6b151a7886,real,PM-003,package_manager:yarn:classic:1.22.22:linux:x86_64,package_manager:yarn:classic:1.22.22:linux:x86_64
package_manager,yarn,3.2.3,3.2.3,exact_hit,TRANSITION,241.232308,251.8875812,,True,7,7,0,0,env:7a9cda66bc6b151a7886,real,PM-004,package_manager:yarn:berry:3.2.3:linux:x86_64,package_manager:yarn:berry:3.2.3:linux:x86_64
package_manager,yarn,3.8.7,3.8.7,exact_hit,TRANSITION,230.531346,251.0826382,,True,7,7,0,0,env:7a9cda66bc6b151a7886,real,PM-004,package_manager:yarn:berry:3.8.7:linux:x86_64,package_manager:yarn:berry:3.8.7:linux:x86_64
package_manager,yarn,4.0.2,4.0.2,exact_hit,TRANSITION,245.481947,330.56996029999993,,True,7,7,0,0,env:7a9cda66bc6b151a7886,real,PM-004,package_manager:yarn:berry:4.0.2:linux:x86_64,package_manager:yarn:berry:4.0.2:linux:x86_64
package_manager,yarn,4.10.3,4.10.3,exact_hit,TRANSITION,230.19502,242.8207821,,True,7,7,0,0,env:7a9cda66bc6b151a7886,real,PM-004,package_manager:yarn:berry:4.10.3:linux:x86_64,package_manager:yarn:berry:4.10.3:linux:x86_64
package_manager,yarn,4.12.0,4.12.0,exact_hit,TRANSITION,245.267672,251.7412736,,True,7,7,0,0,env:7a9cda66bc6b151a7886,real,PM-004,package_manager:yarn:berry:4.12.0:linux:x86_64,package_manager:yarn:berry:4.12.0:linux:x86_64
package_manager,yarn,4.9.1,4.9.1,exact_hit,TRANSITION,230.325542,243.87418739999998,,True,7,7,0,0,env:7a9cda66bc6b151a7886,real,PM-004,package_manager:yarn:berry:4.9.1:linux:x86_64,package_manager:yarn:berry:4.9.1:linux:x86_64
package_manager,bun,1.2.18,1.2.18,exact_hit,TRANSITION,3.225042,3.3744123999999998,,True,7,7,0,0,env:7a9cda66bc6b151a7886,real,PM-005,package_manager:bun:default:1.2.18:linux:x86_64,package_manager:bun:default:1.2.18:linux:x86_64
package_manager,bun,1.3.7,1.3.7,exact_hit,TRANSITION,3.448202,3.6213607,,True,7,7,0,0,env:7a9cda66bc6b151a7886,real,PM-005,package_manager:bun:default:1.3.7:linux:x86_64,package_manager:bun:default:1.3.7:linux:x86_64
package_manager,pnpm,cold,10.17.1,artifact_cold,TRANSITION,755.362826,814.3422167,,True,7,7,0,0,env:7a9cda66bc6b151a7886,real,PM-007,,package_manager:pnpm:default:10.17.1:linux:x86_64
package_manager,bun,1.2.18,1.2.18,exact_hit,TRANSITION,3.880628,5.215988299999999,,True,7,7,0,0,env:7a9cda66bc6b151a7886,real,PM-008,package_manager:bun:default:1.2.18:linux:x86_64,package_manager:bun:default:1.2.18:linux:x86_64
package_manager,bun,1.2.18,1.3.7,incompatible_switch,TRANSITION,3.663458,4.477927299999999,dependency_view;pm_native_cache,True,7,7,0,0,env:7a9cda66bc6b151a7886,real,PM-008,package_manager:bun:default:1.2.18:linux:x86_64,package_manager:bun:default:1.3.7:linux:x86_64
package_manager,bun,1.3.7,1.2.18,incompatible_switch,TRANSITION,3.688146,5.698724599999999,dependency_view;pm_native_cache,True,7,7,0,0,env:7a9cda66bc6b151a7886,real,PM-008,package_manager:bun:default:1.3.7:linux:x86_64,package_manager:bun:default:1.2.18:linux:x86_64
package_manager,bun,1.3.7,1.3.7,exact_hit,TRANSITION,4.061634,6.255099999999998,,True,7,7,0,0,env:7a9cda66bc6b151a7886,real,PM-008,package_manager:bun:default:1.3.7:linux:x86_64,package_manager:bun:default:1.3.7:linux:x86_64
package_manager,npm,10.9.8,10.9.8,exact_hit,TRANSITION,134.137898,135.4927492,,True,7,7,0,0,env:7a9cda66bc6b151a7886,real,PM-008,package_manager:npm:default:10.9.8:linux:x86_64,package_manager:npm:default:10.9.8:linux:x86_64
package_manager,pnpm,10.17.1,10.17.1,exact_hit,TRANSITION,400.036911,425.41252369999995,,True,7,7,0,0,env:7a9cda66bc6b151a7886,real,PM-008,package_manager:pnpm:default:10.17.1:linux:x86_64,package_manager:pnpm:default:10.17.1:linux:x86_64
package_manager,pnpm,10.17.1,10.27.0,incompatible_switch,TRANSITION,360.155646,368.2084641,dependency_view;pm_native_cache,True,7,7,0,0,env:7a9cda66bc6b151a7886,real,PM-008,package_manager:pnpm:default:10.17.1:linux:x86_64,package_manager:pnpm:default:10.27.0:linux:x86_64
package_manager,pnpm,10.17.1,10.28.2,incompatible_switch,TRANSITION,375.131311,403.3737435,dependency_view;pm_native_cache,True,7,7,0,0,env:7a9cda66bc6b151a7886,real,PM-008,package_manager:pnpm:default:10.17.1:linux:x86_64,package_manager:pnpm:default:10.28.2:linux:x86_64
package_manager,pnpm,10.17.1,10.34.5,incompatible_switch,TRANSITION,452.924729,461.7392024,dependency_view;pm_native_cache,True,7,7,0,0,env:7a9cda66bc6b151a7886,real,PM-008,package_manager:pnpm:default:10.17.1:linux:x86_64,package_manager:pnpm:default:10.34.5:linux:x86_64
package_manager,pnpm,10.17.1,10.4.0,incompatible_switch,TRANSITION,351.559969,359.1568163,dependency_view;pm_native_cache,True,7,7,0,0,env:7a9cda66bc6b151a7886,real,PM-008,package_manager:pnpm:default:10.17.1:linux:x86_64,package_manager:pnpm:default:10.4.0:linux:x86_64
package_manager,pnpm,10.17.1,11.24.0,incompatible_switch,TRANSITION,590.377956,623.1361792,dependency_view;pm_native_cache,True,7,7,0,0,env:7a9cda66bc6b151a7886,real,PM-008,package_manager:pnpm:default:10.17.1:linux:x86_64,package_manager:pnpm:default:11.24.0:linux:x86_64
package_manager,pnpm,10.17.1,9.12.2,incompatible_switch,TRANSITION,377.538483,412.72899429999995,dependency_view;pm_native_cache,True,7,7,0,0,env:7a9cda66bc6b151a7886,real,PM-008,package_manager:pnpm:default:10.17.1:linux:x86_64,package_manager:pnpm:default:9.12.2:linux:x86_64
package_manager,pnpm,10.17.1,9.15.0,incompatible_switch,TRANSITION,348.812518,449.0460139999999,dependency_view;pm_native_cache,True,7,7,0,0,env:7a9cda66bc6b151a7886,real,PM-008,package_manager:pnpm:default:10.17.1:linux:x86_64,package_manager:pnpm:default:9.15.0:linux:x86_64
package_manager,pnpm,10.17.1,9.15.4,incompatible_switch,TRANSITION,348.471807,350.32584,dependency_view;pm_native_cache,True,7,7,0,0,env:7a9cda66bc6b151a7886,real,PM-008,package_manager:pnpm:default:10.17.1:linux:x86_64,package_manager:pnpm:default:9.15.4:linux:x86_64
package_manager,pnpm,10.17.1,9.15.5,incompatible_switch,TRANSITION,359.876485,372.1984873,dependency_view;pm_native_cache,True,7,7,0,0,env:7a9cda66bc6b151a7886,real,PM-008,package_manager:pnpm:default:10.17.1:linux:x86_64,package_manager:pnpm:default:9.15.5:linux:x86_64
package_manager,pnpm,10.17.1,9.4.0,incompatible_switch,TRANSITION,265.566363,288.0092292,dependency_view;pm_native_cache,True,7,7,0,0,env:7a9cda66bc6b151a7886,real,PM-008,package_manager:pnpm:default:10.17.1:linux:x86_64,package_manager:pnpm:default:9.4.0:linux:x86_64
package_manager,pnpm,10.27.0,10.17.1,incompatible_switch,TRANSITION,396.403366,413.4920958,dependency_view;pm_native_cache,True,7,7,0,0,env:7a9cda66bc6b151a7886,real,PM-008,package_manager:pnpm:default:10.27.0:linux:x86_64,package_manager:pnpm:default:10.17.1:linux:x86_64
package_manager,pnpm,10.27.0,10.27.0,exact_hit,TRANSITION,346.702405,372.459658,,True,7,7,0,0,env:7a9cda66bc6b151a7886,real,PM-008,package_manager:pnpm:default:10.27.0:linux:x86_64,package_manager:pnpm:default:10.27.0:linux:x86_64
package_manager,pnpm,10.27.0,10.28.2,incompatible_switch,TRANSITION,354.5771,382.6449484,dependency_view;pm_native_cache,True,7,7,0,0,env:7a9cda66bc6b151a7886,real,PM-008,package_manager:pnpm:default:10.27.0:linux:x86_64,package_manager:pnpm:default:10.28.2:linux:x86_64
package_manager,pnpm,10.27.0,10.34.5,incompatible_switch,TRANSITION,460.213326,464.8304147,dependency_view;pm_native_cache,True,7,7,0,0,env:7a9cda66bc6b151a7886,real,PM-008,package_manager:pnpm:default:10.27.0:linux:x86_64,package_manager:pnpm:default:10.34.5:linux:x86_64
package_manager,pnpm,10.27.0,10.4.0,incompatible_switch,TRANSITION,348.33235,370.5651084,dependency_view;pm_native_cache,True,7,7,0,0,env:7a9cda66bc6b151a7886,real,PM-008,package_manager:pnpm:default:10.27.0:linux:x86_64,package_manager:pnpm:default:10.4.0:linux:x86_64
package_manager,pnpm,10.27.0,11.24.0,incompatible_switch,TRANSITION,572.828954,590.4827386999999,dependency_view;pm_native_cache,True,7,7,0,0,env:7a9cda66bc6b151a7886,real,PM-008,package_manager:pnpm:default:10.27.0:linux:x86_64,package_manager:pnpm:default:11.24.0:linux:x86_64
package_manager,pnpm,10.27.0,9.12.2,incompatible_switch,TRANSITION,352.080897,428.18431889999994,dependency_view;pm_native_cache,True,7,7,0,0,env:7a9cda66bc6b151a7886,real,PM-008,package_manager:pnpm:default:10.27.0:linux:x86_64,package_manager:pnpm:default:9.12.2:linux:x86_64
package_manager,pnpm,10.27.0,9.15.0,incompatible_switch,TRANSITION,348.491562,424.46740059999996,dependency_view;pm_native_cache,True,7,7,0,0,env:7a9cda66bc6b151a7886,real,PM-008,package_manager:pnpm:default:10.27.0:linux:x86_64,package_manager:pnpm:default:9.15.0:linux:x86_64
package_manager,pnpm,10.27.0,9.15.4,incompatible_switch,TRANSITION,358.177261,385.7293588,dependency_view;pm_native_cache,True,7,7,0,0,env:7a9cda66bc6b151a7886,real,PM-008,package_manager:pnpm:default:10.27.0:linux:x86_64,package_manager:pnpm:default:9.15.4:linux:x86_64
package_manager,pnpm,10.27.0,9.15.5,incompatible_switch,TRANSITION,352.749893,400.2627476,dependency_view;pm_native_cache,True,7,7,0,0,env:7a9cda66bc6b151a7886,real,PM-008,package_manager:pnpm:default:10.27.0:linux:x86_64,package_manager:pnpm:default:9.15.5:linux:x86_64
package_manager,pnpm,10.27.0,9.4.0,incompatible_switch,TRANSITION,249.175387,252.6629051,dependency_view;pm_native_cache,True,7,7,0,0,env:7a9cda66bc6b151a7886,real,PM-008,package_manager:pnpm:default:10.27.0:linux:x86_64,package_manager:pnpm:default:9.4.0:linux:x86_64
package_manager,pnpm,10.28.2,10.17.1,incompatible_switch,TRANSITION,362.722603,374.4248542,dependency_view;pm_native_cache,True,7,7,0,0,env:7a9cda66bc6b151a7886,real,PM-008,package_manager:pnpm:default:10.28.2:linux:x86_64,package_manager:pnpm:default:10.17.1:linux:x86_64
package_manager,pnpm,10.28.2,10.27.0,incompatible_switch,TRANSITION,349.704077,356.4871263,dependency_view;pm_native_cache,True,7,7,0,0,env:7a9cda66bc6b151a7886,real,PM-008,package_manager:pnpm:default:10.28.2:linux:x86_64,package_manager:pnpm:default:10.27.0:linux:x86_64
package_manager,pnpm,10.28.2,10.28.2,exact_hit,TRANSITION,339.240121,352.47778289999997,,True,7,7,0,0,env:7a9cda66bc6b151a7886,real,PM-008,package_manager:pnpm:default:10.28.2:linux:x86_64,package_manager:pnpm:default:10.28.2:linux:x86_64
package_manager,pnpm,10.28.2,10.34.5,incompatible_switch,TRANSITION,447.889365,467.203954,dependency_view;pm_native_cache,True,7,7,0,0,env:7a9cda66bc6b151a7886,real,PM-008,package_manager:pnpm:default:10.28.2:linux:x86_64,package_manager:pnpm:default:10.34.5:linux:x86_64
package_manager,pnpm,10.28.2,10.4.0,incompatible_switch,TRANSITION,363.274713,373.177955,dependency_view;pm_native_cache,True,7,7,0,0,env:7a9cda66bc6b151a7886,real,PM-008,package_manager:pnpm:default:10.28.2:linux:x86_64,package_manager:pnpm:default:10.4.0:linux:x86_64
package_manager,pnpm,10.28.2,11.24.0,incompatible_switch,TRANSITION,587.884574,616.0925765,dependency_view;pm_native_cache,True,7,7,0,0,env:7a9cda66bc6b151a7886,real,PM-008,package_manager:pnpm:default:10.28.2:linux:x86_64,package_manager:pnpm:default:11.24.0:linux:x86_64
package_manager,pnpm,10.28.2,9.12.2,incompatible_switch,TRANSITION,367.311011,447.886727,dependency_view;pm_native_cache,True,7,7,0,0,env:7a9cda66bc6b151a7886,real,PM-008,package_manager:pnpm:default:10.28.2:linux:x86_64,package_manager:pnpm:default:9.12.2:linux:x86_64
package_manager,pnpm,10.28.2,9.15.0,incompatible_switch,TRANSITION,349.254995,434.42742389999995,dependency_view;pm_native_cache,True,7,7,0,0,env:7a9cda66bc6b151a7886,real,PM-008,package_manager:pnpm:default:10.28.2:linux:x86_64,package_manager:pnpm:default:9.15.0:linux:x86_64
package_manager,pnpm,10.28.2,9.15.4,incompatible_switch,TRANSITION,388.077475,488.0801909,dependency_view;pm_native_cache,True,7,7,0,0,env:7a9cda66bc6b151a7886,real,PM-008,package_manager:pnpm:default:10.28.2:linux:x86_64,package_manager:pnpm:default:9.15.4:linux:x86_64
package_manager,pnpm,10.28.2,9.15.5,incompatible_switch,TRANSITION,407.080226,431.5592768,dependency_view;pm_native_cache,True,7,7,0,0,env:7a9cda66bc6b151a7886,real,PM-008,package_manager:pnpm:default:10.28.2:linux:x86_64,package_manager:pnpm:default:9.15.5:linux:x86_64
package_manager,pnpm,10.28.2,9.4.0,incompatible_switch,TRANSITION,247.709271,262.0298207,dependency_view;pm_native_cache,True,7,7,0,0,env:7a9cda66bc6b151a7886,real,PM-008,package_manager:pnpm:default:10.28.2:linux:x86_64,package_manager:pnpm:default:9.4.0:linux:x86_64
package_manager,pnpm,10.34.5,10.17.1,incompatible_switch,TRANSITION,368.466179,439.95095879999997,dependency_view;pm_native_cache,True,7,7,0,0,env:7a9cda66bc6b151a7886,real,PM-008,package_manager:pnpm:default:10.34.5:linux:x86_64,package_manager:pnpm:default:10.17.1:linux:x86_64
package_manager,pnpm,10.34.5,10.27.0,incompatible_switch,TRANSITION,364.463304,400.22682949999995,dependency_view;pm_native_cache,True,7,7,0,0,env:7a9cda66bc6b151a7886,real,PM-008,package_manager:pnpm:default:10.34.5:linux:x86_64,package_manager:pnpm:default:10.27.0:linux:x86_64
package_manager,pnpm,10.34.5,10.28.2,incompatible_switch,TRANSITION,370.587652,397.8507922,dependency_view;pm_native_cache,True,7,7,0,0,env:7a9cda66bc6b151a7886,real,PM-008,package_manager:pnpm:default:10.34.5:linux:x86_64,package_manager:pnpm:default:10.28.2:linux:x86_64
package_manager,pnpm,10.34.5,10.34.5,exact_hit,TRANSITION,498.544962,535.153634,,True,7,7,0,0,env:7a9cda66bc6b151a7886,real,PM-008,package_manager:pnpm:default:10.34.5:linux:x86_64,package_manager:pnpm:default:10.34.5:linux:x86_64
package_manager,pnpm,10.34.5,10.4.0,incompatible_switch,TRANSITION,352.924556,435.18203129999995,dependency_view;pm_native_cache,True,7,7,0,0,env:7a9cda66bc6b151a7886,real,PM-008,package_manager:pnpm:default:10.34.5:linux:x86_64,package_manager:pnpm:default:10.4.0:linux:x86_64
package_manager,pnpm,10.34.5,11.24.0,incompatible_switch,TRANSITION,600.308307,630.546823,dependency_view;pm_native_cache,True,7,7,0,0,env:7a9cda66bc6b151a7886,real,PM-008,package_manager:pnpm:default:10.34.5:linux:x86_64,package_manager:pnpm:default:11.24.0:linux:x86_64
package_manager,pnpm,10.34.5,9.12.2,incompatible_switch,TRANSITION,383.607984,453.7016341,dependency_view;pm_native_cache,True,7,7,0,0,env:7a9cda66bc6b151a7886,real,PM-008,package_manager:pnpm:default:10.34.5:linux:x86_64,package_manager:pnpm:default:9.12.2:linux:x86_64
package_manager,pnpm,10.34.5,9.15.0,incompatible_switch,TRANSITION,346.507246,417.17655679999996,dependency_view;pm_native_cache,True,7,7,0,0,env:7a9cda66bc6b151a7886,real,PM-008,package_manager:pnpm:default:10.34.5:linux:x86_64,package_manager:pnpm:default:9.15.0:linux:x86_64
package_manager,pnpm,10.34.5,9.15.4,incompatible_switch,TRANSITION,364.076205,394.1288535,dependency_view;pm_native_cache,True,7,7,0,0,env:7a9cda66bc6b151a7886,real,PM-008,package_manager:pnpm:default:10.34.5:linux:x86_64,package_manager:pnpm:default:9.15.4:linux:x86_64
package_manager,pnpm,10.34.5,9.15.5,incompatible_switch,TRANSITION,348.100505,438.7310415999999,dependency_view;pm_native_cache,True,7,7,0,0,env:7a9cda66bc6b151a7886,real,PM-008,package_manager:pnpm:default:10.34.5:linux:x86_64,package_manager:pnpm:default:9.15.5:linux:x86_64
package_manager,pnpm,10.34.5,9.4.0,incompatible_switch,TRANSITION,225.045429,235.4686106,dependency_view;pm_native_cache,True,7,7,0,0,env:7a9cda66bc6b151a7886,real,PM-008,package_manager:pnpm:default:10.34.5:linux:x86_64,package_manager:pnpm:default:9.4.0:linux:x86_64
package_manager,pnpm,10.4.0,10.17.1,incompatible_switch,TRANSITION,342.317931,397.9514107,dependency_view;pm_native_cache,True,7,7,0,0,env:7a9cda66bc6b151a7886,real,PM-008,package_manager:pnpm:default:10.4.0:linux:x86_64,package_manager:pnpm:default:10.17.1:linux:x86_64
package_manager,pnpm,10.4.0,10.27.0,incompatible_switch,TRANSITION,347.60546,350.7264492,dependency_view;pm_native_cache,True,7,7,0,0,env:7a9cda66bc6b151a7886,real,PM-008,package_manager:pnpm:default:10.4.0:linux:x86_64,package_manager:pnpm:default:10.27.0:linux:x86_64
package_manager,pnpm,10.4.0,10.28.2,incompatible_switch,TRANSITION,345.703501,350.9897752,dependency_view;pm_native_cache,True,7,7,0,0,env:7a9cda66bc6b151a7886,real,PM-008,package_manager:pnpm:default:10.4.0:linux:x86_64,package_manager:pnpm:default:10.28.2:linux:x86_64
package_manager,pnpm,10.4.0,10.34.5,incompatible_switch,TRANSITION,518.349871,527.6914562,dependency_view;pm_native_cache,True,7,7,0,0,env:7a9cda66bc6b151a7886,real,PM-008,package_manager:pnpm:default:10.4.0:linux:x86_64,package_manager:pnpm:default:10.34.5:linux:x86_64
package_manager,pnpm,10.4.0,10.4.0,exact_hit,TRANSITION,422.691998,597.3671308999999,,True,7,7,0,0,env:7a9cda66bc6b151a7886,real,PM-008,package_manager:pnpm:default:10.4.0:linux:x86_64,package_manager:pnpm:default:10.4.0:linux:x86_64
package_manager,pnpm,10.4.0,11.24.0,incompatible_switch,TRANSITION,656.411602,692.6397382,dependency_view;pm_native_cache,True,7,7,0,0,env:7a9cda66bc6b151a7886,real,PM-008,package_manager:pnpm:default:10.4.0:linux:x86_64,package_manager:pnpm:default:11.24.0:linux:x86_64
package_manager,pnpm,10.4.0,9.12.2,incompatible_switch,TRANSITION,378.525703,462.05588489999997,dependency_view;pm_native_cache,True,7,7,0,0,env:7a9cda66bc6b151a7886,real,PM-008,package_manager:pnpm:default:10.4.0:linux:x86_64,package_manager:pnpm:default:9.12.2:linux:x86_64
package_manager,pnpm,10.4.0,9.15.0,incompatible_switch,TRANSITION,343.52613,494.0201573,dependency_view;pm_native_cache,True,7,7,0,0,env:7a9cda66bc6b151a7886,real,PM-008,package_manager:pnpm:default:10.4.0:linux:x86_64,package_manager:pnpm:default:9.15.0:linux:x86_64
package_manager,pnpm,10.4.0,9.15.4,incompatible_switch,TRANSITION,424.787253,434.3118222,dependency_view;pm_native_cache,True,7,7,0,0,env:7a9cda66bc6b151a7886,real,PM-008,package_manager:pnpm:default:10.4.0:linux:x86_64,package_manager:pnpm:default:9.15.4:linux:x86_64
package_manager,pnpm,10.4.0,9.15.5,incompatible_switch,TRANSITION,388.728185,439.7893322,dependency_view;pm_native_cache,True,7,7,0,0,env:7a9cda66bc6b151a7886,real,PM-008,package_manager:pnpm:default:10.4.0:linux:x86_64,package_manager:pnpm:default:9.15.5:linux:x86_64
package_manager,pnpm,10.4.0,9.4.0,incompatible_switch,TRANSITION,262.891685,271.9422846,dependency_view;pm_native_cache,True,7,7,0,0,env:7a9cda66bc6b151a7886,real,PM-008,package_manager:pnpm:default:10.4.0:linux:x86_64,package_manager:pnpm:default:9.4.0:linux:x86_64
package_manager,pnpm,11.24.0,10.17.1,incompatible_switch,TRANSITION,367.574358,396.58496,dependency_view;pm_native_cache,True,7,7,0,0,env:7a9cda66bc6b151a7886,real,PM-008,package_manager:pnpm:default:11.24.0:linux:x86_64,package_manager:pnpm:default:10.17.1:linux:x86_64
package_manager,pnpm,11.24.0,10.27.0,incompatible_switch,TRANSITION,374.818101,413.2444403,dependency_view;pm_native_cache,True,7,7,0,0,env:7a9cda66bc6b151a7886,real,PM-008,package_manager:pnpm:default:11.24.0:linux:x86_64,package_manager:pnpm:default:10.27.0:linux:x86_64
package_manager,pnpm,11.24.0,10.28.2,incompatible_switch,TRANSITION,380.473261,398.7386683,dependency_view;pm_native_cache,True,7,7,0,0,env:7a9cda66bc6b151a7886,real,PM-008,package_manager:pnpm:default:11.24.0:linux:x86_64,package_manager:pnpm:default:10.28.2:linux:x86_64
package_manager,pnpm,11.24.0,10.34.5,incompatible_switch,TRANSITION,379.634798,403.6143793,dependency_view;pm_native_cache,True,7,7,0,0,env:7a9cda66bc6b151a7886,real,PM-008,package_manager:pnpm:default:11.24.0:linux:x86_64,package_manager:pnpm:default:10.34.5:linux:x86_64
package_manager,pnpm,11.24.0,10.4.0,incompatible_switch,TRANSITION,373.119673,436.24263169999995,dependency_view;pm_native_cache,True,7,7,0,0,env:7a9cda66bc6b151a7886,real,PM-008,package_manager:pnpm:default:11.24.0:linux:x86_64,package_manager:pnpm:default:10.4.0:linux:x86_64
package_manager,pnpm,11.24.0,11.24.0,exact_hit,TRANSITION,612.664481,640.6553355,,True,7,7,0,0,env:7a9cda66bc6b151a7886,real,PM-008,package_manager:pnpm:default:11.24.0:linux:x86_64,package_manager:pnpm:default:11.24.0:linux:x86_64
package_manager,pnpm,11.24.0,9.12.2,incompatible_switch,TRANSITION,427.108393,485.75298439999995,dependency_view;pm_native_cache,True,7,7,0,0,env:7a9cda66bc6b151a7886,real,PM-008,package_manager:pnpm:default:11.24.0:linux:x86_64,package_manager:pnpm:default:9.12.2:linux:x86_64
package_manager,pnpm,11.24.0,9.15.0,incompatible_switch,TRANSITION,396.315718,409.8162347,dependency_view;pm_native_cache,True,7,7,0,0,env:7a9cda66bc6b151a7886,real,PM-008,package_manager:pnpm:default:11.24.0:linux:x86_64,package_manager:pnpm:default:9.15.0:linux:x86_64
package_manager,pnpm,11.24.0,9.15.4,incompatible_switch,TRANSITION,384.425322,451.7042080999999,dependency_view;pm_native_cache,True,7,7,0,0,env:7a9cda66bc6b151a7886,real,PM-008,package_manager:pnpm:default:11.24.0:linux:x86_64,package_manager:pnpm:default:9.15.4:linux:x86_64
package_manager,pnpm,11.24.0,9.15.5,incompatible_switch,TRANSITION,379.984994,399.68170330000004,dependency_view;pm_native_cache,True,7,7,0,0,env:7a9cda66bc6b151a7886,real,PM-008,package_manager:pnpm:default:11.24.0:linux:x86_64,package_manager:pnpm:default:9.15.5:linux:x86_64
package_manager,pnpm,11.24.0,9.4.0,incompatible_switch,TRANSITION,260.604716,279.086571,dependency_view;pm_native_cache,True,7,7,0,0,env:7a9cda66bc6b151a7886,real,PM-008,package_manager:pnpm:default:11.24.0:linux:x86_64,package_manager:pnpm:default:9.4.0:linux:x86_64
package_manager,pnpm,9.12.2,10.17.1,incompatible_switch,TRANSITION,370.138981,397.4199132,dependency_view;pm_native_cache,True,7,7,0,0,env:7a9cda66bc6b151a7886,real,PM-008,package_manager:pnpm:default:9.12.2:linux:x86_64,package_manager:pnpm:default:10.17.1:linux:x86_64
package_manager,pnpm,9.12.2,10.27.0,incompatible_switch,TRANSITION,374.220537,389.008646,dependency_view;pm_native_cache,True,7,7,0,0,env:7a9cda66bc6b151a7886,real,PM-008,package_manager:pnpm:default:9.12.2:linux:x86_64,package_manager:pnpm:default:10.27.0:linux:x86_64
package_manager,pnpm,9.12.2,10.28.2,incompatible_switch,TRANSITION,384.326682,401.6845224,dependency_view;pm_native_cache,True,7,7,0,0,env:7a9cda66bc6b151a7886,real,PM-008,package_manager:pnpm:default:9.12.2:linux:x86_64,package_manager:pnpm:default:10.28.2:linux:x86_64
package_manager,pnpm,9.12.2,10.34.5,incompatible_switch,TRANSITION,388.743571,499.64868459999997,dependency_view;pm_native_cache,True,7,7,0,0,env:7a9cda66bc6b151a7886,real,PM-008,package_manager:pnpm:default:9.12.2:linux:x86_64,package_manager:pnpm:default:10.34.5:linux:x86_64
package_manager,pnpm,9.12.2,10.4.0,incompatible_switch,TRANSITION,360.819917,371.78785719999996,dependency_view;pm_native_cache,True,7,7,0,0,env:7a9cda66bc6b151a7886,real,PM-008,package_manager:pnpm:default:9.12.2:linux:x86_64,package_manager:pnpm:default:10.4.0:linux:x86_64
package_manager,pnpm,9.12.2,11.24.0,incompatible_switch,TRANSITION,565.319429,619.4528372,dependency_view;pm_native_cache,True,7,7,0,0,env:7a9cda66bc6b151a7886,real,PM-008,package_manager:pnpm:default:9.12.2:linux:x86_64,package_manager:pnpm:default:11.24.0:linux:x86_64
package_manager,pnpm,9.12.2,9.12.2,exact_hit,TRANSITION,489.19208,524.415846,,True,7,7,0,0,env:7a9cda66bc6b151a7886,real,PM-008,package_manager:pnpm:default:9.12.2:linux:x86_64,package_manager:pnpm:default:9.12.2:linux:x86_64
package_manager,pnpm,9.12.2,9.15.0,incompatible_switch,TRANSITION,405.065589,507.71927809999994,dependency_view;pm_native_cache,True,7,7,0,0,env:7a9cda66bc6b151a7886,real,PM-008,package_manager:pnpm:default:9.12.2:linux:x86_64,package_manager:pnpm:default:9.15.0:linux:x86_64
package_manager,pnpm,9.12.2,9.15.4,incompatible_switch,TRANSITION,352.963587,380.7513317,dependency_view;pm_native_cache,True,7,7,0,0,env:7a9cda66bc6b151a7886,real,PM-008,package_manager:pnpm:default:9.12.2:linux:x86_64,package_manager:pnpm:default:9.15.4:linux:x86_64
package_manager,pnpm,9.12.2,9.15.5,incompatible_switch,TRANSITION,414.090367,477.9186349,dependency_view;pm_native_cache,True,7,7,0,0,env:7a9cda66bc6b151a7886,real,PM-008,package_manager:pnpm:default:9.12.2:linux:x86_64,package_manager:pnpm:default:9.15.5:linux:x86_64
package_manager,pnpm,9.12.2,9.4.0,incompatible_switch,TRANSITION,237.968104,254.364296,dependency_view;pm_native_cache,True,7,7,0,0,env:7a9cda66bc6b151a7886,real,PM-008,package_manager:pnpm:default:9.12.2:linux:x86_64,package_manager:pnpm:default:9.4.0:linux:x86_64
package_manager,pnpm,9.15.0,10.17.1,incompatible_switch,TRANSITION,369.509058,377.9304611,dependency_view;pm_native_cache,True,7,7,0,0,env:7a9cda66bc6b151a7886,real,PM-008,package_manager:pnpm:default:9.15.0:linux:x86_64,package_manager:pnpm:default:10.17.1:linux:x86_64
package_manager,pnpm,9.15.0,10.27.0,incompatible_switch,TRANSITION,359.147872,395.53138429999996,dependency_view;pm_native_cache,True,7,7,0,0,env:7a9cda66bc6b151a7886,real,PM-008,package_manager:pnpm:default:9.15.0:linux:x86_64,package_manager:pnpm:default:10.27.0:linux:x86_64
package_manager,pnpm,9.15.0,10.28.2,incompatible_switch,TRANSITION,365.063371,395.94444799999997,dependency_view;pm_native_cache,True,7,7,0,0,env:7a9cda66bc6b151a7886,real,PM-008,package_manager:pnpm:default:9.15.0:linux:x86_64,package_manager:pnpm:default:10.28.2:linux:x86_64
package_manager,pnpm,9.15.0,10.34.5,incompatible_switch,TRANSITION,441.490734,471.07723280000005,dependency_view;pm_native_cache,True,7,7,0,0,env:7a9cda66bc6b151a7886,real,PM-008,package_manager:pnpm:default:9.15.0:linux:x86_64,package_manager:pnpm:default:10.34.5:linux:x86_64
package_manager,pnpm,9.15.0,10.4.0,incompatible_switch,TRANSITION,368.004176,381.0685633,dependency_view;pm_native_cache,True,7,7,0,0,env:7a9cda66bc6b151a7886,real,PM-008,package_manager:pnpm:default:9.15.0:linux:x86_64,package_manager:pnpm:default:10.4.0:linux:x86_64
package_manager,pnpm,9.15.0,11.24.0,incompatible_switch,TRANSITION,601.349605,635.7579755,dependency_view;pm_native_cache,True,7,7,0,0,env:7a9cda66bc6b151a7886,real,PM-008,package_manager:pnpm:default:9.15.0:linux:x86_64,package_manager:pnpm:default:11.24.0:linux:x86_64
package_manager,pnpm,9.15.0,9.12.2,incompatible_switch,TRANSITION,372.821338,453.40878619999995,dependency_view;pm_native_cache,True,7,7,0,0,env:7a9cda66bc6b151a7886,real,PM-008,package_manager:pnpm:default:9.15.0:linux:x86_64,package_manager:pnpm:default:9.12.2:linux:x86_64
package_manager,pnpm,9.15.0,9.15.0,exact_hit,TRANSITION,374.14796,447.39404749999994,,True,7,7,0,0,env:7a9cda66bc6b151a7886,real,PM-008,package_manager:pnpm:default:9.15.0:linux:x86_64,package_manager:pnpm:default:9.15.0:linux:x86_64
package_manager,pnpm,9.15.0,9.15.4,incompatible_switch,TRANSITION,393.639284,411.0948662,dependency_view;pm_native_cache,True,7,7,0,0,env:7a9cda66bc6b151a7886,real,PM-008,package_manager:pnpm:default:9.15.0:linux:x86_64,package_manager:pnpm:default:9.15.4:linux:x86_64
package_manager,pnpm,9.15.0,9.15.5,incompatible_switch,TRANSITION,372.685802,494.89277979999997,dependency_view;pm_native_cache,True,7,7,0,0,env:7a9cda66bc6b151a7886,real,PM-008,package_manager:pnpm:default:9.15.0:linux:x86_64,package_manager:pnpm:default:9.15.5:linux:x86_64
package_manager,pnpm,9.15.0,9.4.0,incompatible_switch,TRANSITION,245.957342,269.3385565,dependency_view;pm_native_cache,True,7,7,0,0,env:7a9cda66bc6b151a7886,real,PM-008,package_manager:pnpm:default:9.15.0:linux:x86_64,package_manager:pnpm:default:9.4.0:linux:x86_64
package_manager,pnpm,9.15.4,10.17.1,incompatible_switch,TRANSITION,384.087617,407.6203388,dependency_view;pm_native_cache,True,7,7,0,0,env:7a9cda66bc6b151a7886,real,PM-008,package_manager:pnpm:default:9.15.4:linux:x86_64,package_manager:pnpm:default:10.17.1:linux:x86_64
package_manager,pnpm,9.15.4,10.27.0,incompatible_switch,TRANSITION,367.409771,388.262172,dependency_view;pm_native_cache,True,7,7,0,0,env:7a9cda66bc6b151a7886,real,PM-008,package_manager:pnpm:default:9.15.4:linux:x86_64,package_manager:pnpm:default:10.27.0:linux:x86_64
package_manager,pnpm,9.15.4,10.28.2,incompatible_switch,TRANSITION,363.025624,376.8836323,dependency_view;pm_native_cache,True,7,7,0,0,env:7a9cda66bc6b151a7886,real,PM-008,package_manager:pnpm:default:9.15.4:linux:x86_64,package_manager:pnpm:default:10.28.2:linux:x86_64
package_manager,pnpm,9.15.4,10.34.5,incompatible_switch,TRANSITION,377.602496,504.84554049999997,dependency_view;pm_native_cache,True,7,7,0,0,env:7a9cda66bc6b151a7886,real,PM-008,package_manager:pnpm:default:9.15.4:linux:x86_64,package_manager:pnpm:default:10.34.5:linux:x86_64
package_manager,pnpm,9.15.4,10.4.0,incompatible_switch,TRANSITION,367.440407,387.6981755,dependency_view;pm_native_cache,True,7,7,0,0,env:7a9cda66bc6b151a7886,real,PM-008,package_manager:pnpm:default:9.15.4:linux:x86_64,package_manager:pnpm:default:10.4.0:linux:x86_64
package_manager,pnpm,9.15.4,11.24.0,incompatible_switch,TRANSITION,604.454751,633.989472,dependency_view;pm_native_cache,True,7,7,0,0,env:7a9cda66bc6b151a7886,real,PM-008,package_manager:pnpm:default:9.15.4:linux:x86_64,package_manager:pnpm:default:11.24.0:linux:x86_64
package_manager,pnpm,9.15.4,9.12.2,incompatible_switch,TRANSITION,480.601197,525.1020674,dependency_view;pm_native_cache,True,7,7,0,0,env:7a9cda66bc6b151a7886,real,PM-008,package_manager:pnpm:default:9.15.4:linux:x86_64,package_manager:pnpm:default:9.12.2:linux:x86_64
package_manager,pnpm,9.15.4,9.15.0,incompatible_switch,TRANSITION,343.355475,381.9703209,dependency_view;pm_native_cache,True,7,7,0,0,env:7a9cda66bc6b151a7886,real,PM-008,package_manager:pnpm:default:9.15.4:linux:x86_64,package_manager:pnpm:default:9.15.0:linux:x86_64
package_manager,pnpm,9.15.4,9.15.4,exact_hit,TRANSITION,372.182334,451.2213376,,True,7,7,0,0,env:7a9cda66bc6b151a7886,real,PM-008,package_manager:pnpm:default:9.15.4:linux:x86_64,package_manager:pnpm:default:9.15.4:linux:x86_64
package_manager,pnpm,9.15.4,9.15.5,incompatible_switch,TRANSITION,381.227726,436.31628319999993,dependency_view;pm_native_cache,True,7,7,0,0,env:7a9cda66bc6b151a7886,real,PM-008,package_manager:pnpm:default:9.15.4:linux:x86_64,package_manager:pnpm:default:9.15.5:linux:x86_64
package_manager,pnpm,9.15.4,9.4.0,incompatible_switch,TRANSITION,238.162512,247.9756764,dependency_view;pm_native_cache,True,7,7,0,0,env:7a9cda66bc6b151a7886,real,PM-008,package_manager:pnpm:default:9.15.4:linux:x86_64,package_manager:pnpm:default:9.4.0:linux:x86_64
package_manager,pnpm,9.15.5,10.17.1,incompatible_switch,TRANSITION,346.636298,361.6175297,dependency_view;pm_native_cache,True,7,7,0,0,env:7a9cda66bc6b151a7886,real,PM-008,package_manager:pnpm:default:9.15.5:linux:x86_64,package_manager:pnpm:default:10.17.1:linux:x86_64
package_manager,pnpm,9.15.5,10.27.0,incompatible_switch,TRANSITION,351.485233,364.643518,dependency_view;pm_native_cache,True,7,7,0,0,env:7a9cda66bc6b151a7886,real,PM-008,package_manager:pnpm:default:9.15.5:linux:x86_64,package_manager:pnpm:default:10.27.0:linux:x86_64
package_manager,pnpm,9.15.5,10.28.2,incompatible_switch,TRANSITION,344.103312,373.7589542,dependency_view;pm_native_cache,True,7,7,0,0,env:7a9cda66bc6b151a7886,real,PM-008,package_manager:pnpm:default:9.15.5:linux:x86_64,package_manager:pnpm:default:10.28.2:linux:x86_64
package_manager,pnpm,9.15.5,10.34.5,incompatible_switch,TRANSITION,448.847303,464.2205122,dependency_view;pm_native_cache,True,7,7,0,0,env:7a9cda66bc6b151a7886,real,PM-008,package_manager:pnpm:default:9.15.5:linux:x86_64,package_manager:pnpm:default:10.34.5:linux:x86_64
package_manager,pnpm,9.15.5,10.4.0,incompatible_switch,TRANSITION,348.85142,519.3189717999999,dependency_view;pm_native_cache,True,7,7,0,0,env:7a9cda66bc6b151a7886,real,PM-008,package_manager:pnpm:default:9.15.5:linux:x86_64,package_manager:pnpm:default:10.4.0:linux:x86_64
package_manager,pnpm,9.15.5,11.24.0,incompatible_switch,TRANSITION,582.726654,621.4158044999999,dependency_view;pm_native_cache,True,7,7,0,0,env:7a9cda66bc6b151a7886,real,PM-008,package_manager:pnpm:default:9.15.5:linux:x86_64,package_manager:pnpm:default:11.24.0:linux:x86_64
package_manager,pnpm,9.15.5,9.12.2,incompatible_switch,TRANSITION,372.184009,485.3407395,dependency_view;pm_native_cache,True,7,7,0,0,env:7a9cda66bc6b151a7886,real,PM-008,package_manager:pnpm:default:9.15.5:linux:x86_64,package_manager:pnpm:default:9.12.2:linux:x86_64
package_manager,pnpm,9.15.5,9.15.0,incompatible_switch,TRANSITION,359.64345,421.9097728,dependency_view;pm_native_cache,True,7,7,0,0,env:7a9cda66bc6b151a7886,real,PM-008,package_manager:pnpm:default:9.15.5:linux:x86_64,package_manager:pnpm:default:9.15.0:linux:x86_64
package_manager,pnpm,9.15.5,9.15.4,incompatible_switch,TRANSITION,385.440522,446.3697582,dependency_view;pm_native_cache,True,7,7,0,0,env:7a9cda66bc6b151a7886,real,PM-008,package_manager:pnpm:default:9.15.5:linux:x86_64,package_manager:pnpm:default:9.15.4:linux:x86_64
package_manager,pnpm,9.15.5,9.15.5,exact_hit,TRANSITION,349.877651,422.33757209999993,,True,7,7,0,0,env:7a9cda66bc6b151a7886,real,PM-008,package_manager:pnpm:default:9.15.5:linux:x86_64,package_manager:pnpm:default:9.15.5:linux:x86_64
package_manager,pnpm,9.15.5,9.4.0,incompatible_switch,TRANSITION,234.033377,245.87654379999998,dependency_view;pm_native_cache,True,7,7,0,0,env:7a9cda66bc6b151a7886,real,PM-008,package_manager:pnpm:default:9.15.5:linux:x86_64,package_manager:pnpm:default:9.4.0:linux:x86_64
package_manager,pnpm,9.4.0,10.17.1,incompatible_switch,TRANSITION,342.335904,350.0985951,dependency_view;pm_native_cache,True,7,7,0,0,env:7a9cda66bc6b151a7886,real,PM-008,package_manager:pnpm:default:9.4.0:linux:x86_64,package_manager:pnpm:default:10.17.1:linux:x86_64
package_manager,pnpm,9.4.0,10.27.0,incompatible_switch,TRANSITION,347.542337,361.4520531,dependency_view;pm_native_cache,True,7,7,0,0,env:7a9cda66bc6b151a7886,real,PM-008,package_manager:pnpm:default:9.4.0:linux:x86_64,package_manager:pnpm:default:10.27.0:linux:x86_64
package_manager,pnpm,9.4.0,10.28.2,incompatible_switch,TRANSITION,345.910551,351.1511539,dependency_view;pm_native_cache,True,7,7,0,0,env:7a9cda66bc6b151a7886,real,PM-008,package_manager:pnpm:default:9.4.0:linux:x86_64,package_manager:pnpm:default:10.28.2:linux:x86_64
package_manager,pnpm,9.4.0,10.34.5,incompatible_switch,TRANSITION,448.743411,467.8963558,dependency_view;pm_native_cache,True,7,7,0,0,env:7a9cda66bc6b151a7886,real,PM-008,package_manager:pnpm:default:9.4.0:linux:x86_64,package_manager:pnpm:default:10.34.5:linux:x86_64
package_manager,pnpm,9.4.0,10.4.0,incompatible_switch,TRANSITION,410.154428,506.3093314,dependency_view;pm_native_cache,True,7,7,0,0,env:7a9cda66bc6b151a7886,real,PM-008,package_manager:pnpm:default:9.4.0:linux:x86_64,package_manager:pnpm:default:10.4.0:linux:x86_64
package_manager,pnpm,9.4.0,11.24.0,incompatible_switch,TRANSITION,633.451729,676.8458814999999,dependency_view;pm_native_cache,True,7,7,0,0,env:7a9cda66bc6b151a7886,real,PM-008,package_manager:pnpm:default:9.4.0:linux:x86_64,package_manager:pnpm:default:11.24.0:linux:x86_64
package_manager,pnpm,9.4.0,9.12.2,incompatible_switch,TRANSITION,355.214591,448.43086489999996,dependency_view;pm_native_cache,True,7,7,0,0,env:7a9cda66bc6b151a7886,real,PM-008,package_manager:pnpm:default:9.4.0:linux:x86_64,package_manager:pnpm:default:9.12.2:linux:x86_64
package_manager,pnpm,9.4.0,9.15.0,incompatible_switch,TRANSITION,356.029049,424.29706519999996,dependency_view;pm_native_cache,True,7,7,0,0,env:7a9cda66bc6b151a7886,real,PM-008,package_manager:pnpm:default:9.4.0:linux:x86_64,package_manager:pnpm:default:9.15.0:linux:x86_64
package_manager,pnpm,9.4.0,9.15.4,incompatible_switch,TRANSITION,339.247407,372.25870269999996,dependency_view;pm_native_cache,True,7,7,0,0,env:7a9cda66bc6b151a7886,real,PM-008,package_manager:pnpm:default:9.4.0:linux:x86_64,package_manager:pnpm:default:9.15.4:linux:x86_64
package_manager,pnpm,9.4.0,9.15.5,incompatible_switch,TRANSITION,341.090171,374.6873706,dependency_view;pm_native_cache,True,7,7,0,0,env:7a9cda66bc6b151a7886,real,PM-008,package_manager:pnpm:default:9.4.0:linux:x86_64,package_manager:pnpm:default:9.15.5:linux:x86_64
package_manager,pnpm,9.4.0,9.4.0,exact_hit,TRANSITION,232.22683,244.5080427,,True,7,7,0,0,env:7a9cda66bc6b151a7886,real,PM-008,package_manager:pnpm:default:9.4.0:linux:x86_64,package_manager:pnpm:default:9.4.0:linux:x86_64
package_manager,yarn,3.2.3,3.2.3,exact_hit,TRANSITION,242.065129,263.6988831,,True,7,7,0,0,env:7a9cda66bc6b151a7886,real,PM-008,package_manager:yarn:berry:3.2.3:linux:x86_64,package_manager:yarn:berry:3.2.3:linux:x86_64
package_manager,yarn,3.2.3,3.8.7,incompatible_switch,TRANSITION,230.793661,334.071481,dependency_view;pm_native_cache,True,7,7,0,0,env:7a9cda66bc6b151a7886,real,PM-008,package_manager:yarn:berry:3.2.3:linux:x86_64,package_manager:yarn:berry:3.8.7:linux:x86_64
package_manager,yarn,3.2.3,4.0.2,incompatible_switch,TRANSITION,228.087738,301.23375079999994,dependency_view;pm_native_cache,True,7,7,0,0,env:7a9cda66bc6b151a7886,real,PM-008,package_manager:yarn:berry:3.2.3:linux:x86_64,package_manager:yarn:berry:4.0.2:linux:x86_64
package_manager,yarn,3.2.3,4.10.3,incompatible_switch,TRANSITION,232.542044,305.4590093999999,dependency_view;pm_native_cache,True,7,7,0,0,env:7a9cda66bc6b151a7886,real,PM-008,package_manager:yarn:berry:3.2.3:linux:x86_64,package_manager:yarn:berry:4.10.3:linux:x86_64
package_manager,yarn,3.2.3,4.12.0,incompatible_switch,TRANSITION,227.093073,248.3415125,dependency_view;pm_native_cache,True,7,7,0,0,env:7a9cda66bc6b151a7886,real,PM-008,package_manager:yarn:berry:3.2.3:linux:x86_64,package_manager:yarn:berry:4.12.0:linux:x86_64
package_manager,yarn,3.2.3,4.9.1,incompatible_switch,TRANSITION,238.236729,250.6061774,dependency_view;pm_native_cache,True,7,7,0,0,env:7a9cda66bc6b151a7886,real,PM-008,package_manager:yarn:berry:3.2.3:linux:x86_64,package_manager:yarn:berry:4.9.1:linux:x86_64
package_manager,yarn,3.2.3,1.22.21,incompatible_switch,TRANSITION,225.986649,238.99293839999999,dependency_view;pm_native_cache,True,7,7,0,0,env:7a9cda66bc6b151a7886,real,PM-008,package_manager:yarn:berry:3.2.3:linux:x86_64,package_manager:yarn:classic:1.22.21:linux:x86_64
package_manager,yarn,3.2.3,1.22.22,incompatible_switch,TRANSITION,254.558528,273.5395405,dependency_view;pm_native_cache,True,7,7,0,0,env:7a9cda66bc6b151a7886,real,PM-008,package_manager:yarn:berry:3.2.3:linux:x86_64,package_manager:yarn:classic:1.22.22:linux:x86_64
package_manager,yarn,3.8.7,3.2.3,incompatible_switch,TRANSITION,376.89945,391.86641050000003,dependency_view;pm_native_cache,True,7,7,0,0,env:7a9cda66bc6b151a7886,real,PM-008,package_manager:yarn:berry:3.8.7:linux:x86_64,package_manager:yarn:berry:3.2.3:linux:x86_64
package_manager,yarn,3.8.7,3.8.7,exact_hit,TRANSITION,274.413188,376.0415615,,True,7,7,0,0,env:7a9cda66bc6b151a7886,real,PM-008,package_manager:yarn:berry:3.8.7:linux:x86_64,package_manager:yarn:berry:3.8.7:linux:x86_64
package_manager,yarn,3.8.7,4.0.2,incompatible_switch,TRANSITION,266.267098,350.1493978,dependency_view;pm_native_cache,True,7,7,0,0,env:7a9cda66bc6b151a7886,real,PM-008,package_manager:yarn:berry:3.8.7:linux:x86_64,package_manager:yarn:berry:4.0.2:linux:x86_64
package_manager,yarn,3.8.7,4.10.3,incompatible_switch,TRANSITION,265.713976,349.2372707999999,dependency_view;pm_native_cache,True,7,7,0,0,env:7a9cda66bc6b151a7886,real,PM-008,package_manager:yarn:berry:3.8.7:linux:x86_64,package_manager:yarn:berry:4.10.3:linux:x86_64
package_manager,yarn,3.8.7,4.12.0,incompatible_switch,TRANSITION,269.444776,360.875278,dependency_view;pm_native_cache,True,7,7,0,0,env:7a9cda66bc6b151a7886,real,PM-008,package_manager:yarn:berry:3.8.7:linux:x86_64,package_manager:yarn:berry:4.12.0:linux:x86_64
package_manager,yarn,3.8.7,4.9.1,incompatible_switch,TRANSITION,335.659747,384.9189742,dependency_view;pm_native_cache,True,7,7,0,0,env:7a9cda66bc6b151a7886,real,PM-008,package_manager:yarn:berry:3.8.7:linux:x86_64,package_manager:yarn:berry:4.9.1:linux:x86_64
package_manager,yarn,3.8.7,1.22.21,incompatible_switch,TRANSITION,237.898551,250.6902544,dependency_view;pm_native_cache,True,7,7,0,0,env:7a9cda66bc6b151a7886,real,PM-008,package_manager:yarn:berry:3.8.7:linux:x86_64,package_manager:yarn:classic:1.22.21:linux:x86_64
package_manager,yarn,3.8.7,1.22.22,incompatible_switch,TRANSITION,234.358726,248.7505124,dependency_view;pm_native_cache,True,7,7,0,0,env:7a9cda66bc6b151a7886,real,PM-008,package_manager:yarn:berry:3.8.7:linux:x86_64,package_manager:yarn:classic:1.22.22:linux:x86_64
package_manager,yarn,4.0.2,3.2.3,incompatible_switch,TRANSITION,246.28743,331.3698255,dependency_view;pm_native_cache,True,7,7,0,0,env:7a9cda66bc6b151a7886,real,PM-008,package_manager:yarn:berry:4.0.2:linux:x86_64,package_manager:yarn:berry:3.2.3:linux:x86_64
package_manager,yarn,4.0.2,3.8.7,incompatible_switch,TRANSITION,245.97425,335.13202240000004,dependency_view;pm_native_cache,True,7,7,0,0,env:7a9cda66bc6b151a7886,real,PM-008,package_manager:yarn:berry:4.0.2:linux:x86_64,package_manager:yarn:berry:3.8.7:linux:x86_64
package_manager,yarn,4.0.2,4.0.2,exact_hit,TRANSITION,227.536539,253.962916,,True,7,7,0,0,env:7a9cda66bc6b151a7886,real,PM-008,package_manager:yarn:berry:4.0.2:linux:x86_64,package_manager:yarn:berry:4.0.2:linux:x86_64
package_manager,yarn,4.0.2,4.10.3,incompatible_switch,TRANSITION,242.285535,335.38851669999997,dependency_view;pm_native_cache,True,7,7,0,0,env:7a9cda66bc6b151a7886,real,PM-008,package_manager:yarn:berry:4.0.2:linux:x86_64,package_manager:yarn:berry:4.10.3:linux:x86_64
package_manager,yarn,4.0.2,4.12.0,incompatible_switch,TRANSITION,234.142472,308.25618469999995,dependency_view;pm_native_cache,True,7,7,0,0,env:7a9cda66bc6b151a7886,real,PM-008,package_manager:yarn:berry:4.0.2:linux:x86_64,package_manager:yarn:berry:4.12.0:linux:x86_64
package_manager,yarn,4.0.2,4.9.1,incompatible_switch,TRANSITION,240.678434,246.0459208,dependency_view;pm_native_cache,True,7,7,0,0,env:7a9cda66bc6b151a7886,real,PM-008,package_manager:yarn:berry:4.0.2:linux:x86_64,package_manager:yarn:berry:4.9.1:linux:x86_64
package_manager,yarn,4.0.2,1.22.21,incompatible_switch,TRANSITION,234.277951,246.2592354,dependency_view;pm_native_cache,True,7,7,0,0,env:7a9cda66bc6b151a7886,real,PM-008,package_manager:yarn:berry:4.0.2:linux:x86_64,package_manager:yarn:classic:1.22.21:linux:x86_64
package_manager,yarn,4.0.2,1.22.22,incompatible_switch,TRANSITION,229.310671,253.9183563,dependency_view;pm_native_cache,True,7,7,0,0,env:7a9cda66bc6b151a7886,real,PM-008,package_manager:yarn:berry:4.0.2:linux:x86_64,package_manager:yarn:classic:1.22.22:linux:x86_64
package_manager,yarn,4.10.3,3.2.3,incompatible_switch,TRANSITION,232.524398,242.50584800000001,dependency_view;pm_native_cache,True,7,7,0,0,env:7a9cda66bc6b151a7886,real,PM-008,package_manager:yarn:berry:4.10.3:linux:x86_64,package_manager:yarn:berry:3.2.3:linux:x86_64
package_manager,yarn,4.10.3,3.8.7,incompatible_switch,TRANSITION,236.11063,305.91138019999994,dependency_view;pm_native_cache,True,7,7,0,0,env:7a9cda66bc6b151a7886,real,PM-008,package_manager:yarn:berry:4.10.3:linux:x86_64,package_manager:yarn:berry:3.8.7:linux:x86_64
package_manager,yarn,4.10.3,4.0.2,incompatible_switch,TRANSITION,236.99748,242.1526647,dependency_view;pm_native_cache,True,7,7,0,0,env:7a9cda66bc6b151a7886,real,PM-008,package_manager:yarn:berry:4.10.3:linux:x86_64,package_manager:yarn:berry:4.0.2:linux:x86_64
package_manager,yarn,4.10.3,4.10.3,exact_hit,TRANSITION,237.683227,340.3519915,,True,7,7,0,0,env:7a9cda66bc6b151a7886,real,PM-008,package_manager:yarn:berry:4.10.3:linux:x86_64,package_manager:yarn:berry:4.10.3:linux:x86_64
package_manager,yarn,4.10.3,4.12.0,incompatible_switch,TRANSITION,265.008145,348.16904739999995,dependency_view;pm_native_cache,True,7,7,0,0,env:7a9cda66bc6b151a7886,real,PM-008,package_manager:yarn:berry:4.10.3:linux:x86_64,package_manager:yarn:berry:4.12.0:linux:x86_64
package_manager,yarn,4.10.3,4.9.1,incompatible_switch,TRANSITION,366.606112,392.14308289999997,dependency_view;pm_native_cache,True,7,7,0,0,env:7a9cda66bc6b151a7886,real,PM-008,package_manager:yarn:berry:4.10.3:linux:x86_64,package_manager:yarn:berry:4.9.1:linux:x86_64
package_manager,yarn,4.10.3,1.22.21,incompatible_switch,TRANSITION,256.859382,259.0640143,dependency_view;pm_native_cache,True,7,7,0,0,env:7a9cda66bc6b151a7886,real,PM-008,package_manager:yarn:berry:4.10.3:linux:x86_64,package_manager:yarn:classic:1.22.21:linux:x86_64
package_manager,yarn,4.10.3,1.22.22,incompatible_switch,TRANSITION,230.700383,238.90624010000002,dependency_view;pm_native_cache,True,7,7,0,0,env:7a9cda66bc6b151a7886,real,PM-008,package_manager:yarn:berry:4.10.3:linux:x86_64,package_manager:yarn:classic:1.22.22:linux:x86_64
package_manager,yarn,4.12.0,3.2.3,incompatible_switch,TRANSITION,237.296494,340.56944350000003,dependency_view;pm_native_cache,True,7,7,0,0,env:7a9cda66bc6b151a7886,real,PM-008,package_manager:yarn:berry:4.12.0:linux:x86_64,package_manager:yarn:berry:3.2.3:linux:x86_64
package_manager,yarn,4.12.0,3.8.7,incompatible_switch,TRANSITION,227.060261,240.1176054,dependency_view;pm_native_cache,True,7,7,0,0,env:7a9cda66bc6b151a7886,real,PM-008,package_manager:yarn:berry:4.12.0:linux:x86_64,package_manager:yarn:berry:3.8.7:linux:x86_64
package_manager,yarn,4.12.0,4.0.2,incompatible_switch,TRANSITION,232.354822,239.3822285,dependency_view;pm_native_cache,True,7,7,0,0,env:7a9cda66bc6b151a7886,real,PM-008,package_manager:yarn:berry:4.12.0:linux:x86_64,package_manager:yarn:berry:4.0.2:linux:x86_64
package_manager,yarn,4.12.0,4.10.3,incompatible_switch,TRANSITION,237.125027,321.42464549999994,dependency_view;pm_native_cache,True,7,7,0,0,env:7a9cda66bc6b151a7886,real,PM-008,package_manager:yarn:berry:4.12.0:linux:x86_64,package_manager:yarn:berry:4.10.3:linux:x86_64
package_manager,yarn,4.12.0,4.12.0,exact_hit,TRANSITION,232.727319,261.155529,,True,7,7,0,0,env:7a9cda66bc6b151a7886,real,PM-008,package_manager:yarn:berry:4.12.0:linux:x86_64,package_manager:yarn:berry:4.12.0:linux:x86_64
package_manager,yarn,4.12.0,4.9.1,incompatible_switch,TRANSITION,233.398064,304.26462939999993,dependency_view;pm_native_cache,True,7,7,0,0,env:7a9cda66bc6b151a7886,real,PM-008,package_manager:yarn:berry:4.12.0:linux:x86_64,package_manager:yarn:berry:4.9.1:linux:x86_64
package_manager,yarn,4.12.0,1.22.21,incompatible_switch,TRANSITION,232.253507,237.45206190000002,dependency_view;pm_native_cache,True,7,7,0,0,env:7a9cda66bc6b151a7886,real,PM-008,package_manager:yarn:berry:4.12.0:linux:x86_64,package_manager:yarn:classic:1.22.21:linux:x86_64
package_manager,yarn,4.12.0,1.22.22,incompatible_switch,TRANSITION,233.266118,251.9607202,dependency_view;pm_native_cache,True,7,7,0,0,env:7a9cda66bc6b151a7886,real,PM-008,package_manager:yarn:berry:4.12.0:linux:x86_64,package_manager:yarn:classic:1.22.22:linux:x86_64
package_manager,yarn,4.9.1,3.2.3,incompatible_switch,TRANSITION,242.12697,323.26247409999996,dependency_view;pm_native_cache,True,7,7,0,0,env:7a9cda66bc6b151a7886,real,PM-008,package_manager:yarn:berry:4.9.1:linux:x86_64,package_manager:yarn:berry:3.2.3:linux:x86_64
package_manager,yarn,4.9.1,3.8.7,incompatible_switch,TRANSITION,239.047142,320.8873257999999,dependency_view;pm_native_cache,True,7,7,0,0,env:7a9cda66bc6b151a7886,real,PM-008,package_manager:yarn:berry:4.9.1:linux:x86_64,package_manager:yarn:berry:3.8.7:linux:x86_64
package_manager,yarn,4.9.1,4.0.2,incompatible_switch,TRANSITION,262.753626,279.3141071,dependency_view;pm_native_cache,True,7,7,0,0,env:7a9cda66bc6b151a7886,real,PM-008,package_manager:yarn:berry:4.9.1:linux:x86_64,package_manager:yarn:berry:4.0.2:linux:x86_64
package_manager,yarn,4.9.1,4.10.3,incompatible_switch,TRANSITION,241.901831,311.52901109999993,dependency_view;pm_native_cache,True,7,7,0,0,env:7a9cda66bc6b151a7886,real,PM-008,package_manager:yarn:berry:4.9.1:linux:x86_64,package_manager:yarn:berry:4.10.3:linux:x86_64
package_manager,yarn,4.9.1,4.12.0,incompatible_switch,TRANSITION,236.958357,306.0977669999999,dependency_view;pm_native_cache,True,7,7,0,0,env:7a9cda66bc6b151a7886,real,PM-008,package_manager:yarn:berry:4.9.1:linux:x86_64,package_manager:yarn:berry:4.12.0:linux:x86_64
package_manager,yarn,4.9.1,4.9.1,exact_hit,TRANSITION,264.195139,269.7867611,,True,7,7,0,0,env:7a9cda66bc6b151a7886,real,PM-008,package_manager:yarn:berry:4.9.1:linux:x86_64,package_manager:yarn:berry:4.9.1:linux:x86_64
package_manager,yarn,4.9.1,1.22.21,incompatible_switch,TRANSITION,236.358344,239.9789141,dependency_view;pm_native_cache,True,7,7,0,0,env:7a9cda66bc6b151a7886,real,PM-008,package_manager:yarn:berry:4.9.1:linux:x86_64,package_manager:yarn:classic:1.22.21:linux:x86_64
package_manager,yarn,4.9.1,1.22.22,incompatible_switch,TRANSITION,227.461843,242.54661959999999,dependency_view;pm_native_cache,True,7,7,0,0,env:7a9cda66bc6b151a7886,real,PM-008,package_manager:yarn:berry:4.9.1:linux:x86_64,package_manager:yarn:classic:1.22.22:linux:x86_64
package_manager,yarn,1.22.21,3.2.3,incompatible_switch,TRANSITION,243.007512,313.32142659999994,dependency_view;pm_native_cache,True,7,7,0,0,env:7a9cda66bc6b151a7886,real,PM-008,package_manager:yarn:classic:1.22.21:linux:x86_64,package_manager:yarn:berry:3.2.3:linux:x86_64
package_manager,yarn,1.22.21,3.8.7,incompatible_switch,TRANSITION,241.226772,346.8649832,dependency_view;pm_native_cache,True,7,7,0,0,env:7a9cda66bc6b151a7886,real,PM-008,package_manager:yarn:classic:1.22.21:linux:x86_64,package_manager:yarn:berry:3.8.7:linux:x86_64
package_manager,yarn,1.22.21,4.0.2,incompatible_switch,TRANSITION,233.591272,339.7040612,dependency_view;pm_native_cache,True,7,7,0,0,env:7a9cda66bc6b151a7886,real,PM-008,package_manager:yarn:classic:1.22.21:linux:x86_64,package_manager:yarn:berry:4.0.2:linux:x86_64
package_manager,yarn,1.22.21,4.10.3,incompatible_switch,TRANSITION,248.549618,336.6445176,dependency_view;pm_native_cache,True,7,7,0,0,env:7a9cda66bc6b151a7886,real,PM-008,package_manager:yarn:classic:1.22.21:linux:x86_64,package_manager:yarn:berry:4.10.3:linux:x86_64
package_manager,yarn,1.22.21,4.12.0,incompatible_switch,TRANSITION,234.029479,339.6968643,dependency_view;pm_native_cache,True,7,7,0,0,env:7a9cda66bc6b151a7886,real,PM-008,package_manager:yarn:classic:1.22.21:linux:x86_64,package_manager:yarn:berry:4.12.0:linux:x86_64
package_manager,yarn,1.22.21,4.9.1,incompatible_switch,TRANSITION,244.965983,335.67034789999997,dependency_view;pm_native_cache,True,7,7,0,0,env:7a9cda66bc6b151a7886,real,PM-008,package_manager:yarn:classic:1.22.21:linux:x86_64,package_manager:yarn:berry:4.9.1:linux:x86_64
package_manager,yarn,1.22.21,1.22.21,exact_hit,TRANSITION,231.063591,249.2999838,,True,7,7,0,0,env:7a9cda66bc6b151a7886,real,PM-008,package_manager:yarn:classic:1.22.21:linux:x86_64,package_manager:yarn:classic:1.22.21:linux:x86_64
package_manager,yarn,1.22.21,1.22.22,incompatible_switch,TRANSITION,223.67217,229.80733039999998,dependency_view;pm_native_cache,True,7,7,0,0,env:7a9cda66bc6b151a7886,real,PM-008,package_manager:yarn:classic:1.22.21:linux:x86_64,package_manager:yarn:classic:1.22.22:linux:x86_64
package_manager,yarn,1.22.22,3.2.3,incompatible_switch,TRANSITION,234.905636,347.5002949,dependency_view;pm_native_cache,True,7,7,0,0,env:7a9cda66bc6b151a7886,real,PM-008,package_manager:yarn:classic:1.22.22:linux:x86_64,package_manager:yarn:berry:3.2.3:linux:x86_64
package_manager,yarn,1.22.22,3.8.7,incompatible_switch,TRANSITION,263.735397,323.9168066,dependency_view;pm_native_cache,True,7,7,0,0,env:7a9cda66bc6b151a7886,real,PM-008,package_manager:yarn:classic:1.22.22:linux:x86_64,package_manager:yarn:berry:3.8.7:linux:x86_64
package_manager,yarn,1.22.22,4.0.2,incompatible_switch,TRANSITION,236.90547,263.49537669999995,dependency_view;pm_native_cache,True,7,7,0,0,env:7a9cda66bc6b151a7886,real,PM-008,package_manager:yarn:classic:1.22.22:linux:x86_64,package_manager:yarn:berry:4.0.2:linux:x86_64
package_manager,yarn,1.22.22,4.10.3,incompatible_switch,TRANSITION,232.225889,328.6841151999999,dependency_view;pm_native_cache,True,7,7,0,0,env:7a9cda66bc6b151a7886,real,PM-008,package_manager:yarn:classic:1.22.22:linux:x86_64,package_manager:yarn:berry:4.10.3:linux:x86_64
package_manager,yarn,1.22.22,4.12.0,incompatible_switch,TRANSITION,239.606106,324.65403339999995,dependency_view;pm_native_cache,True,7,7,0,0,env:7a9cda66bc6b151a7886,real,PM-008,package_manager:yarn:classic:1.22.22:linux:x86_64,package_manager:yarn:berry:4.12.0:linux:x86_64
package_manager,yarn,1.22.22,4.9.1,incompatible_switch,TRANSITION,230.102466,326.77528259999997,dependency_view;pm_native_cache,True,7,7,0,0,env:7a9cda66bc6b151a7886,real,PM-008,package_manager:yarn:classic:1.22.22:linux:x86_64,package_manager:yarn:berry:4.9.1:linux:x86_64
package_manager,yarn,1.22.22,1.22.21,incompatible_switch,TRANSITION,239.556787,244.9615938,dependency_view;pm_native_cache,True,7,7,0,0,env:7a9cda66bc6b151a7886,real,PM-008,package_manager:yarn:classic:1.22.22:linux:x86_64,package_manager:yarn:classic:1.22.21:linux:x86_64
package_manager,yarn,1.22.22,1.22.22,exact_hit,TRANSITION,240.115049,249.6553072,,True,7,7,0,0,env:7a9cda66bc6b151a7886,real,PM-008,package_manager:yarn:classic:1.22.22:linux:x86_64,package_manager:yarn:classic:1.22.22:linux:x86_64
package_manager,bun,cold,1.2.18,process_cold,TRANSITION,3.375764,3.841855699999999,,True,7,7,0,0,env:7a9cda66bc6b151a7886,real,RUN-005,,package_manager:bun:default:1.2.18:linux:x86_64
package_manager,bun,cold,1.3.7,process_cold,TRANSITION,3.364077,4.5006032,,True,7,7,0,0,env:7a9cda66bc6b151a7886,real,RUN-005,,package_manager:bun:default:1.3.7:linux:x86_64
pm_native_cache,npm native cache,10.9.8,10.9.8,exact_hit,TRANSITION,0.102305,0.1086405,,True,7,7,0,0,env:7a9cda66bc6b151a7886,real,PMC-001,pm_native_cache:npm:default:10.9.8,pm_native_cache:npm:default:10.9.8
pm_native_cache,npm native cache,unknown,unknown,exact_hit,TRANSITION,0.040091,0.041865,,True,7,7,0,0,env:7a9cda66bc6b151a7886,real,PMC-001,pm_native_cache:npm:default:unknown,pm_native_cache:npm:default:unknown
pm_native_cache,pnpm native cache,10.17.1,10.17.1,exact_hit,TRANSITION,0.041383,0.043533,,True,7,7,0,0,env:7a9cda66bc6b151a7886,real,PMC-002,pm_native_cache:pnpm:default:10.17.1,pm_native_cache:pnpm:default:10.17.1
pm_native_cache,pnpm native cache,10.27.0,10.27.0,exact_hit,TRANSITION,0.040842,0.04797909999999999,,True,7,7,0,0,env:7a9cda66bc6b151a7886,real,PMC-002,pm_native_cache:pnpm:default:10.27.0,pm_native_cache:pnpm:default:10.27.0
pm_native_cache,pnpm native cache,10.28.2,10.28.2,exact_hit,TRANSITION,0.040281,0.0417747,,True,7,7,0,0,env:7a9cda66bc6b151a7886,real,PMC-002,pm_native_cache:pnpm:default:10.28.2,pm_native_cache:pnpm:default:10.28.2
pm_native_cache,pnpm native cache,10.34.5,10.34.5,exact_hit,TRANSITION,0.039119,0.0414238,,True,7,7,0,0,env:7a9cda66bc6b151a7886,real,PMC-002,pm_native_cache:pnpm:default:10.34.5,pm_native_cache:pnpm:default:10.34.5
pm_native_cache,pnpm native cache,10.4.0,10.4.0,exact_hit,TRANSITION,0.041903,0.042926,,True,7,7,0,0,env:7a9cda66bc6b151a7886,real,PMC-002,pm_native_cache:pnpm:default:10.4.0,pm_native_cache:pnpm:default:10.4.0
pm_native_cache,pnpm native cache,11.24.0,11.24.0,exact_hit,TRANSITION,0.039159,0.0434016,,True,7,7,0,0,env:7a9cda66bc6b151a7886,real,PMC-002,pm_native_cache:pnpm:default:11.24.0,pm_native_cache:pnpm:default:11.24.0
pm_native_cache,pnpm native cache,9.12.2,9.12.2,exact_hit,TRANSITION,0.03992,0.04174,,True,7,7,0,0,env:7a9cda66bc6b151a7886,real,PMC-002,pm_native_cache:pnpm:default:9.12.2,pm_native_cache:pnpm:default:9.12.2
pm_native_cache,pnpm native cache,9.15.0,9.15.0,exact_hit,TRANSITION,0.041853,0.045811,,True,7,7,0,0,env:7a9cda66bc6b151a7886,real,PMC-002,pm_native_cache:pnpm:default:9.15.0,pm_native_cache:pnpm:default:9.15.0
pm_native_cache,pnpm native cache,9.15.4,9.15.4,exact_hit,TRANSITION,0.03954,0.0412717,,True,7,7,0,0,env:7a9cda66bc6b151a7886,real,PMC-002,pm_native_cache:pnpm:default:9.15.4,pm_native_cache:pnpm:default:9.15.4
pm_native_cache,pnpm native cache,9.15.5,9.15.5,exact_hit,TRANSITION,0.038889,0.041815099999999994,,True,7,7,0,0,env:7a9cda66bc6b151a7886,real,PMC-002,pm_native_cache:pnpm:default:9.15.5,pm_native_cache:pnpm:default:9.15.5
pm_native_cache,pnpm native cache,9.4.0,9.4.0,exact_hit,TRANSITION,0.041613,0.0454729,,True,7,7,0,0,env:7a9cda66bc6b151a7886,real,PMC-002,pm_native_cache:pnpm:default:9.4.0,pm_native_cache:pnpm:default:9.4.0
pm_native_cache,yarn native cache,1.22.21,1.22.21,exact_hit,TRANSITION,0.044938,0.0808311,,True,7,7,0,0,env:7a9cda66bc6b151a7886,real,PMC-003,pm_native_cache:yarn:classic:1.22.21,pm_native_cache:yarn:classic:1.22.21
pm_native_cache,yarn native cache,1.22.22,1.22.22,exact_hit,TRANSITION,0.039189,0.0424057,,True,7,7,0,0,env:7a9cda66bc6b151a7886,real,PMC-003,pm_native_cache:yarn:classic:1.22.22,pm_native_cache:yarn:classic:1.22.22
pm_native_cache,yarn native cache,3.2.3,3.2.3,exact_hit,TRANSITION,11.266988,11.798419599999999,,True,7,7,0,0,env:7a9cda66bc6b151a7886,real,PMC-004,pm_native_cache:yarn:berry:3.2.3,pm_native_cache:yarn:berry:3.2.3
pm_native_cache,yarn native cache,3.8.7,3.8.7,exact_hit,TRANSITION,4.656574,4.6892456000000005,,True,7,7,0,0,env:7a9cda66bc6b151a7886,real,PMC-004,pm_native_cache:yarn:berry:3.8.7,pm_native_cache:yarn:berry:3.8.7
pm_native_cache,yarn native cache,4.0.2,4.0.2,exact_hit,TRANSITION,9.681816,9.8206189,,True,7,7,0,0,env:7a9cda66bc6b151a7886,real,PMC-004,pm_native_cache:yarn:berry:4.0.2,pm_native_cache:yarn:berry:4.0.2
pm_native_cache,yarn native cache,4.10.3,4.10.3,exact_hit,TRANSITION,5.963664,6.0275328,,True,7,7,0,0,env:7a9cda66bc6b151a7886,real,PMC-004,pm_native_cache:yarn:berry:4.10.3,pm_native_cache:yarn:berry:4.10.3
pm_native_cache,yarn native cache,4.12.0,4.12.0,exact_hit,TRANSITION,11.353188,11.4644534,,True,7,7,0,0,env:7a9cda66bc6b151a7886,real,PMC-004,pm_native_cache:yarn:berry:4.12.0,pm_native_cache:yarn:berry:4.12.0
pm_native_cache,yarn native cache,4.9.1,4.9.1,exact_hit,TRANSITION,8.42365,80.51834049999992,,True,7,7,0,0,env:7a9cda66bc6b151a7886,real,PMC-004,pm_native_cache:yarn:berry:4.9.1,pm_native_cache:yarn:berry:4.9.1
pm_native_cache,bun native cache,1.2.18,1.2.18,exact_hit,TRANSITION,7.536657,7.7134369,,True,7,7,0,0,env:7a9cda66bc6b151a7886,real,PMC-005,pm_native_cache:bun:default:1.2.18,pm_native_cache:bun:default:1.2.18
pm_native_cache,bun native cache,1.3.7,1.3.7,exact_hit,TRANSITION,15.615154,87.92096539999994,,True,7,7,0,0,env:7a9cda66bc6b151a7886,real,PMC-005,pm_native_cache:bun:default:1.3.7,pm_native_cache:bun:default:1.3.7
pm_native_cache,bun native cache,1.2.18,1.2.18,exact_hit,TRANSITION,3.631311,3.65819,,True,7,7,0,0,env:7a9cda66bc6b151a7886,real,PMC-006,pm_native_cache:bun:default:1.2.18,pm_native_cache:bun:default:1.2.18
pm_native_cache,bun native cache,1.2.18,1.2.18,exact_hit,TRANSITION,3.675377,3.7383188,,True,7,7,0,0,env:7a9cda66bc6b151a7886,real,PMC-007,pm_native_cache:bun:default:1.2.18,pm_native_cache:bun:default:1.2.18
pm_native_cache,bun native cache,1.2.18,1.3.7,incompatible_switch,TRANSITION,10.227303,10.2767471,dependency_view,True,7,7,0,0,env:7a9cda66bc6b151a7886,real,PMC-007,pm_native_cache:bun:default:1.2.18,pm_native_cache:bun:default:1.3.7
pm_native_cache,bun native cache,1.3.7,1.2.18,incompatible_switch,TRANSITION,3.649408,3.6640615000000003,dependency_view,True,7,7,0,0,env:7a9cda66bc6b151a7886,real,PMC-007,pm_native_cache:bun:default:1.3.7,pm_native_cache:bun:default:1.2.18
pm_native_cache,bun native cache,1.3.7,1.3.7,exact_hit,TRANSITION,10.246972,10.370811,,True,7,7,0,0,env:7a9cda66bc6b151a7886,real,PMC-007,pm_native_cache:bun:default:1.3.7,pm_native_cache:bun:default:1.3.7
pm_native_cache,npm native cache,10.9.8,10.9.8,exact_hit,TRANSITION,0.028663,0.08680099999999993,,True,7,7,0,0,env:7a9cda66bc6b151a7886,real,PMC-007,pm_native_cache:npm:default:10.9.8,pm_native_cache:npm:default:10.9.8
pm_native_cache,npm native cache,10.9.8,unknown,incompatible_switch,TRANSITION,0.027061,0.0305924,dependency_view,True,7,7,0,0,env:7a9cda66bc6b151a7886,real,PMC-007,pm_native_cache:npm:default:10.9.8,pm_native_cache:npm:default:unknown
pm_native_cache,npm native cache,unknown,10.9.8,incompatible_switch,TRANSITION,0.02638,0.0293327,dependency_view,True,7,7,0,0,env:7a9cda66bc6b151a7886,real,PMC-007,pm_native_cache:npm:default:unknown,pm_native_cache:npm:default:10.9.8
pm_native_cache,npm native cache,unknown,unknown,exact_hit,TRANSITION,0.02633,0.030324399999999998,,True,7,7,0,0,env:7a9cda66bc6b151a7886,real,PMC-007,pm_native_cache:npm:default:unknown,pm_native_cache:npm:default:unknown
pm_native_cache,pnpm native cache,10.17.1,10.17.1,exact_hit,TRANSITION,0.02688,0.029452,,True,7,7,0,0,env:7a9cda66bc6b151a7886,real,PMC-007,pm_native_cache:pnpm:default:10.17.1,pm_native_cache:pnpm:default:10.17.1
pm_native_cache,pnpm native cache,10.17.1,10.27.0,incompatible_switch,TRANSITION,0.027101,0.033867299999999996,dependency_view,True,7,7,0,0,env:7a9cda66bc6b151a7886,real,PMC-007,pm_native_cache:pnpm:default:10.17.1,pm_native_cache:pnpm:default:10.27.0
pm_native_cache,pnpm native cache,10.17.1,10.28.2,incompatible_switch,TRANSITION,0.025789,0.029375,dependency_view,True,7,7,0,0,env:7a9cda66bc6b151a7886,real,PMC-007,pm_native_cache:pnpm:default:10.17.1,pm_native_cache:pnpm:default:10.28.2
pm_native_cache,pnpm native cache,10.17.1,10.34.5,incompatible_switch,TRANSITION,0.026209,0.03263909999999999,dependency_view,True,7,7,0,0,env:7a9cda66bc6b151a7886,real,PMC-007,pm_native_cache:pnpm:default:10.17.1,pm_native_cache:pnpm:default:10.34.5
pm_native_cache,pnpm native cache,10.17.1,10.4.0,incompatible_switch,TRANSITION,0.02669,0.03458409999999999,dependency_view,True,7,7,0,0,env:7a9cda66bc6b151a7886,real,PMC-007,pm_native_cache:pnpm:default:10.17.1,pm_native_cache:pnpm:default:10.4.0
pm_native_cache,pnpm native cache,10.17.1,11.24.0,incompatible_switch,TRANSITION,0.025809,0.0280844,dependency_view,True,7,7,0,0,env:7a9cda66bc6b151a7886,real,PMC-007,pm_native_cache:pnpm:default:10.17.1,pm_native_cache:pnpm:default:11.24.0
pm_native_cache,pnpm native cache,10.17.1,9.12.2,incompatible_switch,TRANSITION,0.026941,0.032257499999999995,dependency_view,True,7,7,0,0,env:7a9cda66bc6b151a7886,real,PMC-007,pm_native_cache:pnpm:default:10.17.1,pm_native_cache:pnpm:default:9.12.2
pm_native_cache,pnpm native cache,10.17.1,9.15.0,incompatible_switch,TRANSITION,0.025689,0.032747,dependency_view,True,7,7,0,0,env:7a9cda66bc6b151a7886,real,PMC-007,pm_native_cache:pnpm:default:10.17.1,pm_native_cache:pnpm:default:9.15.0
pm_native_cache,pnpm native cache,10.17.1,9.15.4,incompatible_switch,TRANSITION,0.026019,0.0281581,dependency_view,True,7,7,0,0,env:7a9cda66bc6b151a7886,real,PMC-007,pm_native_cache:pnpm:default:10.17.1,pm_native_cache:pnpm:default:9.15.4
pm_native_cache,pnpm native cache,10.17.1,9.15.5,incompatible_switch,TRANSITION,0.026451,0.0288347,dependency_view,True,7,7,0,0,env:7a9cda66bc6b151a7886,real,PMC-007,pm_native_cache:pnpm:default:10.17.1,pm_native_cache:pnpm:default:9.15.5
pm_native_cache,pnpm native cache,10.17.1,9.4.0,incompatible_switch,TRANSITION,0.027562,0.035036599999999994,dependency_view,True,7,7,0,0,env:7a9cda66bc6b151a7886,real,PMC-007,pm_native_cache:pnpm:default:10.17.1,pm_native_cache:pnpm:default:9.4.0
pm_native_cache,pnpm native cache,10.27.0,10.17.1,incompatible_switch,TRANSITION,0.027301,0.0290017,dependency_view,True,7,7,0,0,env:7a9cda66bc6b151a7886,real,PMC-007,pm_native_cache:pnpm:default:10.27.0,pm_native_cache:pnpm:default:10.17.1
pm_native_cache,pnpm native cache,10.27.0,10.27.0,exact_hit,TRANSITION,0.027081,0.030489099999999998,,True,7,7,0,0,env:7a9cda66bc6b151a7886,real,PMC-007,pm_native_cache:pnpm:default:10.27.0,pm_native_cache:pnpm:default:10.27.0
pm_native_cache,pnpm native cache,10.27.0,10.28.2,incompatible_switch,TRANSITION,0.02623,0.0320841,dependency_view,True,7,7,0,0,env:7a9cda66bc6b151a7886,real,PMC-007,pm_native_cache:pnpm:default:10.27.0,pm_native_cache:pnpm:default:10.28.2
pm_native_cache,pnpm native cache,10.27.0,10.34.5,incompatible_switch,TRANSITION,0.026871,0.0298634,dependency_view,True,7,7,0,0,env:7a9cda66bc6b151a7886,real,PMC-007,pm_native_cache:pnpm:default:10.27.0,pm_native_cache:pnpm:default:10.34.5
pm_native_cache,pnpm native cache,10.27.0,10.4.0,incompatible_switch,TRANSITION,0.028884,0.08016039999999995,dependency_view,True,7,7,0,0,env:7a9cda66bc6b151a7886,real,PMC-007,pm_native_cache:pnpm:default:10.27.0,pm_native_cache:pnpm:default:10.4.0
pm_native_cache,pnpm native cache,10.27.0,11.24.0,incompatible_switch,TRANSITION,0.028694,0.0303007,dependency_view,True,7,7,0,0,env:7a9cda66bc6b151a7886,real,PMC-007,pm_native_cache:pnpm:default:10.27.0,pm_native_cache:pnpm:default:11.24.0
pm_native_cache,pnpm native cache,10.27.0,9.12.2,incompatible_switch,TRANSITION,0.027211,0.0285897,dependency_view,True,7,7,0,0,env:7a9cda66bc6b151a7886,real,PMC-007,pm_native_cache:pnpm:default:10.27.0,pm_native_cache:pnpm:default:9.12.2
pm_native_cache,pnpm native cache,10.27.0,9.15.0,incompatible_switch,TRANSITION,0.027262,0.031499599999999996,dependency_view,True,7,7,0,0,env:7a9cda66bc6b151a7886,real,PMC-007,pm_native_cache:pnpm:default:10.27.0,pm_native_cache:pnpm:default:9.15.0
pm_native_cache,pnpm native cache,10.27.0,9.15.4,incompatible_switch,TRANSITION,0.028754,0.0303894,dependency_view,True,7,7,0,0,env:7a9cda66bc6b151a7886,real,PMC-007,pm_native_cache:pnpm:default:10.27.0,pm_native_cache:pnpm:default:9.15.4
pm_native_cache,pnpm native cache,10.27.0,9.15.5,incompatible_switch,TRANSITION,0.027331,0.030624499999999995,dependency_view,True,7,7,0,0,env:7a9cda66bc6b151a7886,real,PMC-007,pm_native_cache:pnpm:default:10.27.0,pm_native_cache:pnpm:default:9.15.5
pm_native_cache,pnpm native cache,10.27.0,9.4.0,incompatible_switch,TRANSITION,0.024587,0.028671799999999997,dependency_view,True,7,7,0,0,env:7a9cda66bc6b151a7886,real,PMC-007,pm_native_cache:pnpm:default:10.27.0,pm_native_cache:pnpm:default:9.4.0
pm_native_cache,pnpm native cache,10.28.2,10.17.1,incompatible_switch,TRANSITION,0.025499,0.030623799999999996,dependency_view,True,7,7,0,0,env:7a9cda66bc6b151a7886,real,PMC-007,pm_native_cache:pnpm:default:10.28.2,pm_native_cache:pnpm:default:10.17.1
pm_native_cache,pnpm native cache,10.28.2,10.27.0,incompatible_switch,TRANSITION,0.025318,0.0344747,dependency_view,True,7,7,0,0,env:7a9cda66bc6b151a7886,real,PMC-007,pm_native_cache:pnpm:default:10.28.2,pm_native_cache:pnpm:default:10.27.0
pm_native_cache,pnpm native cache,10.28.2,10.28.2,exact_hit,TRANSITION,0.025729,0.027932,,True,7,7,0,0,env:7a9cda66bc6b151a7886,real,PMC-007,pm_native_cache:pnpm:default:10.28.2,pm_native_cache:pnpm:default:10.28.2
pm_native_cache,pnpm native cache,10.28.2,10.34.5,incompatible_switch,TRANSITION,0.026851,0.03288629999999999,dependency_view,True,7,7,0,0,env:7a9cda66bc6b151a7886,real,PMC-007,pm_native_cache:pnpm:default:10.28.2,pm_native_cache:pnpm:default:10.34.5
pm_native_cache,pnpm native cache,10.28.2,10.4.0,incompatible_switch,TRANSITION,0.02644,0.0282781,dependency_view,True,7,7,0,0,env:7a9cda66bc6b151a7886,real,PMC-007,pm_native_cache:pnpm:default:10.28.2,pm_native_cache:pnpm:default:10.4.0
pm_native_cache,pnpm native cache,10.28.2,11.24.0,incompatible_switch,TRANSITION,0.024687,0.0270134,dependency_view,True,7,7,0,0,env:7a9cda66bc6b151a7886,real,PMC-007,pm_native_cache:pnpm:default:10.28.2,pm_native_cache:pnpm:default:11.24.0
pm_native_cache,pnpm native cache,10.28.2,9.12.2,incompatible_switch,TRANSITION,0.025088,0.027233699999999996,dependency_view,True,7,7,0,0,env:7a9cda66bc6b151a7886,real,PMC-007,pm_native_cache:pnpm:default:10.28.2,pm_native_cache:pnpm:default:9.12.2
pm_native_cache,pnpm native cache,10.28.2,9.15.0,incompatible_switch,TRANSITION,0.024888,0.08353039999999995,dependency_view,True,7,7,0,0,env:7a9cda66bc6b151a7886,real,PMC-007,pm_native_cache:pnpm:default:10.28.2,pm_native_cache:pnpm:default:9.15.0
pm_native_cache,pnpm native cache,10.28.2,9.15.4,incompatible_switch,TRANSITION,0.025388,0.0284371,dependency_view,True,7,7,0,0,env:7a9cda66bc6b151a7886,real,PMC-007,pm_native_cache:pnpm:default:10.28.2,pm_native_cache:pnpm:default:9.15.4
pm_native_cache,pnpm native cache,10.28.2,9.15.5,incompatible_switch,TRANSITION,0.024417,0.0274971,dependency_view,True,7,7,0,0,env:7a9cda66bc6b151a7886,real,PMC-007,pm_native_cache:pnpm:default:10.28.2,pm_native_cache:pnpm:default:9.15.5
pm_native_cache,pnpm native cache,10.28.2,9.4.0,incompatible_switch,TRANSITION,0.032319,0.06847209999999998,dependency_view,True,7,7,0,0,env:7a9cda66bc6b151a7886,real,PMC-007,pm_native_cache:pnpm:default:10.28.2,pm_native_cache:pnpm:default:9.4.0
pm_native_cache,pnpm native cache,10.34.5,10.17.1,incompatible_switch,TRANSITION,0.027161,0.0308917,dependency_view,True,7,7,0,0,env:7a9cda66bc6b151a7886,real,PMC-007,pm_native_cache:pnpm:default:10.34.5,pm_native_cache:pnpm:default:10.17.1
pm_native_cache,pnpm native cache,10.34.5,10.27.0,incompatible_switch,TRANSITION,0.027211,0.0300234,dependency_view,True,7,7,0,0,env:7a9cda66bc6b151a7886,real,PMC-007,pm_native_cache:pnpm:default:10.34.5,pm_native_cache:pnpm:default:10.27.0
pm_native_cache,pnpm native cache,10.34.5,10.28.2,incompatible_switch,TRANSITION,0.026901,0.0296027,dependency_view,True,7,7,0,0,env:7a9cda66bc6b151a7886,real,PMC-007,pm_native_cache:pnpm:default:10.34.5,pm_native_cache:pnpm:default:10.28.2
pm_native_cache,pnpm native cache,10.34.5,10.34.5,exact_hit,TRANSITION,0.026881,0.030701799999999998,,True,7,7,0,0,env:7a9cda66bc6b151a7886,real,PMC-007,pm_native_cache:pnpm:default:10.34.5,pm_native_cache:pnpm:default:10.34.5
pm_native_cache,pnpm native cache,10.34.5,10.4.0,incompatible_switch,TRANSITION,0.027332,0.031936,dependency_view,True,7,7,0,0,env:7a9cda66bc6b151a7886,real,PMC-007,pm_native_cache:pnpm:default:10.34.5,pm_native_cache:pnpm:default:10.4.0
pm_native_cache,pnpm native cache,10.34.5,11.24.0,incompatible_switch,TRANSITION,0.02667,0.0303217,dependency_view,True,7,7,0,0,env:7a9cda66bc6b151a7886,real,PMC-007,pm_native_cache:pnpm:default:10.34.5,pm_native_cache:pnpm:default:11.24.0
pm_native_cache,pnpm native cache,10.34.5,9.12.2,incompatible_switch,TRANSITION,0.027502,0.029408300000000002,dependency_view,True,7,7,0,0,env:7a9cda66bc6b151a7886,real,PMC-007,pm_native_cache:pnpm:default:10.34.5,pm_native_cache:pnpm:default:9.12.2
pm_native_cache,pnpm native cache,10.34.5,9.15.0,incompatible_switch,TRANSITION,0.02658,0.029166,dependency_view,True,7,7,0,0,env:7a9cda66bc6b151a7886,real,PMC-007,pm_native_cache:pnpm:default:10.34.5,pm_native_cache:pnpm:default:9.15.0
pm_native_cache,pnpm native cache,10.34.5,9.15.4,incompatible_switch,TRANSITION,0.027822,0.029303,dependency_view,True,7,7,0,0,env:7a9cda66bc6b151a7886,real,PMC-007,pm_native_cache:pnpm:default:10.34.5,pm_native_cache:pnpm:default:9.15.4
pm_native_cache,pnpm native cache,10.34.5,9.15.5,incompatible_switch,TRANSITION,0.027011,0.031331399999999995,dependency_view,True,7,7,0,0,env:7a9cda66bc6b151a7886,real,PMC-007,pm_native_cache:pnpm:default:10.34.5,pm_native_cache:pnpm:default:9.15.5
pm_native_cache,pnpm native cache,10.34.5,9.4.0,incompatible_switch,TRANSITION,0.02686,0.0301607,dependency_view,True,7,7,0,0,env:7a9cda66bc6b151a7886,real,PMC-007,pm_native_cache:pnpm:default:10.34.5,pm_native_cache:pnpm:default:9.4.0
pm_native_cache,pnpm native cache,10.4.0,10.17.1,incompatible_switch,TRANSITION,0.027311,0.030664300000000002,dependency_view,True,7,7,0,0,env:7a9cda66bc6b151a7886,real,PMC-007,pm_native_cache:pnpm:default:10.4.0,pm_native_cache:pnpm:default:10.17.1
pm_native_cache,pnpm native cache,10.4.0,10.27.0,incompatible_switch,TRANSITION,0.027772,0.029920699999999998,dependency_view,True,7,7,0,0,env:7a9cda66bc6b151a7886,real,PMC-007,pm_native_cache:pnpm:default:10.4.0,pm_native_cache:pnpm:default:10.27.0
pm_native_cache,pnpm native cache,10.4.0,10.28.2,incompatible_switch,TRANSITION,0.026239,0.0296464,dependency_view,True,7,7,0,0,env:7a9cda66bc6b151a7886,real,PMC-007,pm_native_cache:pnpm:default:10.4.0,pm_native_cache:pnpm:default:10.28.2
pm_native_cache,pnpm native cache,10.4.0,10.34.5,incompatible_switch,TRANSITION,0.0264,0.0288398,dependency_view,True,7,7,0,0,env:7a9cda66bc6b151a7886,real,PMC-007,pm_native_cache:pnpm:default:10.4.0,pm_native_cache:pnpm:default:10.34.5
pm_native_cache,pnpm native cache,10.4.0,10.4.0,exact_hit,TRANSITION,0.02659,0.0288118,,True,7,7,0,0,env:7a9cda66bc6b151a7886,real,PMC-007,pm_native_cache:pnpm:default:10.4.0,pm_native_cache:pnpm:default:10.4.0
pm_native_cache,pnpm native cache,10.4.0,11.24.0,incompatible_switch,TRANSITION,0.02677,0.0281947,dependency_view,True,7,7,0,0,env:7a9cda66bc6b151a7886,real,PMC-007,pm_native_cache:pnpm:default:10.4.0,pm_native_cache:pnpm:default:11.24.0
pm_native_cache,pnpm native cache,10.4.0,9.12.2,incompatible_switch,TRANSITION,0.02667,0.0306844,dependency_view,True,7,7,0,0,env:7a9cda66bc6b151a7886,real,PMC-007,pm_native_cache:pnpm:default:10.4.0,pm_native_cache:pnpm:default:9.12.2
pm_native_cache,pnpm native cache,10.4.0,9.15.0,incompatible_switch,TRANSITION,0.02635,0.03381339999999999,dependency_view,True,7,7,0,0,env:7a9cda66bc6b151a7886,real,PMC-007,pm_native_cache:pnpm:default:10.4.0,pm_native_cache:pnpm:default:9.15.0
pm_native_cache,pnpm native cache,10.4.0,9.15.4,incompatible_switch,TRANSITION,0.02618,0.0285694,dependency_view,True,7,7,0,0,env:7a9cda66bc6b151a7886,real,PMC-007,pm_native_cache:pnpm:default:10.4.0,pm_native_cache:pnpm:default:9.15.4
pm_native_cache,pnpm native cache,10.4.0,9.15.5,incompatible_switch,TRANSITION,0.02629,0.0297124,dependency_view,True,7,7,0,0,env:7a9cda66bc6b151a7886,real,PMC-007,pm_native_cache:pnpm:default:10.4.0,pm_native_cache:pnpm:default:9.15.5
pm_native_cache,pnpm native cache,10.4.0,9.4.0,incompatible_switch,TRANSITION,0.027191,0.0302067,dependency_view,True,7,7,0,0,env:7a9cda66bc6b151a7886,real,PMC-007,pm_native_cache:pnpm:default:10.4.0,pm_native_cache:pnpm:default:9.4.0
pm_native_cache,pnpm native cache,11.24.0,10.17.1,incompatible_switch,TRANSITION,0.027722,0.030877099999999998,dependency_view,True,7,7,0,0,env:7a9cda66bc6b151a7886,real,PMC-007,pm_native_cache:pnpm:default:11.24.0,pm_native_cache:pnpm:default:10.17.1
pm_native_cache,pnpm native cache,11.24.0,10.27.0,incompatible_switch,TRANSITION,0.02664,0.029070000000000002,dependency_view,True,7,7,0,0,env:7a9cda66bc6b151a7886,real,PMC-007,pm_native_cache:pnpm:default:11.24.0,pm_native_cache:pnpm:default:10.27.0
pm_native_cache,pnpm native cache,11.24.0,10.28.2,incompatible_switch,TRANSITION,0.025949,0.028856,dependency_view,True,7,7,0,0,env:7a9cda66bc6b151a7886,real,PMC-007,pm_native_cache:pnpm:default:11.24.0,pm_native_cache:pnpm:default:10.28.2
pm_native_cache,pnpm native cache,11.24.0,10.34.5,incompatible_switch,TRANSITION,0.026951,0.0297227,dependency_view,True,7,7,0,0,env:7a9cda66bc6b151a7886,real,PMC-007,pm_native_cache:pnpm:default:11.24.0,pm_native_cache:pnpm:default:10.34.5
pm_native_cache,pnpm native cache,11.24.0,10.4.0,incompatible_switch,TRANSITION,0.027442,0.0292387,dependency_view,True,7,7,0,0,env:7a9cda66bc6b151a7886,real,PMC-007,pm_native_cache:pnpm:default:11.24.0,pm_native_cache:pnpm:default:10.4.0
pm_native_cache,pnpm native cache,11.24.0,11.24.0,exact_hit,TRANSITION,0.02625,0.031913199999999996,,True,7,7,0,0,env:7a9cda66bc6b151a7886,real,PMC-007,pm_native_cache:pnpm:default:11.24.0,pm_native_cache:pnpm:default:11.24.0
pm_native_cache,pnpm native cache,11.24.0,9.12.2,incompatible_switch,TRANSITION,0.02618,0.0294874,dependency_view,True,7,7,0,0,env:7a9cda66bc6b151a7886,real,PMC-007,pm_native_cache:pnpm:default:11.24.0,pm_native_cache:pnpm:default:9.12.2
pm_native_cache,pnpm native cache,11.24.0,9.15.0,incompatible_switch,TRANSITION,0.026119,0.0305407,dependency_view,True,7,7,0,0,env:7a9cda66bc6b151a7886,real,PMC-007,pm_native_cache:pnpm:default:11.24.0,pm_native_cache:pnpm:default:9.15.0
pm_native_cache,pnpm native cache,11.24.0,9.15.4,incompatible_switch,TRANSITION,0.026049,0.0285387,dependency_view,True,7,7,0,0,env:7a9cda66bc6b151a7886,real,PMC-007,pm_native_cache:pnpm:default:11.24.0,pm_native_cache:pnpm:default:9.15.4
pm_native_cache,pnpm native cache,11.24.0,9.15.5,incompatible_switch,TRANSITION,0.028233,0.0339822,dependency_view,True,7,7,0,0,env:7a9cda66bc6b151a7886,real,PMC-007,pm_native_cache:pnpm:default:11.24.0,pm_native_cache:pnpm:default:9.15.5
pm_native_cache,pnpm native cache,11.24.0,9.4.0,incompatible_switch,TRANSITION,0.02651,0.0292297,dependency_view,True,7,7,0,0,env:7a9cda66bc6b151a7886,real,PMC-007,pm_native_cache:pnpm:default:11.24.0,pm_native_cache:pnpm:default:9.4.0
pm_native_cache,pnpm native cache,9.12.2,10.17.1,incompatible_switch,TRANSITION,0.026049,0.0295401,dependency_view,True,7,7,0,0,env:7a9cda66bc6b151a7886,real,PMC-007,pm_native_cache:pnpm:default:9.12.2,pm_native_cache:pnpm:default:10.17.1
pm_native_cache,pnpm native cache,9.12.2,10.27.0,incompatible_switch,TRANSITION,0.025929,0.0299067,dependency_view,True,7,7,0,0,env:7a9cda66bc6b151a7886,real,PMC-007,pm_native_cache:pnpm:default:9.12.2,pm_native_cache:pnpm:default:10.27.0
pm_native_cache,pnpm native cache,9.12.2,10.28.2,incompatible_switch,TRANSITION,0.026259,0.030945399999999998,dependency_view,True,7,7,0,0,env:7a9cda66bc6b151a7886,real,PMC-007,pm_native_cache:pnpm:default:9.12.2,pm_native_cache:pnpm:default:10.28.2
pm_native_cache,pnpm native cache,9.12.2,10.34.5,incompatible_switch,TRANSITION,0.02655,0.0284074,dependency_view,True,7,7,0,0,env:7a9cda66bc6b151a7886,real,PMC-007,pm_native_cache:pnpm:default:9.12.2,pm_native_cache:pnpm:default:10.34.5
pm_native_cache,pnpm native cache,9.12.2,10.4.0,incompatible_switch,TRANSITION,0.026039,0.029177099999999997,dependency_view,True,7,7,0,0,env:7a9cda66bc6b151a7886,real,PMC-007,pm_native_cache:pnpm:default:9.12.2,pm_native_cache:pnpm:default:10.4.0
pm_native_cache,pnpm native cache,9.12.2,11.24.0,incompatible_switch,TRANSITION,0.02614,0.0287864,dependency_view,True,7,7,0,0,env:7a9cda66bc6b151a7886,real,PMC-007,pm_native_cache:pnpm:default:9.12.2,pm_native_cache:pnpm:default:11.24.0
pm_native_cache,pnpm native cache,9.12.2,9.12.2,exact_hit,TRANSITION,0.025979,0.0286511,,True,7,7,0,0,env:7a9cda66bc6b151a7886,real,PMC-007,pm_native_cache:pnpm:default:9.12.2,pm_native_cache:pnpm:default:9.12.2
pm_native_cache,pnpm native cache,9.12.2,9.15.0,incompatible_switch,TRANSITION,0.026179,0.028269799999999998,dependency_view,True,7,7,0,0,env:7a9cda66bc6b151a7886,real,PMC-007,pm_native_cache:pnpm:default:9.12.2,pm_native_cache:pnpm:default:9.15.0
pm_native_cache,pnpm native cache,9.12.2,9.15.4,incompatible_switch,TRANSITION,0.027312,0.02923,dependency_view,True,7,7,0,0,env:7a9cda66bc6b151a7886,real,PMC-007,pm_native_cache:pnpm:default:9.12.2,pm_native_cache:pnpm:default:9.15.4
pm_native_cache,pnpm native cache,9.12.2,9.15.5,incompatible_switch,TRANSITION,0.02604,0.07987399999999996,dependency_view,True,7,7,0,0,env:7a9cda66bc6b151a7886,real,PMC-007,pm_native_cache:pnpm:default:9.12.2,pm_native_cache:pnpm:default:9.15.5
pm_native_cache,pnpm native cache,9.12.2,9.4.0,incompatible_switch,TRANSITION,0.025829,0.029056,dependency_view,True,7,7,0,0,env:7a9cda66bc6b151a7886,real,PMC-007,pm_native_cache:pnpm:default:9.12.2,pm_native_cache:pnpm:default:9.4.0
pm_native_cache,pnpm native cache,9.15.0,10.17.1,incompatible_switch,TRANSITION,0.02637,0.028521,dependency_view,True,7,7,0,0,env:7a9cda66bc6b151a7886,real,PMC-007,pm_native_cache:pnpm:default:9.15.0,pm_native_cache:pnpm:default:10.17.1
pm_native_cache,pnpm native cache,9.15.0,10.27.0,incompatible_switch,TRANSITION,0.02691,0.0292607,dependency_view,True,7,7,0,0,env:7a9cda66bc6b151a7886,real,PMC-007,pm_native_cache:pnpm:default:9.15.0,pm_native_cache:pnpm:default:10.27.0
pm_native_cache,pnpm native cache,9.15.0,10.28.2,incompatible_switch,TRANSITION,0.027001,0.0288307,dependency_view,True,7,7,0,0,env:7a9cda66bc6b151a7886,real,PMC-007,pm_native_cache:pnpm:default:9.15.0,pm_native_cache:pnpm:default:10.28.2
pm_native_cache,pnpm native cache,9.15.0,10.34.5,incompatible_switch,TRANSITION,0.02643,0.028881999999999998,dependency_view,True,7,7,0,0,env:7a9cda66bc6b151a7886,real,PMC-007,pm_native_cache:pnpm:default:9.15.0,pm_native_cache:pnpm:default:10.34.5
pm_native_cache,pnpm native cache,9.15.0,10.4.0,incompatible_switch,TRANSITION,0.026159,0.037901599999999994,dependency_view,True,7,7,0,0,env:7a9cda66bc6b151a7886,real,PMC-007,pm_native_cache:pnpm:default:9.15.0,pm_native_cache:pnpm:default:10.4.0
pm_native_cache,pnpm native cache,9.15.0,11.24.0,incompatible_switch,TRANSITION,0.02665,0.035078099999999994,dependency_view,True,7,7,0,0,env:7a9cda66bc6b151a7886,real,PMC-007,pm_native_cache:pnpm:default:9.15.0,pm_native_cache:pnpm:default:11.24.0
pm_native_cache,pnpm native cache,9.15.0,9.12.2,incompatible_switch,TRANSITION,0.026821,0.028694,dependency_view,True,7,7,0,0,env:7a9cda66bc6b151a7886,real,PMC-007,pm_native_cache:pnpm:default:9.15.0,pm_native_cache:pnpm:default:9.12.2
pm_native_cache,pnpm native cache,9.15.0,9.15.0,exact_hit,TRANSITION,0.028013,0.0341116,,True,7,7,0,0,env:7a9cda66bc6b151a7886,real,PMC-007,pm_native_cache:pnpm:default:9.15.0,pm_native_cache:pnpm:default:9.15.0
pm_native_cache,pnpm native cache,9.15.0,9.15.4,incompatible_switch,TRANSITION,0.027272,0.0302201,dependency_view,True,7,7,0,0,env:7a9cda66bc6b151a7886,real,PMC-007,pm_native_cache:pnpm:default:9.15.0,pm_native_cache:pnpm:default:9.15.4
pm_native_cache,pnpm native cache,9.15.0,9.15.5,incompatible_switch,TRANSITION,0.025809,0.029625699999999998,dependency_view,True,7,7,0,0,env:7a9cda66bc6b151a7886,real,PMC-007,pm_native_cache:pnpm:default:9.15.0,pm_native_cache:pnpm:default:9.15.5
pm_native_cache,pnpm native cache,9.15.0,9.4.0,incompatible_switch,TRANSITION,0.02634,0.031131499999999996,dependency_view,True,7,7,0,0,env:7a9cda66bc6b151a7886,real,PMC-007,pm_native_cache:pnpm:default:9.15.0,pm_native_cache:pnpm:default:9.4.0
pm_native_cache,pnpm native cache,9.15.4,10.17.1,incompatible_switch,TRANSITION,0.027181,0.030028700000000002,dependency_view,True,7,7,0,0,env:7a9cda66bc6b151a7886,real,PMC-007,pm_native_cache:pnpm:default:9.15.4,pm_native_cache:pnpm:default:10.17.1
pm_native_cache,pnpm native cache,9.15.4,10.27.0,incompatible_switch,TRANSITION,0.026209,0.0292381,dependency_view,True,7,7,0,0,env:7a9cda66bc6b151a7886,real,PMC-007,pm_native_cache:pnpm:default:9.15.4,pm_native_cache:pnpm:default:10.27.0
pm_native_cache,pnpm native cache,9.15.4,10.28.2,incompatible_switch,TRANSITION,0.025819,0.0286861,dependency_view,True,7,7,0,0,env:7a9cda66bc6b151a7886,real,PMC-007,pm_native_cache:pnpm:default:9.15.4,pm_native_cache:pnpm:default:10.28.2
pm_native_cache,pnpm native cache,9.15.4,10.34.5,incompatible_switch,TRANSITION,0.025879,0.0295427,dependency_view,True,7,7,0,0,env:7a9cda66bc6b151a7886,real,PMC-007,pm_native_cache:pnpm:default:9.15.4,pm_native_cache:pnpm:default:10.34.5
pm_native_cache,pnpm native cache,9.15.4,10.4.0,incompatible_switch,TRANSITION,0.025799,0.029143199999999998,dependency_view,True,7,7,0,0,env:7a9cda66bc6b151a7886,real,PMC-007,pm_native_cache:pnpm:default:9.15.4,pm_native_cache:pnpm:default:10.4.0
pm_native_cache,pnpm native cache,9.15.4,11.24.0,incompatible_switch,TRANSITION,0.02611,0.0292708,dependency_view,True,7,7,0,0,env:7a9cda66bc6b151a7886,real,PMC-007,pm_native_cache:pnpm:default:9.15.4,pm_native_cache:pnpm:default:11.24.0
pm_native_cache,pnpm native cache,9.15.4,9.12.2,incompatible_switch,TRANSITION,0.02631,0.0284301,dependency_view,True,7,7,0,0,env:7a9cda66bc6b151a7886,real,PMC-007,pm_native_cache:pnpm:default:9.15.4,pm_native_cache:pnpm:default:9.12.2
pm_native_cache,pnpm native cache,9.15.4,9.15.0,incompatible_switch,TRANSITION,0.02641,0.0297627,dependency_view,True,7,7,0,0,env:7a9cda66bc6b151a7886,real,PMC-007,pm_native_cache:pnpm:default:9.15.4,pm_native_cache:pnpm:default:9.15.0
pm_native_cache,pnpm native cache,9.15.4,9.15.4,exact_hit,TRANSITION,0.025609,0.0292857,,True,7,7,0,0,env:7a9cda66bc6b151a7886,real,PMC-007,pm_native_cache:pnpm:default:9.15.4,pm_native_cache:pnpm:default:9.15.4
pm_native_cache,pnpm native cache,9.15.4,9.15.5,incompatible_switch,TRANSITION,0.025729,0.0301617,dependency_view,True,7,7,0,0,env:7a9cda66bc6b151a7886,real,PMC-007,pm_native_cache:pnpm:default:9.15.4,pm_native_cache:pnpm:default:9.15.5
pm_native_cache,pnpm native cache,9.15.4,9.4.0,incompatible_switch,TRANSITION,0.02684,0.0297487,dependency_view,True,7,7,0,0,env:7a9cda66bc6b151a7886,real,PMC-007,pm_native_cache:pnpm:default:9.15.4,pm_native_cache:pnpm:default:9.4.0
pm_native_cache,pnpm native cache,9.15.5,10.17.1,incompatible_switch,TRANSITION,0.026931,0.03640279999999999,dependency_view,True,7,7,0,0,env:7a9cda66bc6b151a7886,real,PMC-007,pm_native_cache:pnpm:default:9.15.5,pm_native_cache:pnpm:default:10.17.1
pm_native_cache,pnpm native cache,9.15.5,10.27.0,incompatible_switch,TRANSITION,0.028022,0.030724,dependency_view,True,7,7,0,0,env:7a9cda66bc6b151a7886,real,PMC-007,pm_native_cache:pnpm:default:9.15.5,pm_native_cache:pnpm:default:10.27.0
pm_native_cache,pnpm native cache,9.15.5,10.28.2,incompatible_switch,TRANSITION,0.026811,0.09453629999999993,dependency_view,True,7,7,0,0,env:7a9cda66bc6b151a7886,real,PMC-007,pm_native_cache:pnpm:default:9.15.5,pm_native_cache:pnpm:default:10.28.2
pm_native_cache,pnpm native cache,9.15.5,10.34.5,incompatible_switch,TRANSITION,0.027943,0.0315342,dependency_view,True,7,7,0,0,env:7a9cda66bc6b151a7886,real,PMC-007,pm_native_cache:pnpm:default:9.15.5,pm_native_cache:pnpm:default:10.34.5
pm_native_cache,pnpm native cache,9.15.5,10.4.0,incompatible_switch,TRANSITION,0.027481,0.0299277,dependency_view,True,7,7,0,0,env:7a9cda66bc6b151a7886,real,PMC-007,pm_native_cache:pnpm:default:9.15.5,pm_native_cache:pnpm:default:10.4.0
pm_native_cache,pnpm native cache,9.15.5,11.24.0,incompatible_switch,TRANSITION,0.027282,0.0295917,dependency_view,True,7,7,0,0,env:7a9cda66bc6b151a7886,real,PMC-007,pm_native_cache:pnpm:default:9.15.5,pm_native_cache:pnpm:default:11.24.0
pm_native_cache,pnpm native cache,9.15.5,9.12.2,incompatible_switch,TRANSITION,0.02616,0.0289647,dependency_view,True,7,7,0,0,env:7a9cda66bc6b151a7886,real,PMC-007,pm_native_cache:pnpm:default:9.15.5,pm_native_cache:pnpm:default:9.12.2
pm_native_cache,pnpm native cache,9.15.5,9.15.0,incompatible_switch,TRANSITION,0.02639,0.029328999999999997,dependency_view,True,7,7,0,0,env:7a9cda66bc6b151a7886,real,PMC-007,pm_native_cache:pnpm:default:9.15.5,pm_native_cache:pnpm:default:9.15.0
pm_native_cache,pnpm native cache,9.15.5,9.15.4,incompatible_switch,TRANSITION,0.02618,0.0280724,dependency_view,True,7,7,0,0,env:7a9cda66bc6b151a7886,real,PMC-007,pm_native_cache:pnpm:default:9.15.5,pm_native_cache:pnpm:default:9.15.4
pm_native_cache,pnpm native cache,9.15.5,9.15.5,exact_hit,TRANSITION,0.025829,0.029807399999999998,,True,7,7,0,0,env:7a9cda66bc6b151a7886,real,PMC-007,pm_native_cache:pnpm:default:9.15.5,pm_native_cache:pnpm:default:9.15.5
pm_native_cache,pnpm native cache,9.15.5,9.4.0,incompatible_switch,TRANSITION,0.025518,0.027756399999999997,dependency_view,True,7,7,0,0,env:7a9cda66bc6b151a7886,real,PMC-007,pm_native_cache:pnpm:default:9.15.5,pm_native_cache:pnpm:default:9.4.0
pm_native_cache,pnpm native cache,9.4.0,10.17.1,incompatible_switch,TRANSITION,0.026981,0.03805499999999999,dependency_view,True,7,7,0,0,env:7a9cda66bc6b151a7886,real,PMC-007,pm_native_cache:pnpm:default:9.4.0,pm_native_cache:pnpm:default:10.17.1
pm_native_cache,pnpm native cache,9.4.0,10.27.0,incompatible_switch,TRANSITION,0.027321,0.03311119999999999,dependency_view,True,7,7,0,0,env:7a9cda66bc6b151a7886,real,PMC-007,pm_native_cache:pnpm:default:9.4.0,pm_native_cache:pnpm:default:10.27.0
pm_native_cache,pnpm native cache,9.4.0,10.28.2,incompatible_switch,TRANSITION,0.027331,0.028977,dependency_view,True,7,7,0,0,env:7a9cda66bc6b151a7886,real,PMC-007,pm_native_cache:pnpm:default:9.4.0,pm_native_cache:pnpm:default:10.28.2
pm_native_cache,pnpm native cache,9.4.0,10.34.5,incompatible_switch,TRANSITION,0.026079,0.0300284,dependency_view,True,7,7,0,0,env:7a9cda66bc6b151a7886,real,PMC-007,pm_native_cache:pnpm:default:9.4.0,pm_native_cache:pnpm:default:10.34.5
pm_native_cache,pnpm native cache,9.4.0,10.4.0,incompatible_switch,TRANSITION,0.027962,0.08493219999999996,dependency_view,True,7,7,0,0,env:7a9cda66bc6b151a7886,real,PMC-007,pm_native_cache:pnpm:default:9.4.0,pm_native_cache:pnpm:default:10.4.0
pm_native_cache,pnpm native cache,9.4.0,11.24.0,incompatible_switch,TRANSITION,0.027692,0.029899699999999998,dependency_view,True,7,7,0,0,env:7a9cda66bc6b151a7886,real,PMC-007,pm_native_cache:pnpm:default:9.4.0,pm_native_cache:pnpm:default:11.24.0
pm_native_cache,pnpm native cache,9.4.0,9.12.2,incompatible_switch,TRANSITION,0.02662,0.0300444,dependency_view,True,7,7,0,0,env:7a9cda66bc6b151a7886,real,PMC-007,pm_native_cache:pnpm:default:9.4.0,pm_native_cache:pnpm:default:9.12.2
pm_native_cache,pnpm native cache,9.4.0,9.15.0,incompatible_switch,TRANSITION,0.028142,0.0307934,dependency_view,True,7,7,0,0,env:7a9cda66bc6b151a7886,real,PMC-007,pm_native_cache:pnpm:default:9.4.0,pm_native_cache:pnpm:default:9.15.0
pm_native_cache,pnpm native cache,9.4.0,9.15.4,incompatible_switch,TRANSITION,0.026661,0.0300937,dependency_view,True,7,7,0,0,env:7a9cda66bc6b151a7886,real,PMC-007,pm_native_cache:pnpm:default:9.4.0,pm_native_cache:pnpm:default:9.15.4
pm_native_cache,pnpm native cache,9.4.0,9.15.5,incompatible_switch,TRANSITION,0.02649,0.028931,dependency_view,True,7,7,0,0,env:7a9cda66bc6b151a7886,real,PMC-007,pm_native_cache:pnpm:default:9.4.0,pm_native_cache:pnpm:default:9.15.5
pm_native_cache,pnpm native cache,9.4.0,9.4.0,exact_hit,TRANSITION,0.026981,0.028674,,True,7,7,0,0,env:7a9cda66bc6b151a7886,real,PMC-007,pm_native_cache:pnpm:default:9.4.0,pm_native_cache:pnpm:default:9.4.0
pm_native_cache,yarn native cache,3.2.3,3.2.3,exact_hit,TRANSITION,4.945441,4.9933049,,True,7,7,0,0,env:7a9cda66bc6b151a7886,real,PMC-007,pm_native_cache:yarn:berry:3.2.3,pm_native_cache:yarn:berry:3.2.3
pm_native_cache,yarn native cache,3.2.3,3.8.7,incompatible_switch,TRANSITION,1.034668,1.0403281,dependency_view,True,7,7,0,0,env:7a9cda66bc6b151a7886,real,PMC-007,pm_native_cache:yarn:berry:3.2.3,pm_native_cache:yarn:berry:3.8.7
pm_native_cache,yarn native cache,3.2.3,4.0.2,incompatible_switch,TRANSITION,3.603068,3.8532979999999997,dependency_view,True,7,7,0,0,env:7a9cda66bc6b151a7886,real,PMC-007,pm_native_cache:yarn:berry:3.2.3,pm_native_cache:yarn:berry:4.0.2
pm_native_cache,yarn native cache,3.2.3,4.10.3,incompatible_switch,TRANSITION,1.324226,1.3406825,dependency_view,True,7,7,0,0,env:7a9cda66bc6b151a7886,real,PMC-007,pm_native_cache:yarn:berry:3.2.3,pm_native_cache:yarn:berry:4.10.3
pm_native_cache,yarn native cache,3.2.3,4.12.0,incompatible_switch,TRANSITION,4.854673,5.0494053,dependency_view,True,7,7,0,0,env:7a9cda66bc6b151a7886,real,PMC-007,pm_native_cache:yarn:berry:3.2.3,pm_native_cache:yarn:berry:4.12.0
pm_native_cache,yarn native cache,3.2.3,4.9.1,incompatible_switch,TRANSITION,2.420606,2.4657887,dependency_view,True,7,7,0,0,env:7a9cda66bc6b151a7886,real,PMC-007,pm_native_cache:yarn:berry:3.2.3,pm_native_cache:yarn:berry:4.9.1
pm_native_cache,yarn native cache,3.2.3,1.22.21,incompatible_switch,TRANSITION,0.026981,0.2100929999999998,dependency_view,True,7,7,0,0,env:7a9cda66bc6b151a7886,real,PMC-007,pm_native_cache:yarn:berry:3.2.3,pm_native_cache:yarn:classic:1.22.21
pm_native_cache,yarn native cache,3.2.3,1.22.22,incompatible_switch,TRANSITION,0.02617,0.028443,dependency_view,True,7,7,0,0,env:7a9cda66bc6b151a7886,real,PMC-007,pm_native_cache:yarn:berry:3.2.3,pm_native_cache:yarn:classic:1.22.22
pm_native_cache,yarn native cache,3.8.7,3.2.3,incompatible_switch,TRANSITION,4.931601,5.478994299999999,dependency_view,True,7,7,0,0,env:7a9cda66bc6b151a7886,real,PMC-007,pm_native_cache:yarn:berry:3.8.7,pm_native_cache:yarn:berry:3.2.3
pm_native_cache,yarn native cache,3.8.7,3.8.7,exact_hit,TRANSITION,1.044131,1.0464197,,True,7,7,0,0,env:7a9cda66bc6b151a7886,real,PMC-007,pm_native_cache:yarn:berry:3.8.7,pm_native_cache:yarn:berry:3.8.7
pm_native_cache,yarn native cache,3.8.7,4.0.2,incompatible_switch,TRANSITION,3.605332,3.9540022,dependency_view,True,7,7,0,0,env:7a9cda66bc6b151a7886,real,PMC-007,pm_native_cache:yarn:berry:3.8.7,pm_native_cache:yarn:berry:4.0.2
pm_native_cache,yarn native cache,3.8.7,4.10.3,incompatible_switch,TRANSITION,1.323215,1.3340880000000002,dependency_view,True,7,7,0,0,env:7a9cda66bc6b151a7886,real,PMC-007,pm_native_cache:yarn:berry:3.8.7,pm_native_cache:yarn:berry:4.10.3
pm_native_cache,yarn native cache,3.8.7,4.12.0,incompatible_switch,TRANSITION,4.848395,4.905884299999999,dependency_view,True,7,7,0,0,env:7a9cda66bc6b151a7886,real,PMC-007,pm_native_cache:yarn:berry:3.8.7,pm_native_cache:yarn:berry:4.12.0
pm_native_cache,yarn native cache,3.8.7,4.9.1,incompatible_switch,TRANSITION,2.392594,2.4257497999999997,dependency_view,True,7,7,0,0,env:7a9cda66bc6b151a7886,real,PMC-007,pm_native_cache:yarn:berry:3.8.7,pm_native_cache:yarn:berry:4.9.1
pm_native_cache,yarn native cache,3.8.7,1.22.21,incompatible_switch,TRANSITION,0.025288,0.0281547,dependency_view,True,7,7,0,0,env:7a9cda66bc6b151a7886,real,PMC-007,pm_native_cache:yarn:berry:3.8.7,pm_native_cache:yarn:classic:1.22.21
pm_native_cache,yarn native cache,3.8.7,1.22.22,incompatible_switch,TRANSITION,0.025248,0.0276307,dependency_view,True,7,7,0,0,env:7a9cda66bc6b151a7886,real,PMC-007,pm_native_cache:yarn:berry:3.8.7,pm_native_cache:yarn:classic:1.22.22
pm_native_cache,yarn native cache,4.0.2,3.2.3,incompatible_switch,TRANSITION,4.999423,5.0275893,dependency_view,True,7,7,0,0,env:7a9cda66bc6b151a7886,real,PMC-007,pm_native_cache:yarn:berry:4.0.2,pm_native_cache:yarn:berry:3.2.3
pm_native_cache,yarn native cache,4.0.2,3.8.7,incompatible_switch,TRANSITION,1.041798,1.0678464,dependency_view,True,7,7,0,0,env:7a9cda66bc6b151a7886,real,PMC-007,pm_native_cache:yarn:berry:4.0.2,pm_native_cache:yarn:berry:3.8.7
pm_native_cache,yarn native cache,4.0.2,4.0.2,exact_hit,TRANSITION,3.57139,3.6491607,,True,7,7,0,0,env:7a9cda66bc6b151a7886,real,PMC-007,pm_native_cache:yarn:berry:4.0.2,pm_native_cache:yarn:berry:4.0.2
pm_native_cache,yarn native cache,4.0.2,4.10.3,incompatible_switch,TRANSITION,1.325618,1.4169984,dependency_view,True,7,7,0,0,env:7a9cda66bc6b151a7886,real,PMC-007,pm_native_cache:yarn:berry:4.0.2,pm_native_cache:yarn:berry:4.10.3
pm_native_cache,yarn native cache,4.0.2,4.12.0,incompatible_switch,TRANSITION,4.845199,4.870114500000001,dependency_view,True,7,7,0,0,env:7a9cda66bc6b151a7886,real,PMC-007,pm_native_cache:yarn:berry:4.0.2,pm_native_cache:yarn:berry:4.12.0
pm_native_cache,yarn native cache,4.0.2,4.9.1,incompatible_switch,TRANSITION,2.401268,2.4087954,dependency_view,True,7,7,0,0,env:7a9cda66bc6b151a7886,real,PMC-007,pm_native_cache:yarn:berry:4.0.2,pm_native_cache:yarn:berry:4.9.1
pm_native_cache,yarn native cache,4.0.2,1.22.21,incompatible_switch,TRANSITION,0.02648,0.03707849999999999,dependency_view,True,7,7,0,0,env:7a9cda66bc6b151a7886,real,PMC-007,pm_native_cache:yarn:berry:4.0.2,pm_native_cache:yarn:classic:1.22.21
pm_native_cache,yarn native cache,4.0.2,1.22.22,incompatible_switch,TRANSITION,0.02634,0.0297027,dependency_view,True,7,7,0,0,env:7a9cda66bc6b151a7886,real,PMC-007,pm_native_cache:yarn:berry:4.0.2,pm_native_cache:yarn:classic:1.22.22
pm_native_cache,yarn native cache,4.10.3,3.2.3,incompatible_switch,TRANSITION,4.945301,4.9868938,dependency_view,True,7,7,0,0,env:7a9cda66bc6b151a7886,real,PMC-007,pm_native_cache:yarn:berry:4.10.3,pm_native_cache:yarn:berry:3.2.3
pm_native_cache,yarn native cache,4.10.3,3.8.7,incompatible_switch,TRANSITION,1.035519,1.0468788999999998,dependency_view,True,7,7,0,0,env:7a9cda66bc6b151a7886,real,PMC-007,pm_native_cache:yarn:berry:4.10.3,pm_native_cache:yarn:berry:3.8.7
pm_native_cache,yarn native cache,4.10.3,4.0.2,incompatible_switch,TRANSITION,3.585822,3.6345844,dependency_view,True,7,7,0,0,env:7a9cda66bc6b151a7886,real,PMC-007,pm_native_cache:yarn:berry:4.10.3,pm_native_cache:yarn:berry:4.0.2
pm_native_cache,yarn native cache,4.10.3,4.10.3,exact_hit,TRANSITION,1.308773,1.3329073,,True,7,7,0,0,env:7a9cda66bc6b151a7886,real,PMC-007,pm_native_cache:yarn:berry:4.10.3,pm_native_cache:yarn:berry:4.10.3
pm_native_cache,yarn native cache,4.10.3,4.12.0,incompatible_switch,TRANSITION,4.818619,4.8551464,dependency_view,True,7,7,0,0,env:7a9cda66bc6b151a7886,real,PMC-007,pm_native_cache:yarn:berry:4.10.3,pm_native_cache:yarn:berry:4.12.0
pm_native_cache,yarn native cache,4.10.3,4.9.1,incompatible_switch,TRANSITION,2.430392,2.4940992,dependency_view,True,7,7,0,0,env:7a9cda66bc6b151a7886,real,PMC-007,pm_native_cache:yarn:berry:4.10.3,pm_native_cache:yarn:berry:4.9.1
pm_native_cache,yarn native cache,4.10.3,1.22.21,incompatible_switch,TRANSITION,0.027432,0.0301584,dependency_view,True,7,7,0,0,env:7a9cda66bc6b151a7886,real,PMC-007,pm_native_cache:yarn:berry:4.10.3,pm_native_cache:yarn:classic:1.22.21
pm_native_cache,yarn native cache,4.10.3,1.22.22,incompatible_switch,TRANSITION,0.02639,0.028714999999999997,dependency_view,True,7,7,0,0,env:7a9cda66bc6b151a7886,real,PMC-007,pm_native_cache:yarn:berry:4.10.3,pm_native_cache:yarn:classic:1.22.22
pm_native_cache,yarn native cache,4.12.0,3.2.3,incompatible_switch,TRANSITION,5.036019,5.1255621,dependency_view,True,7,7,0,0,env:7a9cda66bc6b151a7886,real,PMC-007,pm_native_cache:yarn:berry:4.12.0,pm_native_cache:yarn:berry:3.2.3
pm_native_cache,yarn native cache,4.12.0,3.8.7,incompatible_switch,TRANSITION,1.049159,1.0713185,dependency_view,True,7,7,0,0,env:7a9cda66bc6b151a7886,real,PMC-007,pm_native_cache:yarn:berry:4.12.0,pm_native_cache:yarn:berry:3.8.7
pm_native_cache,yarn native cache,4.12.0,4.0.2,incompatible_switch,TRANSITION,3.585962,3.6795531,dependency_view,True,7,7,0,0,env:7a9cda66bc6b151a7886,real,PMC-007,pm_native_cache:yarn:berry:4.12.0,pm_native_cache:yarn:berry:4.0.2
pm_native_cache,yarn native cache,4.12.0,4.10.3,incompatible_switch,TRANSITION,1.32698,1.3385917,dependency_view,True,7,7,0,0,env:7a9cda66bc6b151a7886,real,PMC-007,pm_native_cache:yarn:berry:4.12.0,pm_native_cache:yarn:berry:4.10.3
pm_native_cache,yarn native cache,4.12.0,4.12.0,exact_hit,TRANSITION,4.797167,4.842026,,True,7,7,0,0,env:7a9cda66bc6b151a7886,real,PMC-007,pm_native_cache:yarn:berry:4.12.0,pm_native_cache:yarn:berry:4.12.0
pm_native_cache,yarn native cache,4.12.0,4.9.1,incompatible_switch,TRANSITION,2.403561,2.4144389,dependency_view,True,7,7,0,0,env:7a9cda66bc6b151a7886,real,PMC-007,pm_native_cache:yarn:berry:4.12.0,pm_native_cache:yarn:berry:4.9.1
pm_native_cache,yarn native cache,4.12.0,1.22.21,incompatible_switch,TRANSITION,0.028222,0.0291937,dependency_view,True,7,7,0,0,env:7a9cda66bc6b151a7886,real,PMC-007,pm_native_cache:yarn:berry:4.12.0,pm_native_cache:yarn:classic:1.22.21
pm_native_cache,yarn native cache,4.12.0,1.22.22,incompatible_switch,TRANSITION,0.025429,0.0287877,dependency_view,True,7,7,0,0,env:7a9cda66bc6b151a7886,real,PMC-007,pm_native_cache:yarn:berry:4.12.0,pm_native_cache:yarn:classic:1.22.22
pm_native_cache,yarn native cache,4.9.1,3.2.3,incompatible_switch,TRANSITION,4.95091,4.9934967,dependency_view,True,7,7,0,0,env:7a9cda66bc6b151a7886,real,PMC-007,pm_native_cache:yarn:berry:4.9.1,pm_native_cache:yarn:berry:3.2.3
pm_native_cache,yarn native cache,4.9.1,3.8.7,incompatible_switch,TRANSITION,1.03649,1.06259,dependency_view,True,7,7,0,0,env:7a9cda66bc6b151a7886,real,PMC-007,pm_native_cache:yarn:berry:4.9.1,pm_native_cache:yarn:berry:3.8.7
pm_native_cache,yarn native cache,4.9.1,4.0.2,incompatible_switch,TRANSITION,3.569678,3.6227796,dependency_view,True,7,7,0,0,env:7a9cda66bc6b151a7886,real,PMC-007,pm_native_cache:yarn:berry:4.9.1,pm_native_cache:yarn:berry:4.0.2
pm_native_cache,yarn native cache,4.9.1,4.10.3,incompatible_switch,TRANSITION,1.334371,1.3453306999999999,dependency_view,True,7,7,0,0,env:7a9cda66bc6b151a7886,real,PMC-007,pm_native_cache:yarn:berry:4.9.1,pm_native_cache:yarn:berry:4.10.3
pm_native_cache,yarn native cache,4.9.1,4.12.0,incompatible_switch,TRANSITION,4.816816,4.8473519,dependency_view,True,7,7,0,0,env:7a9cda66bc6b151a7886,real,PMC-007,pm_native_cache:yarn:berry:4.9.1,pm_native_cache:yarn:berry:4.12.0
pm_native_cache,yarn native cache,4.9.1,4.9.1,exact_hit,TRANSITION,2.414468,2.6195473,,True,7,7,0,0,env:7a9cda66bc6b151a7886,real,PMC-007,pm_native_cache:yarn:berry:4.9.1,pm_native_cache:yarn:berry:4.9.1
pm_native_cache,yarn native cache,4.9.1,1.22.21,incompatible_switch,TRANSITION,0.027221,0.0297351,dependency_view,True,7,7,0,0,env:7a9cda66bc6b151a7886,real,PMC-007,pm_native_cache:yarn:berry:4.9.1,pm_native_cache:yarn:classic:1.22.21
pm_native_cache,yarn native cache,4.9.1,1.22.22,incompatible_switch,TRANSITION,0.026611,0.0287587,dependency_view,True,7,7,0,0,env:7a9cda66bc6b151a7886,real,PMC-007,pm_native_cache:yarn:berry:4.9.1,pm_native_cache:yarn:classic:1.22.22
pm_native_cache,yarn native cache,1.22.21,3.2.3,incompatible_switch,TRANSITION,5.013194,5.030879,dependency_view,True,7,7,0,0,env:7a9cda66bc6b151a7886,real,PMC-007,pm_native_cache:yarn:classic:1.22.21,pm_native_cache:yarn:berry:3.2.3
pm_native_cache,yarn native cache,1.22.21,3.8.7,incompatible_switch,TRANSITION,1.047236,1.1265605,dependency_view,True,7,7,0,0,env:7a9cda66bc6b151a7886,real,PMC-007,pm_native_cache:yarn:classic:1.22.21,pm_native_cache:yarn:berry:3.8.7
pm_native_cache,yarn native cache,1.22.21,4.0.2,incompatible_switch,TRANSITION,3.564449,3.8589178,dependency_view,True,7,7,0,0,env:7a9cda66bc6b151a7886,real,PMC-007,pm_native_cache:yarn:classic:1.22.21,pm_native_cache:yarn:berry:4.0.2
pm_native_cache,yarn native cache,1.22.21,4.10.3,incompatible_switch,TRANSITION,1.325959,1.3314327,dependency_view,True,7,7,0,0,env:7a9cda66bc6b151a7886,real,PMC-007,pm_native_cache:yarn:classic:1.22.21,pm_native_cache:yarn:berry:4.10.3
pm_native_cache,yarn native cache,1.22.21,4.12.0,incompatible_switch,TRANSITION,4.86493,4.8854545,dependency_view,True,7,7,0,0,env:7a9cda66bc6b151a7886,real,PMC-007,pm_native_cache:yarn:classic:1.22.21,pm_native_cache:yarn:berry:4.12.0
pm_native_cache,yarn native cache,1.22.21,4.9.1,incompatible_switch,TRANSITION,2.414498,2.4213886,dependency_view,True,7,7,0,0,env:7a9cda66bc6b151a7886,real,PMC-007,pm_native_cache:yarn:classic:1.22.21,pm_native_cache:yarn:berry:4.9.1
pm_native_cache,yarn native cache,1.22.21,1.22.21,exact_hit,TRANSITION,0.026921,0.033815599999999994,,True,7,7,0,0,env:7a9cda66bc6b151a7886,real,PMC-007,pm_native_cache:yarn:classic:1.22.21,pm_native_cache:yarn:classic:1.22.21
pm_native_cache,yarn native cache,1.22.21,1.22.22,incompatible_switch,TRANSITION,0.027251,0.0288378,dependency_view,True,7,7,0,0,env:7a9cda66bc6b151a7886,real,PMC-007,pm_native_cache:yarn:classic:1.22.21,pm_native_cache:yarn:classic:1.22.22
pm_native_cache,yarn native cache,1.22.22,3.2.3,incompatible_switch,TRANSITION,4.956919,5.0139583,dependency_view,True,7,7,0,0,env:7a9cda66bc6b151a7886,real,PMC-007,pm_native_cache:yarn:classic:1.22.22,pm_native_cache:yarn:berry:3.2.3
pm_native_cache,yarn native cache,1.22.22,3.8.7,incompatible_switch,TRANSITION,1.038423,1.0428150999999999,dependency_view,True,7,7,0,0,env:7a9cda66bc6b151a7886,real,PMC-007,pm_native_cache:yarn:classic:1.22.22,pm_native_cache:yarn:berry:3.8.7
pm_native_cache,yarn native cache,1.22.22,4.0.2,incompatible_switch,TRANSITION,3.599242,3.70066,dependency_view,True,7,7,0,0,env:7a9cda66bc6b151a7886,real,PMC-007,pm_native_cache:yarn:classic:1.22.22,pm_native_cache:yarn:berry:4.0.2
pm_native_cache,yarn native cache,1.22.22,4.10.3,incompatible_switch,TRANSITION,1.326409,1.3438507,dependency_view,True,7,7,0,0,env:7a9cda66bc6b151a7886,real,PMC-007,pm_native_cache:yarn:classic:1.22.22,pm_native_cache:yarn:berry:4.10.3
pm_native_cache,yarn native cache,1.22.22,4.12.0,incompatible_switch,TRANSITION,4.850638,4.8961559,dependency_view,True,7,7,0,0,env:7a9cda66bc6b151a7886,real,PMC-007,pm_native_cache:yarn:classic:1.22.22,pm_native_cache:yarn:berry:4.12.0
pm_native_cache,yarn native cache,1.22.22,4.9.1,incompatible_switch,TRANSITION,2.422329,2.4310422,dependency_view,True,7,7,0,0,env:7a9cda66bc6b151a7886,real,PMC-007,pm_native_cache:yarn:classic:1.22.22,pm_native_cache:yarn:berry:4.9.1
pm_native_cache,yarn native cache,1.22.22,1.22.21,incompatible_switch,TRANSITION,0.029224,0.03524669999999999,dependency_view,True,7,7,0,0,env:7a9cda66bc6b151a7886,real,PMC-007,pm_native_cache:yarn:classic:1.22.22,pm_native_cache:yarn:classic:1.22.21
pm_native_cache,yarn native cache,1.22.22,1.22.22,exact_hit,TRANSITION,0.02646,0.0324466,,True,7,7,0,0,env:7a9cda66bc6b151a7886,real,PMC-007,pm_native_cache:yarn:classic:1.22.22,pm_native_cache:yarn:classic:1.22.22
pm_native_cache,bun native cache,1.2.18,1.2.18,contention_path,TRANSITION,102.276668,118.4850786,,True,7,7,0,0,env:7a9cda66bc6b151a7886,real,PMC-009,pm_native_cache:bun:default:1.2.18,pm_native_cache:bun:default:1.2.18
project_server,tsserver,cold,7.0.2,process_cold,TRANSITION,251.307678,318.90555939999996,,True,7,7,0,0,env:7a9cda66bc6b151a7886,synthetic,BLD-003,,project_server:synthetic:tsserver
project_server,Vite watch process,8.2.2,8.2.2,dirty_reset,TRANSITION,31.448191,31.4657905,,True,7,7,0,0,env:7a9cda66bc6b151a7886,synthetic,BLD-022,project_server:synthetic:vite-watch,project_server:synthetic:vite-watch
project_server,semantic HTTP fixture,cold,v1,process_cold,TRANSITION,2.092957,2.6071459999999997,,True,7,7,0,0,env:7a9cda66bc6b151a7886,synthetic,SRV-001,,project_server:synthetic:http:v1
project_server,semantic HTTP fixture,v1,v1,exact_hit,TRANSITION,1.095598,1.6131991999999997,,True,7,7,0,0,env:7a9cda66bc6b151a7886,synthetic,SRV-002,project_server:synthetic:http:v1,project_server:synthetic:http:v1
project_server,semantic HTTP fixture,v1,v1,exact_hit,TRANSITION,1.006403,1.1537743999999999,,True,7,7,0,0,env:7a9cda66bc6b151a7886,synthetic,SRV-003,project_server:synthetic:http:v1,project_server:synthetic:http:v1
project_server,semantic HTTP fixture,v1,v1,compatible_reuse,TRANSITION,1.171994,1.3799353999999997,,True,7,7,0,0,env:7a9cda66bc6b151a7886,synthetic,SRV-004,project_server:synthetic:http:v1,project_server:synthetic:http:v1
project_server,semantic HTTP fixture,v1,v1,incompatible_switch,TRANSITION,1.158704,1.2601989999999998,project_server,True,7,7,0,0,env:7a9cda66bc6b151a7886,synthetic,SRV-005,project_server:synthetic:http:v1,project_server:synthetic:http:v1
project_server,semantic HTTP fixture,v1,v1,incompatible_switch,TRANSITION,1.189761,1.4002814999999997,project_server,True,7,7,0,0,env:7a9cda66bc6b151a7886,synthetic,SRV-006,project_server:synthetic:http:v1,project_server:synthetic:http:v1
project_server,semantic HTTP fixture,v1,v1,dirty_reset,TRANSITION,500.760684,500.7802094,,True,7,7,0,0,env:7a9cda66bc6b151a7886,synthetic,SRV-007,project_server:synthetic:http:v1,project_server:synthetic:http:v1
project_server,semantic HTTP fixture,v1,v1,dirty_reset,TRANSITION,500.735812,500.7511537,,True,7,7,0,0,env:7a9cda66bc6b151a7886,synthetic,SRV-008,project_server:synthetic:http:v1,project_server:synthetic:http:v1
project_server,semantic HTTP fixture,v1,v1,compatible_reuse,TRANSITION,1.11683,1.3045415999999999,,True,7,7,0,0,env:7a9cda66bc6b151a7886,synthetic,SRV-009,project_server:synthetic:http:v1,project_server:synthetic:http:v1
project_server,semantic HTTP fixture,v1,v1,compatible_reuse,TRANSITION,88.754989,105.4714611,,True,7,7,0,0,env:7a9cda66bc6b151a7886,synthetic,SRV-010,project_server:synthetic:http:v1,project_server:synthetic:http:v1
raw_cas,artifact index lookup | cold/warm、32k artifacts,v1,v1,exact_hit,PREP,0.002855,0.004065,,True,7,7,0,0,env:7a9cda66bc6b151a7886,synthetic,CAS-001,raw_cas:benchmark:cas-001:default,raw_cas:benchmark:cas-001:default
raw_cas,blob stat/existence | metadata warm、concurrent readers,v1,v1,exact_hit,PREP,0.00045,0.0005766999999999999,,True,7,7,0,0,env:7a9cda66bc6b151a7886,synthetic,CAS-002,raw_cas:benchmark:cas-002:default,raw_cas:benchmark:cas-002:default
raw_cas,blob read | 1KB/100KB/1MB/10MB/100MB,v1,v1,exact_hit,PREP,0.002604,0.005363099999999998,,True,7,7,0,0,env:7a9cda66bc6b151a7886,synthetic,CAS-003,raw_cas:benchmark:cas-003:default,raw_cas:benchmark:cas-003:default
raw_cas,SHA-256 validation | size、page-cache cold/warm,v1,v1,exact_hit,PREP,0.000791,0.0015836999999999997,,True,7,7,0,0,env:7a9cda66bc6b151a7886,synthetic,CAS-004,raw_cas:benchmark:cas-004:default,raw_cas:benchmark:cas-004:default
raw_cas,SHA-512/SRI validation | valid/invalid、size,v1,v1,exact_hit,PREP,0.000551,0.0006259999999999999,,True,7,7,0,0,env:7a9cda66bc6b151a7886,synthetic,CAS-005,raw_cas:benchmark:cas-005:default,raw_cas:benchmark:cas-005:default
raw_cas,atomic write/rename/fsync | local/overlay、disk failure,v1,v1,exact_hit,PREP,0.000651,0.0009389999999999998,,True,7,7,0,0,env:7a9cda66bc6b151a7886,synthetic,CAS-006,raw_cas:benchmark:cas-006:default,raw_cas:benchmark:cas-006:default
raw_cas,metadata read/write | first/reuse、large references,v1,v1,exact_hit,PREP,0.000681,0.0007709999999999999,,True,7,7,0,0,env:7a9cda66bc6b151a7886,synthetic,CAS-007,raw_cas:benchmark:cas-007:default,raw_cas:benchmark:cas-007:default
raw_cas,duplicate fetch coalescing | 2/8/32 callers,v1,v1,exact_hit,PREP,0.001672,0.001967,,True,7,7,0,0,env:7a9cda66bc6b151a7886,synthetic,CAS-008,raw_cas:benchmark:cas-008:default,raw_cas:benchmark:cas-008:default
raw_cas,corrupt hit detection/repair | zero/wrong hash/truncated,cold,v1,failure_path,PREP,0.000691,0.0008407,,True,7,7,0,0,env:7a9cda66bc6b151a7886,synthetic,CAS-009,,raw_cas:benchmark:cas-009:default
raw_cas,retention/garbage scan | 32k/100k/1M blobs,v1,v1,exact_hit,PREP,0.001983,0.0021939999999999998,,True,7,7,0,0,env:7a9cda66bc6b151a7886,synthetic,CAS-010,raw_cas:benchmark:cas-010:default,raw_cas:benchmark:cas-010:default
rootfs,Ubuntu host rootfs,24.04,24.04,exact_hit,DIAGNOSTIC,139.094669,144.53487339999998,,True,7,7,0,0,env:7a9cda66bc6b151a7886,synthetic,SYS-007,rootfs:host:ubuntu24,rootfs:host:ubuntu24
rootfs,Ubuntu host rootfs,24.04,24.04,exact_hit,PREP,118.312591,124.4944079,,True,7,7,0,0,env:7a9cda66bc6b151a7886,synthetic,SYS-008,rootfs:host:ubuntu24,rootfs:host:ubuntu24
rootfs,Ubuntu host rootfs,24.04,24.04,exact_hit,PREP,236.283185,261.50936939999997,,True,7,7,0,0,env:7a9cda66bc6b151a7886,synthetic,SYS-010,rootfs:host:ubuntu24,rootfs:host:ubuntu24
rootfs,Ubuntu host rootfs,24.04,24.04,exact_hit,PREP,5.156704,5.9371454,,True,7,7,0,0,env:7a9cda66bc6b151a7886,synthetic,SYS-011,rootfs:host:ubuntu24,rootfs:host:ubuntu24
source_overlay,global/node | Git clone/fetch | network cold、object hit、shallow/full | PREP/PLAC,cold,v1,artifact_cold,TRANSITION,118.620191,130.0369553,,True,7,7,0,0,env:7a9cda66bc6b151a7886,synthetic,SRC-001,,source_overlay:benchmark:src-001:default
source_overlay,node | exact commit checkout | object cold/warm、repo size | TRANSITION,cold,v1,artifact_cold,TRANSITION,12.589674,14.081788099999999,,True,7,7,0,0,env:7a9cda66bc6b151a7886,synthetic,SRC-002,,source_overlay:benchmark:src-002:default
source_overlay,node | worktree create/remove | first/repeated/concurrent | TRANSITION/CLEANUP,cold,v1,artifact_cold,TRANSITION,11.708522,12.1091744,,True,7,7,0,0,env:7a9cda66bc6b151a7886,synthetic,SRC-003,,source_overlay:benchmark:src-003:default
source_overlay,node | baseline snapshot create/attach | tar/overlay/btrfs/tmpfs | PREP/TRANSITI,cold,v1,artifact_cold,TRANSITION,0.000681,0.0009519999999999998,,True,7,7,0,0,env:7a9cda66bc6b151a7886,synthetic,SRC-005,,source_overlay:benchmark:src-005:default
source_overlay,task | writable overlay create | tree size/inodes | TRANSITION,cold,v1,artifact_cold,TRANSITION,0.000601,0.0006343000000000001,,True,7,7,0,0,env:7a9cda66bc6b151a7886,synthetic,SRC-006,,source_overlay:benchmark:src-006:default
source_overlay,task | SWE task patch apply | clean/conflict/large patch | TRANSITION,cold,v1,artifact_cold,TRANSITION,3.575185,4.5469042,,True,7,7,0,0,env:7a9cda66bc6b151a7886,synthetic,SRC-007,,source_overlay:benchmark:src-007:default
source_overlay,task | dirty-tree scan | clean/few/many files | CLEANUP,v1,v1,dirty_reset,CLEANUP,0.000531,0.000615,,True,7,7,0,0,env:7a9cda66bc6b151a7886,synthetic,SRC-008,source_overlay:benchmark:src-008:default,source_overlay:benchmark:src-008:default
source_overlay,task | overlay discard/reset | bytes/inodes/open handles | CLEANUP,v1,v1,dirty_reset,CLEANUP,1.676102,2.1718935999999998,,True,7,7,0,0,env:7a9cda66bc6b151a7886,synthetic,SRC-009,source_overlay:benchmark:src-009:default,source_overlay:benchmark:src-009:default
source_overlay,node/task | dependency root attach | root/nested/two-root profile | TRANSITION,cold,v1,artifact_cold,TRANSITION,0.000661,0.0007017,,True,7,7,0,0,env:7a9cda66bc6b151a7886,synthetic,SRC-010,,source_overlay:benchmark:src-010:default
source_overlay,node | repo page-cache effect | logical/physical cold | DIAGNOSTIC,cold,v1,artifact_cold,DIAGNOSTIC,0.000501,0.0009916999999999999,,True,7,7,0,0,env:7a9cda66bc6b151a7886,synthetic,SRC-011,,source_overlay:benchmark:src-011:default
source_overlay,task | generated output cleanup | build/codegen/untracked | CLEANUP,v1,v1,dirty_reset,CLEANUP,1.475657,1.5698789,,True,7,7,0,0,env:7a9cda66bc6b151a7886,synthetic,SRC-012,source_overlay:benchmark:src-012:default,source_overlay:benchmark:src-012:default
source_overlay,task | symlink safety/cleanup | internal/escaping/broken | CLEANUP/RISK,v1,v1,dirty_reset,TRANSITION,0.001141,0.0015237,,True,7,7,0,0,env:7a9cda66bc6b151a7886,synthetic,SRC-013,source_overlay:benchmark:src-013:default,source_overlay:benchmark:src-013:default
system_toolchain,Ubuntu build toolchain,cold,gcc13-python3.12,artifact_cold,PREP,234.142204,239.2366341,,True,7,7,0,0,env:7a9cda66bc6b151a7886,synthetic,NTC-001,,system_toolchain:ubuntu24:gcc13:python3.12
system_toolchain,Ubuntu build toolchain,cold,gcc13-python3.12,artifact_cold,PREP,790.082898,818.5285087,,True,7,7,0,0,env:7a9cda66bc6b151a7886,synthetic,NTC-002,,system_toolchain:ubuntu24:gcc13:python3.12
system_toolchain,Ubuntu build toolchain,cold,gcc13-python3.12,artifact_cold,PREP,116.451607,123.4965744,,True,7,7,0,0,env:7a9cda66bc6b151a7886,synthetic,NTC-003,,system_toolchain:ubuntu24:gcc13:python3.12
system_toolchain,Ubuntu build toolchain,cold,gcc13-python3.12,artifact_cold,PREP,239.768002,319.99798979999997,,True,7,7,0,0,env:7a9cda66bc6b151a7886,synthetic,NTC-005,,system_toolchain:ubuntu24:gcc13:python3.12
system_toolchain,Ubuntu build toolchain,cold,gcc13-python3.12,process_cold,PREP,120.229123,122.4268369,,True,7,7,0,0,env:7a9cda66bc6b151a7886,synthetic,NTC-008,,system_toolchain:ubuntu24:gcc13:python3.12
system_toolchain,Ubuntu build toolchain,gcc13-python3.12,gcc13-python3.12,exact_hit,PREP,2.924225,3.3254395999999997,,True,7,7,0,0,env:7a9cda66bc6b151a7886,synthetic,NTC-009,system_toolchain:ubuntu24:gcc13:python3.12,system_toolchain:ubuntu24:gcc13:python3.12
system_toolchain,Ubuntu build toolchain,gcc13-python3.12,gcc13-python3.12,exact_hit,PREP,2.156343,2.2875801,,True,7,7,0,0,env:7a9cda66bc6b151a7886,synthetic,NTC-010,system_toolchain:ubuntu24:gcc13:python3.12,system_toolchain:ubuntu24:gcc13:python3.12
system_toolchain,Ubuntu build toolchain,gcc13-python3.12,gcc13-python3.12,dirty_reset,PREP,1.414631,1.7172331999999997,,True,7,7,0,0,env:7a9cda66bc6b151a7886,synthetic,NTC-012,system_toolchain:ubuntu24:gcc13:python3.12,system_toolchain:ubuntu24:gcc13:python3.12
task_harness,rollout harness,cold,v1,artifact_cold,TRANSITION,0.495209,0.5378069,,True,7,7,0,0,env:7a9cda66bc6b151a7886,synthetic,TSK-001,,task_harness:synthetic:rollout:v1
task_harness,rollout harness,cold,v1,artifact_cold,TRANSITION,0.448779,0.6482050999999999,,True,7,7,0,0,env:7a9cda66bc6b151a7886,synthetic,TSK-002,,task_harness:synthetic:rollout:v1
task_harness,rollout harness,cold,v1,process_cold,EXECUTION,120.28362,131.26146889999998,,True,7,7,0,0,env:7a9cda66bc6b151a7886,synthetic,TSK-003,,task_harness:synthetic:rollout:v1
task_harness,rollout harness,cold,v1,process_cold,EXECUTION,116.750653,129.45669009999997,,True,7,7,0,0,env:7a9cda66bc6b151a7886,synthetic,TSK-004,,task_harness:synthetic:rollout:v1
task_harness,rollout harness,cold,v1,artifact_cold,EXECUTION,0.899521,0.9335892,,True,7,7,0,0,env:7a9cda66bc6b151a7886,synthetic,TSK-005,,task_harness:synthetic:rollout:v1
task_harness,rollout harness,v1,v1,dirty_reset,CLEANUP,101.237207,101.2755801,,True,7,7,0,0,env:7a9cda66bc6b151a7886,synthetic,TSK-006,task_harness:synthetic:rollout:v1,task_harness:synthetic:rollout:v1
task_harness,rollout harness,v1,v1,dirty_reset,CLEANUP,0.074272,0.08264089999999999,,True,7,7,0,0,env:7a9cda66bc6b151a7886,synthetic,TSK-007,task_harness:synthetic:rollout:v1,task_harness:synthetic:rollout:v1
task_harness,rollout harness,v1,v1,dirty_reset,CLEANUP,1.444996,1.8731191999999997,,True,7,7,0,0,env:7a9cda66bc6b151a7886,synthetic,TSK-008,task_harness:synthetic:rollout:v1,task_harness:synthetic:rollout:v1
task_harness,rollout harness,v1,v1,dirty_reset,CLEANUP,72.120095,80.5802495,,True,7,7,0,0,env:7a9cda66bc6b151a7886,synthetic,TSK-009,task_harness:synthetic:rollout:v1,task_harness:synthetic:rollout:v1
task_harness,rollout harness,v1,v1,dirty_reset,CLEANUP,0.024176,0.024987699999999998,,True,7,7,0,0,env:7a9cda66bc6b151a7886,synthetic,TSK-010,task_harness:synthetic:rollout:v1,task_harness:synthetic:rollout:v1
task_harness,rollout harness,v1,v1,dirty_reset,CLEANUP,0.018028,0.019801,,True,7,7,0,0,env:7a9cda66bc6b151a7886,synthetic,TSK-011,task_harness:synthetic:rollout:v1,task_harness:synthetic:rollout:v1
task_harness,rollout harness,v1,v1,exact_hit,CLEANUP,0.042915,0.16868629999999987,,True,7,7,0,0,env:7a9cda66bc6b151a7886,synthetic,TSK-012,task_harness:synthetic:rollout:v1,task_harness:synthetic:rollout:v1
task_harness,rollout harness,v1,v1,compatible_reuse,DIAGNOSTIC,251.582415,332.1513992999999,,True,7,7,0,0,env:7a9cda66bc6b151a7886,synthetic,TSK-013,task_harness:synthetic:rollout:v1,task_harness:synthetic:rollout:v1
task_harness,rollout harness,v1,v1,exact_hit,CONTROL,0.001192,0.0028109999999999997,,True,7,7,0,0,env:7a9cda66bc6b151a7886,synthetic,TSK-014,task_harness:synthetic:rollout:v1,task_harness:synthetic:rollout:v1
test_transform_cache,jest,cold,30.4.2,process_cold,TRANSITION,588.237591,619.1476638,,True,7,7,0,0,env:7a9cda66bc6b151a7886,synthetic,TST-001,,test_transform_cache:synthetic:jest:30.4.2
test_transform_cache,jest,30.4.2,30.4.2,exact_hit,TRANSITION,566.659971,599.8641011999999,,True,7,7,0,0,env:7a9cda66bc6b151a7886,synthetic,TST-001,test_transform_cache:synthetic:jest:30.4.2,test_transform_cache:synthetic:jest:30.4.2
test_transform_cache,vitest,cold,4.1.11,process_cold,TRANSITION,574.836441,585.198219,,True,7,7,0,0,env:7a9cda66bc6b151a7886,synthetic,TST-002,,test_transform_cache:synthetic:vitest:4.1.11
test_transform_cache,vitest,4.1.11,4.1.11,exact_hit,TRANSITION,584.353505,646.0177454999999,,True,7,7,0,0,env:7a9cda66bc6b151a7886,synthetic,TST-002,test_transform_cache:synthetic:vitest:4.1.11,test_transform_cache:synthetic:vitest:4.1.11
test_transform_cache,mocha,cold,11.8.0,process_cold,TRANSITION,119.273592,120.7319338,,True,7,7,0,0,env:7a9cda66bc6b151a7886,synthetic,TST-003,,test_transform_cache:synthetic:mocha:11.8.0
test_transform_cache,mocha,11.8.0,11.8.0,exact_hit,TRANSITION,124.451468,216.51299579999997,,True,7,7,0,0,env:7a9cda66bc6b151a7886,synthetic,TST-003,test_transform_cache:synthetic:mocha:11.8.0,test_transform_cache:synthetic:mocha:11.8.0
test_transform_cache,ava,cold,8.0.1,process_cold,TRANSITION,556.927064,576.7614212,,True,7,7,0,0,env:7a9cda66bc6b151a7886,synthetic,TST-004,,test_transform_cache:synthetic:ava:8.0.1
test_transform_cache,ava,8.0.1,8.0.1,exact_hit,TRANSITION,464.696077,575.3610816,,True,7,7,0,0,env:7a9cda66bc6b151a7886,synthetic,TST-004,test_transform_cache:synthetic:ava:8.0.1,test_transform_cache:synthetic:ava:8.0.1
test_transform_cache,transform cache | Jest/Vitest/Babel/SWC/ts-jest,v1,v1,exact_hit,TRANSITION,565.035594,570.5672625,,True,7,7,0,0,env:7a9cda66bc6b151a7886,synthetic,TST-011,test_transform_cache:synthetic:tst-011,test_transform_cache:synthetic:tst-011
test_transform_cache,worker pool | create/reuse/reset/leak,cold,v1,process_cold,TRANSITION,114.582806,117.7835504,,True,7,7,0,0,env:7a9cda66bc6b151a7886,synthetic,TST-012,,test_transform_cache:synthetic:tst-012
test_transform_cache,test selection/discovery | full/target/changed files,cold,v1,exact_hit,TRANSITION,0.803757,0.8262301,,True,7,7,0,0,env:7a9cda66bc6b151a7886,synthetic,TST-013,,test_transform_cache:synthetic:tst-013
test_transform_cache,coverage | V8/Istanbul、cold/warm、cleanup,cold,v1,artifact_cold,TRANSITION,677.085911,695.5804896,,True,7,7,0,0,env:7a9cda66bc6b151a7886,synthetic,TST-014,,test_transform_cache:synthetic:tst-014
test_transform_cache,failed/timeout cleanup | process/ports/tmp/coverage,cold,v1,failure_path,TRANSITION,101.237144,101.27720550000001,,True,7,7,0,0,env:7a9cda66bc6b151a7886,synthetic,TST-015,,test_transform_cache:synthetic:tst-015
test_transform_cache,isolated comparison | reordered vs fresh result parity,cold,v1,compatible_reuse,TRANSITION,261.512371,342.7862792,,True,7,7,0,0,env:7a9cda66bc6b151a7886,synthetic,TST-016,,test_transform_cache:synthetic:tst-016
