scheduler_name,run_label,seed,transition_index,source_profile_id,target_profile_id,source_sequence_index,target_sequence_index,pair_category,predicted_ms,measured_ms,absolute_error,relative_error,interaction_residual,shared_object_count,source_only_object_count,target_only_object_count,same_node_runtime,same_rootfs,same_repo_baseline,same_dependency_view,same_build_tool,same_test_tool,same_native_bundle,measured_reuse_ms,measured_switch_ms,measured_reload_ms,measured_invalidate_ms,measured_cleanup_ms,shared_object_ids,cold_object_ids
fifo,fifo,,1,swesmith/advplyr__audiobookshelf.626596b1,swesmith/ajayyy__SponsorBlock.dfddffbc,1,2,same_node_diff_rootfs|low_overlap|rootfs_change,133988.364361,122815.381949,11172.982411,0.090974,-11172.982411,1,9,6,True,False,False,False,False,False,False,0.0,11.357465500000002,122804.024484,0.0,0.0,node_runtime:18.19.1:linux:x86_64:glibc:abi109,build_cache:ajayyy__SponsorBlock.dfddffbc:root:webpack:d8254aa65fa6;dependency_view:ajayyy__SponsorBlock.dfddffbc:root:72aaad849c194625;repo_baseline:ajayyy__SponsorBlock:dfddffbc5128dbc55b4dc7c83cdcd18787f48ba4;rootfs:node_18-slim;source_overlay:ajayyy__SponsorBlock.dfddffbc:root;test_transform_cache:ajayyy__SponsorBlock.dfddffbc:root:jest:d8254aa65fa6
fifo,fifo,,2,swesmith/ajayyy__SponsorBlock.dfddffbc,swesmith/antvis__G6.91c0ac85,2,3,diff_node_diff_rootfs|low_overlap|native_abi_change|rootfs_change,131101.985931,117052.55121,14049.434721,0.120027,-14049.434721,0,7,7,False,False,False,False,False,False,False,0.0,11.357465500000002,117041.193745,0.0,0.0,,build_cache:antvis__G6.91c0ac85:root:turbo:632cb8ca84bf;dependency_view:antvis__G6.91c0ac85:root:45c81ff4acc7aa0f;native_binary_bundle:antvis__G6.91c0ac85:root:@swc_core:115;node_runtime:20.19.1:linux:x86_64:glibc:abi115;repo_baseline:antvis__G6:91c0ac85e4e636a05bd1a3c5e56a4928d1242a9b;rootfs:node_20;source_overlay:antvis__G6.91c0ac85:root
fifo,fifo,,3,swesmith/antvis__G6.91c0ac85,swesmith/Automattic__mongoose.5f57a5bb,3,4,diff_node_diff_rootfs|low_overlap|native_abi_change|rootfs_change,36977.779088,33213.760235,3764.018853,0.113327,-3764.018853,0,7,6,False,False,False,False,False,False,False,0.0,11.357465500000002,33202.40277,0.0,0.0,,dependency_view:Automattic__mongoose.5f57a5bb:root:f4a039d5d472a10b;node_runtime:18.19.1:linux:x86_64:glibc:abi109;repo_baseline:Automattic__mongoose:5f57a5bbb2e8dfed8d04be47cdd17728633c44c1;rootfs:node_18-bullseye;source_overlay:Automattic__mongoose.5f57a5bb:root;test_transform_cache:Automattic__mongoose.5f57a5bb:root:mocha:0f744702c7e7
fifo,fifo,,4,swesmith/Automattic__mongoose.5f57a5bb,swesmith/axios__axios.ef36347f,4,5,same_node_same_rootfs|same_test_tool,225598.688601,192456.746308,33141.942293,0.172205,-33141.942293,2,4,7,True,True,False,False,False,True,False,132.289401,0.0494345,192324.40747200002,0.0,0.0,node_runtime:18.19.1:linux:x86_64:glibc:abi109;rootfs:node_18-bullseye,build_cache:axios__axios.ef36347f:root:gulp:0b40dadaf3bd;build_cache:axios__axios.ef36347f:root:rollup:0b40dadaf3bd;dependency_view:axios__axios.ef36347f:root:2346329f530df5bd;repo_baseline:axios__axios:ef36347fb559383b04c755b07f1a8d11897fab7f;source_overlay:axios__axios.ef36347f:root;test_transform_cache:axios__axios.ef36347f:root:karma:0b40dadaf3bd;test_transform_cache:axios__axios.ef36347f:root:mocha:0b40dadaf3bd
fifo,fifo,,5,swesmith/axios__axios.ef36347f,swesmith/babel__babel.2ea3fc8f,5,6,diff_node_diff_rootfs|low_overlap|native_abi_change|rootfs_change,29905.253608,26665.08832,3240.165287,0.121513,-3240.165287,0,9,5,False,False,False,False,False,False,False,0.0,11.357465500000002,26653.730854999998,0.0,0.0,,dependency_view:babel__babel.2ea3fc8f:root:fdd0cb43f8868f9e;node_runtime:20.19.1:linux:x86_64:glibc:abi115;repo_baseline:babel__babel:2ea3fc8f9b33a911840f17fbc407e7bfae2ed66f;rootfs:node_20-bullseye;source_overlay:babel__babel.2ea3fc8f:root
fifo,fifo,,6,swesmith/babel__babel.2ea3fc8f,swesmith/balderdashy__sails.ffebacc5,6,7,diff_node_diff_rootfs|low_overlap|native_abi_change|rootfs_change,36971.986622,33213.760235,3758.226386,0.113153,-3758.226386,0,5,6,False,False,False,False,False,False,False,0.0,11.357465500000002,33202.40277,0.0,0.0,,dependency_view:balderdashy__sails.ffebacc5:root:05b5a7170832986f;node_runtime:18.19.1:linux:x86_64:glibc:abi109;repo_baseline:balderdashy__sails:ffebacc58c27f878c9373702bc3a3f91a02bca0c;rootfs:node_18-slim;source_overlay:balderdashy__sails.ffebacc5:root;test_transform_cache:balderdashy__sails.ffebacc5:root:mocha:8d9a655c7243
fifo,fifo,,7,swesmith/balderdashy__sails.ffebacc5,swesmith/bluesky-social__social-app.cbd48c85,7,8,diff_node_diff_rootfs|low_overlap|native_abi_change|rootfs_change,134003.68495,122815.381949,11188.303,0.091099,-11188.303,0,6,7,False,False,False,False,False,False,False,0.0,11.357465500000002,122804.024484,0.0,0.0,,build_cache:bluesky-social__social-app.cbd48c85:root:typescript:4a9667753d9f;dependency_view:bluesky-social__social-app.cbd48c85:root:109982c53979748a;node_runtime:20.19.1:linux:x86_64:glibc:abi115;repo_baseline:bluesky-social__social-app:cbd48c855a57f1a294f4b7362eaadb505bf5f9f6;rootfs:node_20-slim;source_overlay:bluesky-social__social-app.cbd48c85:root;test_transform_cache:bluesky-social__social-app.cbd48c85:root:jest:4a9667753d9f
fifo,fifo,,8,swesmith/bluesky-social__social-app.cbd48c85,swesmith/bootstrap-vue__bootstrap-vue.9a246f45,8,9,diff_node_diff_rootfs|same_test_tool|low_overlap|native_abi_change|rootfs_change,137587.749818,122815.381949,14772.367869,0.120281,-14772.367869,0,7,7,False,False,False,False,False,True,False,0.0,11.357465500000002,122804.024484,0.0,0.0,,build_cache:bootstrap-vue__bootstrap-vue.9a246f45:root:rollup:594eccebc247;dependency_view:bootstrap-vue__bootstrap-vue.9a246f45:root:d41e6daa3c100016;node_runtime:18.19.1:linux:x86_64:glibc:abi109;repo_baseline:bootstrap-vue__bootstrap-vue:9a246f45fc813f161df291fc7d6197febf8afaf4;rootfs:node_18-bullseye-slim;source_overlay:bootstrap-vue__bootstrap-vue.9a246f45:root;test_transform_cache:bootstrap-vue__bootstrap-vue.9a246f45:root:jest:594eccebc247
fifo,fifo,,9,swesmith/bootstrap-vue__bootstrap-vue.9a246f45,swesmith/bpampuch__pdfmake.719e7314,9,10,same_node_diff_rootfs|low_overlap|rootfs_change,237926.245549,212417.003664,25509.241886,0.12009,-25509.241886,1,6,7,True,False,False,False,False,False,False,0.0,11.357465500000002,212405.646198,0.0,0.0,node_runtime:18.19.1:linux:x86_64:glibc:abi109,build_cache:bpampuch__pdfmake.719e7314:root:babel:530210e657f9;build_cache:bpampuch__pdfmake.719e7314:root:webpack:530210e657f9;dependency_view:bpampuch__pdfmake.719e7314:root:cbdd674906fcd63a;repo_baseline:bpampuch__pdfmake:719e73140cce75a792f7f419c27fc33a230e73d2;rootfs:node_18-slim;source_overlay:bpampuch__pdfmake.719e7314:root;test_transform_cache:bpampuch__pdfmake.719e7314:root:mocha:530210e657f9
fifo,fifo,,10,swesmith/bpampuch__pdfmake.719e7314,swesmith/brianc__node-postgres.ecff60dc,10,11,diff_node_diff_rootfs|low_overlap|native_abi_change|rootfs_change,230607.093781,205868.331749,24738.762032,0.120168,-24738.762032,0,8,7,False,False,False,False,False,False,False,0.0,11.357465500000002,205856.974283,0.0,0.0,,build_cache:brianc__node-postgres.ecff60dc:root:lerna:f43ed1faaa9b;build_cache:brianc__node-postgres.ecff60dc:root:typescript:f43ed1faaa9b;dependency_view:brianc__node-postgres.ecff60dc:root:ac69cf7675d96f1d;node_runtime:20.19.1:linux:x86_64:glibc:abi115;repo_baseline:brianc__node-postgres:ecff60dc8aa0bd1ad5ea8f4623af0756a86dc110;rootfs:node_20-slim;source_overlay:brianc__node-postgres.ecff60dc:root
fifo,fifo,,11,swesmith/brianc__node-postgres.ecff60dc,swesmith/caolan__async.23dbf76a,11,12,diff_node_diff_rootfs|low_overlap|native_abi_change|rootfs_change,44050.344756,39762.43215,4287.912606,0.107838,-4287.912606,0,7,7,False,False,False,False,False,False,False,0.0,11.357465500000002,39751.074685,0.0,0.0,,dependency_view:caolan__async.23dbf76a:root:579fe631d378a055;node_runtime:18.19.1:linux:x86_64:glibc:abi109;repo_baseline:caolan__async:23dbf76aeb04c7c3dd56276115b277e3fa9dd5cc;rootfs:node_18-bullseye;source_overlay:caolan__async.23dbf76a:root;test_transform_cache:caolan__async.23dbf76a:root:karma:73168162c1db;test_transform_cache:caolan__async.23dbf76a:root:mocha:73168162c1db
fifo,fifo,,12,swesmith/caolan__async.23dbf76a,swesmith/coder__code-server.e90504b8,12,13,diff_node_diff_rootfs|low_overlap|native_abi_change|rootfs_change,29899.461142,26665.08832,3234.372821,0.121296,-3234.372821,0,7,5,False,False,False,False,False,False,False,0.0,11.357465500000002,26653.730854999998,0.0,0.0,,dependency_view:coder__code-server.e90504b8:root:cc86648d271cc663;node_runtime:22.23.2:linux:x86_64:glibc:abi127;repo_baseline:coder__code-server:e90504b8cf1d73c36d902bbaaec7bab33f15c42e;rootfs:node_22-bookworm-slim;source_overlay:coder__code-server.e90504b8:root
fifo,fifo,,13,swesmith/coder__code-server.e90504b8,swesmith/directus__directus.ac922d18,13,14,same_node_diff_rootfs|low_overlap|rootfs_change,29884.100365,26665.08832,3219.012044,0.12072,-3219.012044,1,4,4,True,False,False,False,False,False,False,0.0,11.357465500000002,26653.730854999998,0.0,0.0,node_runtime:22.23.2:linux:x86_64:glibc:abi127,dependency_view:directus__directus.ac922d18:root:2b92fcea821d0732;repo_baseline:directus__directus:ac922d18f6039582a18737a6dc6d1d9a08a194e8;rootfs:node_22-slim;source_overlay:directus__directus.ac922d18:root
fifo,fifo,,14,swesmith/directus__directus.ac922d18,swesmith/Effect-TS__effect.5df4da10,14,15,diff_node_diff_rootfs|low_overlap|native_abi_change|rootfs_change,230511.489524,212417.003664,18094.485861,0.085184,-18094.485861,0,5,8,False,False,False,False,False,False,False,0.0,11.357465500000002,212405.646198,0.0,0.0,,build_cache:Effect-TS__effect.5df4da10:root:changesets:3936ee7940b9;build_cache:Effect-TS__effect.5df4da10:root:typescript:3936ee7940b9;dependency_view:Effect-TS__effect.5df4da10:root:61e1a82d9173e1a4;node_runtime:20.19.1:linux:x86_64:glibc:abi115;repo_baseline:Effect-TS__effect:5df4da10de444f379a166f4b28721e75100bb838;rootfs:node_20-slim;source_overlay:Effect-TS__effect.5df4da10:root;test_transform_cache:Effect-TS__effect.5df4da10:root:vitest:3936ee7940b9
fifo,fifo,,15,swesmith/Effect-TS__effect.5df4da10,swesmith/emotion-js__emotion.b882bcba,15,16,diff_node_diff_rootfs|same_build_tool|low_overlap|native_abi_change|rootfs_change,237941.566138,212417.003664,25524.562474,0.120163,-25524.562474,0,8,8,False,False,False,False,True,False,False,0.0,11.357465500000002,212405.646198,0.0,0.0,,build_cache:emotion-js__emotion.b882bcba:root:changesets:c2de0d725c3c;build_cache:emotion-js__emotion.b882bcba:root:typescript:c2de0d725c3c;dependency_view:emotion-js__emotion.b882bcba:root:0f78ed9b2143da62;node_runtime:18.19.1:linux:x86_64:glibc:abi109;repo_baseline:emotion-js__emotion:b882bcba85132554992e4bd49e94c95939bbf810;rootfs:node_18-slim;source_overlay:emotion-js__emotion.b882bcba:root;test_transform_cache:emotion-js__emotion.b882bcba:root:jest:c2de0d725c3c
fifo,fifo,,16,swesmith/emotion-js__emotion.b882bcba,swesmith/enzymejs__enzyme.61e1b47c,16,17,same_node_same_rootfs,132413.002018,102855.124594,29557.877425,0.287374,-29557.877425,2,6,6,True,True,False,False,False,False,False,132.289401,0.0494345,102722.785758,0.0,0.0,node_runtime:18.19.1:linux:x86_64:glibc:abi109;rootfs:node_18-slim,build_cache:enzymejs__enzyme.61e1b47c:root:lerna:4103008f3c25;dependency_view:enzymejs__enzyme.61e1b47c:root:414c164bd62a9324;repo_baseline:enzymejs__enzyme:61e1b47c4bdc4509b2ac286c0d3ae3df172d26f0;source_overlay:enzymejs__enzyme.61e1b47c:root;test_transform_cache:enzymejs__enzyme.61e1b47c:root:karma:4103008f3c25;test_transform_cache:enzymejs__enzyme.61e1b47c:root:mocha:4103008f3c25
fifo,fifo,,17,swesmith/enzymejs__enzyme.61e1b47c,swesmith/fabricjs__fabric.js.6742471c,17,18,diff_node_diff_rootfs|low_overlap|native_abi_change|rootfs_change,145770.970833,130149.89504,15621.075793,0.120024,-15621.075793,0,8,9,False,False,False,False,False,False,False,0.0,11.357465500000002,130138.537575,0.0,0.0,,build_cache:fabricjs__fabric.js.6742471c:root:typescript:bdce61823eab;dependency_view:fabricjs__fabric.js.6742471c:root:56b6543f933cb2b3;native_binary_bundle:fabricjs__fabric.js.6742471c:root:canvas:115;node_runtime:20.19.1:linux:x86_64:glibc:abi115;repo_baseline:fabricjs__fabric.js:6742471c23e5fd8afbb1282246b4b785455c8c17;rootfs:node_20-slim;source_overlay:fabricjs__fabric.js.6742471c:root;test_transform_cache:fabricjs__fabric.js.6742471c:root:playwright:bdce61823eab;test_transform_cache:fabricjs__fabric.js.6742471c:root:vitest:bdce61823eab
fifo,fifo,,18,swesmith/fabricjs__fabric.js.6742471c,swesmith/foambubble__foam.2cac8162,18,19,diff_node_diff_rootfs|low_overlap|native_abi_change|rootfs_change,130253.277461,116266.710034,13986.567427,0.120297,-13986.567427,0,9,6,False,False,False,False,False,False,False,0.0,11.357465500000002,116255.352569,0.0,0.0,,build_cache:foambubble__foam.2cac8162:root:lerna:2510f8df8165;dependency_view:foambubble__foam.2cac8162:root:8118db77d559a658;node_runtime:18.19.1:linux:x86_64:glibc:abi109;repo_baseline:foambubble__foam:2cac816272157f3a964b30adf4f29c0b2973cce8;rootfs:node_18;source_overlay:foambubble__foam.2cac8162:root
fifo,fifo,,19,swesmith/foambubble__foam.2cac8162,swesmith/foliojs__pdfkit.d0108157,19,20,same_node_diff_rootfs|low_overlap|rootfs_change,138159.190823,123601.223125,14557.967697,0.117782,-14557.967697,1,5,7,True,False,False,False,False,False,False,0.0,11.357465500000002,123589.86566,0.0,0.0,node_runtime:18.19.1:linux:x86_64:glibc:abi109,build_cache:foliojs__pdfkit.d0108157:root:rollup:bbc97774e07e;dependency_view:foliojs__pdfkit.d0108157:root:11c27c17439e5efb;native_binary_bundle:foliojs__pdfkit.d0108157:root:canvas:109;repo_baseline:foliojs__pdfkit:d0108157f13d763ad5287a2293436b5a1aecf055;rootfs:node_18-slim;source_overlay:foliojs__pdfkit.d0108157:root;test_transform_cache:foliojs__pdfkit.d0108157:root:jest:bbc97774e07e
fifo,fifo,,20,swesmith/foliojs__pdfkit.d0108157,swesmith/FuelLabs__fuels-ts.b3f37c91,20,21,diff_node_diff_rootfs|low_overlap|native_abi_change|rootfs_change,338295.382458,302018.625378,36276.75708,0.120114,-36276.75708,0,8,9,False,False,False,False,False,False,False,0.0,11.357465500000002,302007.267912,0.0,0.0,,build_cache:FuelLabs__fuels-ts.b3f37c91:root:changesets:b55338e227a8;build_cache:FuelLabs__fuels-ts.b3f37c91:root:turbo:b55338e227a8;build_cache:FuelLabs__fuels-ts.b3f37c91:root:typescript:b55338e227a8;dependency_view:FuelLabs__fuels-ts.b3f37c91:root:471ddc5c5a27de32;node_runtime:20.19.1:linux:x86_64:glibc:abi115;repo_baseline:FuelLabs__fuels-ts:b3f37c91aca4aa9d5e4c0d3967f66237190826ea;rootfs:node_20;source_overlay:FuelLabs__fuels-ts.b3f37c91:root;test_transform_cache:FuelLabs__fuels-ts.b3f37c91:root:vitest:b55338e227a8
fifo,fifo,,21,swesmith/FuelLabs__fuels-ts.b3f37c91,swesmith/GitbookIO__gitbook.81f8ddcf,21,22,diff_node_diff_rootfs|same_build_tool|low_overlap|native_abi_change|rootfs_change,230607.093781,205868.331749,24738.762032,0.120168,-24738.762032,0,9,7,False,False,False,False,True,False,False,0.0,11.357465500000002,205856.974283,0.0,0.0,,build_cache:GitbookIO__gitbook.81f8ddcf:root:changesets:88b89ad9c0ff;build_cache:GitbookIO__gitbook.81f8ddcf:root:turbo:88b89ad9c0ff;dependency_view:GitbookIO__gitbook.81f8ddcf:root:b1ab37fbc3435ed4;node_runtime:unknown.x-unavailable:linux:x86_64:glibc:abiunknown;repo_baseline:GitbookIO__gitbook:81f8ddcf27ec398a33b6f676a81e9a791b673ce2;rootfs:unknown;source_overlay:GitbookIO__gitbook.81f8ddcf:root
fifo,fifo,,22,swesmith/GitbookIO__gitbook.81f8ddcf,swesmith/homebridge__homebridge.3a341e08,22,23,diff_node_diff_rootfs|low_overlap|native_abi_change|rootfs_change,137325.802942,122815.381949,14510.420992,0.118148,-14510.420992,0,7,7,False,False,False,False,False,False,False,0.0,11.357465500000002,122804.024484,0.0,0.0,,build_cache:homebridge__homebridge.3a341e08:root:typescript:cb88c6110fb6;dependency_view:homebridge__homebridge.3a341e08:root:5aba58d9ad81636b;node_runtime:20.19.1:linux:x86_64:glibc:abi115;repo_baseline:homebridge__homebridge:3a341e0838c99abfdf7a2d76e5e1e2a2af7ccb09;rootfs:node_20-slim;source_overlay:homebridge__homebridge.3a341e08:root;test_transform_cache:homebridge__homebridge.3a341e08:root:jest:cb88c6110fb6
fifo,fifo,,23,swesmith/homebridge__homebridge.3a341e08,swesmith/humanlayer__12-factor-agents.d20c7283,23,24,same_node_same_rootfs,17395.993263,40.263053,17355.73021,431.058469,-17355.73021,2,5,3,True,True,False,False,False,False,False,16.393405,0.0494345,23.820214,0.0,0.0,node_runtime:20.19.1:linux:x86_64:glibc:abi115;rootfs:node_20-slim,dependency_view:humanlayer__12-factor-agents.d20c7283:packages_walkthroughgen:231f2c674eecc38e;repo_baseline:humanlayer__12-factor-agents:d20c728368bf9c189d6d7aab704744decb6ec0cc;source_overlay:humanlayer__12-factor-agents.d20c7283:packages_walkthroughgen
fifo,fifo,,24,swesmith/humanlayer__12-factor-agents.d20c7283,swesmith/iamkun__dayjs.c8a26460,24,25,diff_node_diff_rootfs|low_overlap|native_abi_change|rootfs_change,140814.303741,129364.053864,11450.249877,0.088512,-11450.249877,0,5,8,False,False,False,False,False,False,False,0.0,11.357465500000002,129352.696399,0.0,0.0,,build_cache:iamkun__dayjs.c8a26460:root:babel:9ed6e5f7fd04;dependency_view:iamkun__dayjs.c8a26460:root:c68f1e093a72eecf;node_runtime:18.19.1:linux:x86_64:glibc:abi109;repo_baseline:iamkun__dayjs:c8a26460d89a2ee9a7d3b9cafa124ea856ee883f;rootfs:node_18-bullseye;source_overlay:iamkun__dayjs.c8a26460:root;test_transform_cache:iamkun__dayjs.c8a26460:root:jest:9ed6e5f7fd04;test_transform_cache:iamkun__dayjs.c8a26460:root:karma:9ed6e5f7fd04
fifo,fifo,,25,swesmith/iamkun__dayjs.c8a26460,swesmith/jantimon__html-webpack-plugin.9a39db80,25,26,same_node_diff_rootfs|same_test_tool|low_overlap|rootfs_change,237926.245549,212417.003664,25509.241886,0.12009,-25509.241886,1,7,7,True,False,False,False,False,True,False,0.0,11.357465500000002,212405.646198,0.0,0.0,node_runtime:18.19.1:linux:x86_64:glibc:abi109,build_cache:jantimon__html-webpack-plugin.9a39db80:root:typescript:03abf47fc179;build_cache:jantimon__html-webpack-plugin.9a39db80:root:webpack:03abf47fc179;dependency_view:jantimon__html-webpack-plugin.9a39db80:root:c9d26828be2c203c;repo_baseline:jantimon__html-webpack-plugin:9a39db807c09d8e6145e5047cfe2ec5e928e1dee;rootfs:node_18-slim;source_overlay:jantimon__html-webpack-plugin.9a39db80:root;test_transform_cache:jantimon__html-webpack-plugin.9a39db80:root:jest:03abf47fc179
fifo,fifo,,26,swesmith/jantimon__html-webpack-plugin.9a39db80,swesmith/jaredpalmer__formik.91475adb,26,27,same_node_same_rootfs,225432.305793,185908.074393,39524.2314,0.212601,-39524.2314,2,6,6,True,True,False,False,False,False,False,132.289401,0.0494345,185775.735557,0.0,0.0,node_runtime:18.19.1:linux:x86_64:glibc:abi109;rootfs:node_18-slim,build_cache:jaredpalmer__formik.91475adb:root:changesets:be61650024fa;build_cache:jaredpalmer__formik.91475adb:root:turbo:be61650024fa;dependency_view:jaredpalmer__formik.91475adb:root:0ea1f56b0c1e2753;repo_baseline:jaredpalmer__formik:91475adbf33579561e580eceea0c031f4ec2e992;source_overlay:jaredpalmer__formik.91475adb:root;test_transform_cache:jaredpalmer__formik.91475adb:root:playwright:be61650024fa
fifo,fifo,,27,swesmith/jaredpalmer__formik.91475adb,swesmith/josdejong__jsoneditor.0319b213,27,28,diff_node_diff_rootfs|low_overlap|native_abi_change|rootfs_change,237941.566138,212417.003664,25524.562474,0.120163,-25524.562474,0,8,8,False,False,False,False,False,False,False,0.0,11.357465500000002,212405.646198,0.0,0.0,,build_cache:josdejong__jsoneditor.0319b213:root:babel:be56cc981d38;build_cache:josdejong__jsoneditor.0319b213:root:gulp:be56cc981d38;dependency_view:josdejong__jsoneditor.0319b213:root:fba013e11b2e4bd9;node_runtime:20.19.1:linux:x86_64:glibc:abi115;repo_baseline:josdejong__jsoneditor:0319b2131df47f1220d74e3ff174d5c02973ec7d;rootfs:node_20-slim;source_overlay:josdejong__jsoneditor.0319b213:root;test_transform_cache:josdejong__jsoneditor.0319b213:root:mocha:be56cc981d38
fifo,fifo,,28,swesmith/josdejong__jsoneditor.0319b213,swesmith/josdejong__mathjs.04e6e2d7,28,29,diff_node_diff_rootfs|same_build_tool|same_test_tool|low_overlap|native_abi_change|rootfs_change,252610.591227,225514.347494,27096.243734,0.120153,-27096.243734,0,8,10,False,False,False,False,True,True,False,0.0,11.357465500000002,225502.99002800003,0.0,0.0,,build_cache:josdejong__mathjs.04e6e2d7:root:gulp:4c7f724eabb4;build_cache:josdejong__mathjs.04e6e2d7:root:typescript:4c7f724eabb4;dependency_view:josdejong__mathjs.04e6e2d7:root:653bb0be0a5e4b8c;node_runtime:18.19.1:linux:x86_64:glibc:abi109;repo_baseline:josdejong__mathjs:04e6e2d7a949d6ddc7d7139bf1e3a88e6fe5365b;rootfs:node_18-slim;source_overlay:josdejong__mathjs.04e6e2d7:root;test_transform_cache:josdejong__mathjs.04e6e2d7:root:ava:4c7f724eabb4;test_transform_cache:josdejong__mathjs.04e6e2d7:root:karma:4c7f724eabb4;test_transform_cache:josdejong__mathjs.04e6e2d7:root:mocha:4c7f724eabb4
fifo,fifo,,29,swesmith/josdejong__mathjs.04e6e2d7,swesmith/marko-js__marko.24b9402c,29,30,diff_node_diff_rootfs|same_build_tool|same_test_tool|low_overlap|native_abi_change|rootfs_change,238790.274608,213202.84484,25587.429768,0.120014,-25587.429768,0,10,9,False,False,False,False,True,True,False,0.0,11.357465500000002,213191.487374,0.0,0.0,,build_cache:marko-js__marko.24b9402c:root:changesets:ae9158e5e102;build_cache:marko-js__marko.24b9402c:root:typescript:ae9158e5e102;dependency_view:marko-js__marko.24b9402c:root:4dafb814ddc2f538;native_binary_bundle:marko-js__marko.24b9402c:root:esbuild:115;node_runtime:20.19.1:linux:x86_64:glibc:abi115;repo_baseline:marko-js__marko:24b9402cd54c3a74f200da0f79dd19350995a9ba;rootfs:node_20-slim;source_overlay:marko-js__marko.24b9402c:root;test_transform_cache:marko-js__marko.24b9402c:root:mocha:ae9158e5e102
fifo,fifo,,30,swesmith/marko-js__marko.24b9402c,swesmith/marmelab__react-admin.823caa0b,30,31,same_node_diff_rootfs|low_overlap|rootfs_change,144906.941774,129364.053864,15542.88791,0.120148,-15542.88791,1,8,7,True,False,False,False,False,False,False,0.0,11.357465500000002,129352.696399,0.0,0.0,node_runtime:20.19.1:linux:x86_64:glibc:abi115,build_cache:marmelab__react-admin.823caa0b:root:lerna:2ae6a8efe6cf;dependency_view:marmelab__react-admin.823caa0b:root:f178fcbaf6a59b3b;repo_baseline:marmelab__react-admin:823caa0b6489fc8133685525e22d30ddf57643fa;rootfs:node_20-bullseye-slim;source_overlay:marmelab__react-admin.823caa0b:root;test_transform_cache:marmelab__react-admin.823caa0b:root:cypress:2ae6a8efe6cf;test_transform_cache:marmelab__react-admin.823caa0b:root:jest:2ae6a8efe6cf
fifo,fifo,,31,swesmith/marmelab__react-admin.823caa0b,swesmith/mholt__PapaParse.b10b87ef,31,32,diff_node_diff_rootfs|low_overlap|native_abi_change|rootfs_change,37239.725965,33213.760235,4025.965729,0.121214,-4025.965729,0,8,6,False,False,False,False,False,False,False,0.0,11.357465500000002,33202.40277,0.0,0.0,,dependency_view:mholt__PapaParse.b10b87ef:root:85db9ec387c60c3e;node_runtime:18.19.1:linux:x86_64:glibc:abi109;repo_baseline:mholt__PapaParse:b10b87ef8686c6f88299b50dd25e83606e9c36d4;rootfs:node_18-slim;source_overlay:mholt__PapaParse.b10b87ef:root;test_transform_cache:mholt__PapaParse.b10b87ef:root:mocha:33ffa1b7b9c3
fifo,fifo,,32,swesmith/mholt__PapaParse.b10b87ef,swesmith/microsoft__vscode.4166e90a,32,33,diff_node_diff_rootfs|same_test_tool|low_overlap|native_abi_change|rootfs_change,238956.657416,219751.516755,19205.140661,0.087395,-19205.140661,0,6,10,False,False,False,False,False,True,False,0.0,11.357465500000002,219740.159289,0.0,0.0,,build_cache:microsoft__vscode.4166e90a:root:gulp:742f21cec0ed;build_cache:microsoft__vscode.4166e90a:root:next:742f21cec0ed;dependency_view:microsoft__vscode.4166e90a:root:ebafff009f16e711;native_binary_bundle:microsoft__vscode.4166e90a:root:@vscode_sqlite3:127;node_runtime:22.23.2:linux:x86_64:glibc:abi127;repo_baseline:microsoft__vscode:4166e90ac290db7f77800a4f6702903ea4eed476;rootfs:node_22-bookworm;source_overlay:microsoft__vscode.4166e90a:root;test_transform_cache:microsoft__vscode.4166e90a:root:mocha:742f21cec0ed;test_transform_cache:microsoft__vscode.4166e90a:root:playwright:742f21cec0ed
fifo,fifo,,33,swesmith/microsoft__vscode.4166e90a,swesmith/mochajs__mocha.410ce0d2,33,34,same_node_diff_rootfs|same_test_tool|low_overlap|rootfs_change,345614.574414,308567.297293,37047.277121,0.120062,-37047.277121,1,9,9,True,False,False,False,False,True,False,0.0,11.357465500000002,308555.939827,0.0,0.0,node_runtime:22.23.2:linux:x86_64:glibc:abi127,build_cache:mochajs__mocha.410ce0d2:root:rollup:077a5f518284;build_cache:mochajs__mocha.410ce0d2:root:typescript:077a5f518284;build_cache:mochajs__mocha.410ce0d2:root:webpack:077a5f518284;dependency_view:mochajs__mocha.410ce0d2:root:77b617ee60467b9a;repo_baseline:mochajs__mocha:410ce0d2a0f799aaca2c0bc627294d70c62dd3f4;rootfs:node_22-slim;source_overlay:mochajs__mocha.410ce0d2:root;test_transform_cache:mochajs__mocha.410ce0d2:root:karma:077a5f518284;test_transform_cache:mochajs__mocha.410ce0d2:root:mocha:077a5f518284
fifo,fifo,,34,swesmith/mochajs__mocha.410ce0d2,swesmith/NativeScript__NativeScript.3d6a4392,34,35,diff_node_diff_rootfs|low_overlap|native_abi_change|rootfs_change,131101.985931,117052.55121,14049.434721,0.120027,-14049.434721,0,10,7,False,False,False,False,False,False,False,0.0,11.357465500000002,117041.193745,0.0,0.0,,build_cache:NativeScript__NativeScript.3d6a4392:root:nx:66d2167c1bf8;dependency_view:NativeScript__NativeScript.3d6a4392:root:085e1f7ccbe42f25;native_binary_bundle:NativeScript__NativeScript.3d6a4392:root:@swc_core:115;node_runtime:20.19.1:linux:x86_64:glibc:abi115;repo_baseline:NativeScript__NativeScript:3d6a4392f6008e4f43f8f5439a256c50e3707101;rootfs:node_20;source_overlay:NativeScript__NativeScript.3d6a4392:root
fifo,fifo,,35,swesmith/NativeScript__NativeScript.3d6a4392,swesmith/necolas__react-native-web.a9de220b,35,36,diff_node_diff_rootfs|low_overlap|native_abi_change|rootfs_change,36977.779088,33213.760235,3764.018853,0.113327,-3764.018853,0,7,6,False,False,False,False,False,False,False,0.0,11.357465500000002,33202.40277,0.0,0.0,,dependency_view:necolas__react-native-web.a9de220b:root:40742e8c9629eceb;node_runtime:18.19.1:linux:x86_64:glibc:abi109;repo_baseline:necolas__react-native-web:a9de220ba9e65bdea540fb5322ffb1da2b0bf442;rootfs:node_18;source_overlay:necolas__react-native-web.a9de220b:root;test_transform_cache:necolas__react-native-web.a9de220b:root:jest:ff4b31c887fd
fifo,fifo,,36,swesmith/necolas__react-native-web.a9de220b,swesmith/nestjs__nest.346c9543,36,37,diff_node_diff_rootfs|low_overlap|native_abi_change|rootfs_change,425161.647773,392406.088268,32755.559506,0.083474,-32755.559506,0,6,11,False,False,False,False,False,False,False,0.0,11.357465500000002,392394.73080200003,0.0,0.0,,build_cache:nestjs__nest.346c9543:root:gulp:892e8dc67f5f;build_cache:nestjs__nest.346c9543:root:lerna:892e8dc67f5f;build_cache:nestjs__nest.346c9543:root:next:892e8dc67f5f;build_cache:nestjs__nest.346c9543:root:typescript:892e8dc67f5f;dependency_view:nestjs__nest.346c9543:root:1757422535048d10;native_binary_bundle:nestjs__nest.346c9543:root:@grpc_grpc-js:115;node_runtime:20.19.1:linux:x86_64:glibc:abi115;repo_baseline:nestjs__nest:346c9543120c692f314bdbf55fc9956d2fa6d87e;rootfs:node_20-slim;source_overlay:nestjs__nest.346c9543:root;test_transform_cache:nestjs__nest.346c9543:root:mocha:892e8dc67f5f
fifo,fifo,,37,swesmith/nestjs__nest.346c9543,swesmith/Netflix__falcor.39d64776,37,38,diff_node_diff_rootfs|same_build_tool|low_overlap|native_abi_change|rootfs_change,137587.749818,122815.381949,14772.367869,0.120281,-14772.367869,0,11,7,False,False,False,False,True,False,False,0.0,11.357465500000002,122804.024484,0.0,0.0,,build_cache:Netflix__falcor.39d64776:root:gulp:8290bb56acfc;dependency_view:Netflix__falcor.39d64776:root:missing;node_runtime:18.19.1:linux:x86_64:glibc:abi109;repo_baseline:Netflix__falcor:39d64776cf9d87781b2791615dcbae73b2bcd2e1;rootfs:node_18-slim;source_overlay:Netflix__falcor.39d64776:root;test_transform_cache:Netflix__falcor.39d64776:root:jest:8290bb56acfc
fifo,fifo,,38,swesmith/Netflix__falcor.39d64776,swesmith/nightwatchjs__nightwatch.54c8550c,38,39,same_node_same_rootfs,25516.306796,7490.67214,18025.634655,2.406411,-18025.634655,2,5,5,True,True,False,False,False,False,False,132.289401,0.0494345,7358.333305,0.0,0.0,node_runtime:18.19.1:linux:x86_64:glibc:abi109;rootfs:node_18-slim,dependency_view:nightwatchjs__nightwatch.54c8550c:root:4a947b8a3bf39687;native_binary_bundle:nightwatchjs__nightwatch.54c8550c:root:@swc_core:109;repo_baseline:nightwatchjs__nightwatch:54c8550c75a16c61827c0bad043c7ffa073a52e6;source_overlay:nightwatchjs__nightwatch.54c8550c:root;test_transform_cache:nightwatchjs__nightwatch.54c8550c:root:mocha:34743ed160a3
fifo,fifo,,39,swesmith/nightwatchjs__nightwatch.54c8550c,swesmith/nock__nock.e7418da2,39,40,diff_node_diff_rootfs|same_test_tool|low_overlap|native_abi_change|rootfs_change,44568.446043,39762.43215,4806.013893,0.120868,-4806.013893,0,7,7,False,False,False,False,False,True,False,0.0,11.357465500000002,39751.074685,0.0,0.0,,dependency_view:nock__nock.e7418da2:root:541f81ce3f744a6f;node_runtime:20.19.1:linux:x86_64:glibc:abi115;repo_baseline:nock__nock:e7418da29feb4a7bf0aa1612bfb9d32a4051651e;rootfs:node_20;source_overlay:nock__nock.e7418da2:root;test_transform_cache:nock__nock.e7418da2:root:jest:bf94886cefe6;test_transform_cache:nock__nock.e7418da2:root:mocha:bf94886cefe6
fifo,fifo,,40,swesmith/nock__nock.e7418da2,swesmith/novnc__noVNC.d44f7e04,40,41,same_node_diff_rootfs|low_overlap|rootfs_change,37218.61291,33213.760235,4004.852674,0.120578,-4004.852674,1,6,5,True,False,False,False,False,False,False,0.0,11.357465500000002,33202.40277,0.0,0.0,node_runtime:20.19.1:linux:x86_64:glibc:abi115,dependency_view:novnc__noVNC.d44f7e04:root:325dd23a06d3378b;repo_baseline:novnc__noVNC:d44f7e04fc456844836c7c5ac911d0f4e8dd06e6;rootfs:node_20-slim;source_overlay:novnc__noVNC.d44f7e04:root;test_transform_cache:novnc__noVNC.d44f7e04:root:karma:f5696d664a68
fifo,fifo,,41,swesmith/novnc__noVNC.d44f7e04,swesmith/OpenCut-app__OpenCut.e84c0cfd,41,42,diff_node_diff_rootfs|low_overlap|native_abi_change|rootfs_change,126669.212593,116266.710034,10402.502558,0.089471,-10402.502558,0,6,6,False,False,False,False,False,False,False,0.0,11.357465500000002,116255.352569,0.0,0.0,,build_cache:OpenCut-app__OpenCut.e84c0cfd:root:turbo:f3e6c1048a0e;dependency_view:OpenCut-app__OpenCut.e84c0cfd:root:34da0118cee1c5ca;node_runtime:unknown.x-unavailable:linux:x86_64:glibc:abiunknown;repo_baseline:OpenCut-app__OpenCut:e84c0cfda6784abb9bcb72aae757233cd8951780;rootfs:unknown;source_overlay:OpenCut-app__OpenCut.e84c0cfd:root
fifo,fifo,,42,swesmith/OpenCut-app__OpenCut.e84c0cfd,swesmith/payloadcms__payload.8f660355,42,43,diff_node_diff_rootfs|same_build_tool|low_overlap|native_abi_change|rootfs_change,247298.31034,221323.199106,25975.111233,0.117363,-25975.111233,0,6,12,False,False,False,False,True,False,False,0.0,11.357465500000002,221311.84164099998,0.0,0.0,,build_cache:payloadcms__payload.8f660355:root:next:096d4a336345;build_cache:payloadcms__payload.8f660355:root:turbo:096d4a336345;dependency_view:payloadcms__payload.8f660355:root:a2f282bd4e00dd49;native_binary_bundle:payloadcms__payload.8f660355:root:@swc_core:115;native_binary_bundle:payloadcms__payload.8f660355:root:node-gyp:115;native_binary_bundle:payloadcms__payload.8f660355:root:sharp:115;node_runtime:20.19.1:linux:x86_64:glibc:abi115;repo_baseline:payloadcms__payload:8f66035522f568d42098a7ad525e7bf700662b9a;rootfs:node_20-slim;source_overlay:payloadcms__payload.8f660355:root;test_transform_cache:payloadcms__payload.8f660355:root:playwright:096d4a336345;test_transform_cache:payloadcms__payload.8f660355:root:vitest:096d4a336345
fifo,fifo,,43,swesmith/payloadcms__payload.8f660355,swesmith/react-hook-form__react-hook-form.3adba2b8,43,44,diff_node_diff_rootfs|same_native_bundle|low_overlap|native_abi_change|rootfs_change,246156.2208,219751.516755,26404.704045,0.120157,-26404.704045,0,12,10,False,False,False,False,False,False,True,0.0,11.357465500000002,219740.159289,0.0,0.0,,build_cache:react-hook-form__react-hook-form.3adba2b8:root:rollup:759c3e15fb55;build_cache:react-hook-form__react-hook-form.3adba2b8:root:typescript:759c3e15fb55;dependency_view:react-hook-form__react-hook-form.3adba2b8:root:f10d22bc872be4f0;native_binary_bundle:react-hook-form__react-hook-form.3adba2b8:root:@swc_core:109;node_runtime:18.19.1:linux:x86_64:glibc:abi109;repo_baseline:react-hook-form__react-hook-form:3adba2b816dd50bbca460bbe61df64b50bc6b1da;rootfs:node_18-slim;source_overlay:react-hook-form__react-hook-form.3adba2b8:root;test_transform_cache:react-hook-form__react-hook-form.3adba2b8:root:cypress:759c3e15fb55;test_transform_cache:react-hook-form__react-hook-form.3adba2b8:root:jest:759c3e15fb55
fifo,fifo,,44,swesmith/react-hook-form__react-hook-form.3adba2b8,swesmith/ReactiveX__rxjs.c15b37f8,44,45,diff_node_diff_rootfs|low_overlap|native_abi_change|rootfs_change,130253.277461,116266.710034,13986.567427,0.120297,-13986.567427,0,10,6,False,False,False,False,False,False,False,0.0,11.357465500000002,116255.352569,0.0,0.0,,build_cache:ReactiveX__rxjs.c15b37f8:root:nx:2403aec3ebd5;dependency_view:ReactiveX__rxjs.c15b37f8:root:c5fbb2e88b68c3b9;node_runtime:20.19.1:linux:x86_64:glibc:abi115;repo_baseline:ReactiveX__rxjs:c15b37f81ba5f5abea8c872b0189a70b150df4cb;rootfs:node_20-slim;source_overlay:ReactiveX__rxjs.c15b37f8:root
fifo,fifo,,45,swesmith/ReactiveX__rxjs.c15b37f8,swesmith/reactjs__react-transition-group.2989b5b8,45,46,diff_node_diff_rootfs|low_overlap|native_abi_change|rootfs_change,338033.435581,302018.625378,36014.810203,0.119247,-36014.810203,0,6,9,False,False,False,False,False,False,False,0.0,11.357465500000002,302007.267912,0.0,0.0,,build_cache:reactjs__react-transition-group.2989b5b8:root:babel:d8eb49b0cb73;build_cache:reactjs__react-transition-group.2989b5b8:root:next:d8eb49b0cb73;build_cache:reactjs__react-transition-group.2989b5b8:root:rollup:d8eb49b0cb73;dependency_view:reactjs__react-transition-group.2989b5b8:root:670f3bc8796f5ef3;node_runtime:18.19.1:linux:x86_64:glibc:abi109;repo_baseline:reactjs__react-transition-group:2989b5b87b4b4d1001f21c8efa503049ffb4fe8d;rootfs:node_18-slim;source_overlay:reactjs__react-transition-group.2989b5b8:root;test_transform_cache:reactjs__react-transition-group.2989b5b8:root:jest:d8eb49b0cb73
fifo,fifo,,46,swesmith/reactjs__react-transition-group.2989b5b8,swesmith/Redocly__redoc.d41fd46f,46,47,same_node_same_rootfs|same_test_tool,232766.818338,192456.746308,40310.07203,0.20945,-40310.07203,2,7,7,True,True,False,False,False,True,False,132.289401,0.0494345,192324.40747200002,0.0,0.0,node_runtime:18.19.1:linux:x86_64:glibc:abi109;rootfs:node_18-slim,build_cache:Redocly__redoc.d41fd46f:root:typescript:68063787fe82;build_cache:Redocly__redoc.d41fd46f:root:webpack:68063787fe82;dependency_view:Redocly__redoc.d41fd46f:root:398d8eda0bb00a78;repo_baseline:Redocly__redoc:d41fd46f7cbee86bf83dc17b7ec51baf54f72a54;source_overlay:Redocly__redoc.d41fd46f:root;test_transform_cache:Redocly__redoc.d41fd46f:root:cypress:68063787fe82;test_transform_cache:Redocly__redoc.d41fd46f:root:jest:68063787fe82
fifo,fifo,,47,swesmith/Redocly__redoc.d41fd46f,swesmith/redux-saga__redux-saga.a4ace10d,47,48,same_node_same_rootfs|same_test_tool,125078.489473,96306.452679,28772.036795,0.298755,-28772.036795,2,7,5,True,True,False,False,False,True,False,132.289401,0.0494345,96174.113843,0.0,0.0,node_runtime:18.19.1:linux:x86_64:glibc:abi109;rootfs:node_18-slim,build_cache:redux-saga__redux-saga.a4ace10d:root:changesets:c91a6dc103c2;dependency_view:redux-saga__redux-saga.a4ace10d:root:c1bcbd93da3b0eeb;repo_baseline:redux-saga__redux-saga:a4ace10dc3ff182828cd3ee7469f6667e08ceb62;source_overlay:redux-saga__redux-saga.a4ace10d:root;test_transform_cache:redux-saga__redux-saga.a4ace10d:root:jest:c91a6dc103c2
fifo,fifo,,48,swesmith/redux-saga__redux-saga.a4ace10d,swesmith/refined-github__refined-github.d4a7c3fb,48,49,diff_node_diff_rootfs|low_overlap|native_abi_change|rootfs_change,237941.566138,212417.003664,25524.562474,0.120163,-25524.562474,0,7,8,False,False,False,False,False,False,False,0.0,11.357465500000002,212405.646198,0.0,0.0,,build_cache:refined-github__refined-github.d4a7c3fb:root:rollup:aa1f302ca640;build_cache:refined-github__refined-github.d4a7c3fb:root:typescript:aa1f302ca640;dependency_view:refined-github__refined-github.d4a7c3fb:root:e375b9cbe15b1aee;node_runtime:22.23.2:linux:x86_64:glibc:abi127;repo_baseline:refined-github__refined-github:d4a7c3fbfebff5f39a3760effbea7273dea0d01c;rootfs:node_22-slim;source_overlay:refined-github__refined-github.d4a7c3fb:root;test_transform_cache:refined-github__refined-github.d4a7c3fb:root:vitest:aa1f302ca640
fifo,fifo,,49,swesmith/refined-github__refined-github.d4a7c3fb,swesmith/remy__nodemon.daad5c16,49,50,diff_node_diff_rootfs|low_overlap|native_abi_change|rootfs_change,37239.725965,33213.760235,4025.965729,0.121214,-4025.965729,0,8,6,False,False,False,False,False,False,False,0.0,11.357465500000002,33202.40277,0.0,0.0,,dependency_view:remy__nodemon.daad5c16:root:e2111c2b7033d511;node_runtime:18.19.1:linux:x86_64:glibc:abi109;repo_baseline:remy__nodemon:daad5c162919fa6abff53be16832bdf55f2204ad;rootfs:node_18-slim;source_overlay:remy__nodemon.daad5c16:root;test_transform_cache:remy__nodemon.daad5c16:root:mocha:93608e3893b6
fifo,fifo,,50,swesmith/remy__nodemon.daad5c16,swesmith/segmentio__evergreen.9b774aee,50,51,same_node_same_rootfs,315033.927507,275509.696106,39524.2314,0.143459,-39524.2314,2,4,7,True,True,False,False,False,False,False,132.289401,0.0494345,275377.357271,0.0,0.0,node_runtime:18.19.1:linux:x86_64:glibc:abi109;rootfs:node_18-slim,build_cache:segmentio__evergreen.9b774aee:root:babel:871730dbe504;build_cache:segmentio__evergreen.9b774aee:root:rollup:871730dbe504;build_cache:segmentio__evergreen.9b774aee:root:typescript:871730dbe504;dependency_view:segmentio__evergreen.9b774aee:root:c290fc2f869fd91a;repo_baseline:segmentio__evergreen:9b774aee2d794f6cf2f73a054bd33066ca5898a9;source_overlay:segmentio__evergreen.9b774aee:root;test_transform_cache:segmentio__evergreen.9b774aee:root:jest:871730dbe504
fifo,fifo,,51,swesmith/segmentio__evergreen.9b774aee,swesmith/Shopify__draggable.8a1eed57,51,52,diff_node_diff_rootfs|same_build_tool|same_test_tool|low_overlap|native_abi_change|rootfs_change,338295.382458,302018.625378,36276.75708,0.120114,-36276.75708,0,9,9,False,False,False,False,True,True,False,0.0,11.357465500000002,302007.267912,0.0,0.0,,build_cache:Shopify__draggable.8a1eed57:root:changesets:75fa7c4af02e;build_cache:Shopify__draggable.8a1eed57:root:rollup:75fa7c4af02e;build_cache:Shopify__draggable.8a1eed57:root:typescript:75fa7c4af02e;dependency_view:Shopify__draggable.8a1eed57:root:5951b44524aa69b1;node_runtime:20.19.1:linux:x86_64:glibc:abi115;repo_baseline:Shopify__draggable:8a1eed57f3ab2dff9371e8ce60fb39ac85871e8d;rootfs:node_20;source_overlay:Shopify__draggable.8a1eed57:root;test_transform_cache:Shopify__draggable.8a1eed57:root:jest:75fa7c4af02e
fifo,fifo,,52,swesmith/Shopify__draggable.8a1eed57,swesmith/strapi__strapi.e5b87a54,52,53,same_node_diff_rootfs|same_test_tool|low_overlap|rootfs_change,138421.137699,123601.223125,14819.914574,0.119901,-14819.914574,1,8,7,True,False,False,False,False,True,False,0.0,11.357465500000002,123589.86566,0.0,0.0,node_runtime:20.19.1:linux:x86_64:glibc:abi115,build_cache:strapi__strapi.e5b87a54:root:nx:dc747f5541b9;dependency_view:strapi__strapi.e5b87a54:root:6fe14b23a9f92e6c;native_binary_bundle:strapi__strapi.e5b87a54:root:@swc_core:115;repo_baseline:strapi__strapi:e5b87a54008c9de2b3286a4774635dcf69895d9b;rootfs:node_20-slim;source_overlay:strapi__strapi.e5b87a54:root;test_transform_cache:strapi__strapi.e5b87a54:root:jest:dc747f5541b9
fifo,fifo,,53,swesmith/strapi__strapi.e5b87a54,swesmith/sveltejs__svelte.6c9717a9,53,54,diff_node_diff_rootfs|low_overlap|native_abi_change|rootfs_change,137587.749818,122815.381949,14772.367869,0.120281,-14772.367869,0,8,7,False,False,False,False,False,False,False,0.0,11.357465500000002,122804.024484,0.0,0.0,,build_cache:sveltejs__svelte.6c9717a9:root:changesets:85b839d59475;dependency_view:sveltejs__svelte.6c9717a9:root:b0c07bc3f3203c46;node_runtime:18.19.1:linux:x86_64:glibc:abi109;repo_baseline:sveltejs__svelte:6c9717a91f2f6ae10641d1cf502ba13d227fbe45;rootfs:node_18-bullseye;source_overlay:sveltejs__svelte.6c9717a9:root;test_transform_cache:sveltejs__svelte.6c9717a9:root:vitest:85b839d59475
fifo,fifo,,54,swesmith/sveltejs__svelte.6c9717a9,swesmith/svg__svgo.c06d8f68,54,55,diff_node_diff_rootfs|low_overlap|native_abi_change|rootfs_change,237941.566138,212417.003664,25524.562474,0.120163,-25524.562474,0,7,8,False,False,False,False,False,False,False,0.0,11.357465500000002,212405.646198,0.0,0.0,,build_cache:svg__svgo.c06d8f68:root:rollup:2b58ff2876b3;build_cache:svg__svgo.c06d8f68:root:typescript:2b58ff2876b3;dependency_view:svg__svgo.c06d8f68:root:e3122b4a0e1aa47b;node_runtime:20.19.1:linux:x86_64:glibc:abi115;repo_baseline:svg__svgo:c06d8f6899788defae9594537063c2f4307803e4;rootfs:node_20-slim;source_overlay:svg__svgo.c06d8f68:root;test_transform_cache:svg__svgo.c06d8f68:root:jest:2b58ff2876b3
fifo,fifo,,55,swesmith/svg__svgo.c06d8f68,swesmith/tinacms__tinacms.dffb104f,55,56,same_node_same_rootfs,225432.305793,185792.178397,39640.127396,0.213357,-39640.127396,2,6,6,True,True,False,False,False,False,False,16.393405,0.0494345,185775.735557,0.0,0.0,node_runtime:20.19.1:linux:x86_64:glibc:abi115;rootfs:node_20-slim,build_cache:tinacms__tinacms.dffb104f:root:changesets:765d0508e257;build_cache:tinacms__tinacms.dffb104f:root:turbo:765d0508e257;dependency_view:tinacms__tinacms.dffb104f:root:45f79d9b7f2dc887;repo_baseline:tinacms__tinacms:dffb104f1850cabc15f495a5868a33a66295965a;source_overlay:tinacms__tinacms.dffb104f:root;test_transform_cache:tinacms__tinacms.dffb104f:root:playwright:765d0508e257
fifo,fifo,,56,swesmith/tinacms__tinacms.dffb104f,swesmith/trpc__trpc.2f40ba93,56,57,diff_node_diff_rootfs|same_build_tool|low_overlap|native_abi_change|rootfs_change,338295.382458,302018.625378,36276.75708,0.120114,-36276.75708,0,8,9,False,False,False,False,True,False,False,0.0,11.357465500000002,302007.267912,0.0,0.0,,build_cache:trpc__trpc.2f40ba93:root:lerna:8fa8b4550448;build_cache:trpc__trpc.2f40ba93:root:next:8fa8b4550448;build_cache:trpc__trpc.2f40ba93:root:turbo:8fa8b4550448;dependency_view:trpc__trpc.2f40ba93:root:781fb8f3cbe882e8;node_runtime:22.23.2:linux:x86_64:glibc:abi127;repo_baseline:trpc__trpc:2f40ba935ad7f7d29eec3f9c45d353450b43e852;rootfs:node_22;source_overlay:trpc__trpc.2f40ba93:root;test_transform_cache:trpc__trpc.2f40ba93:root:vitest:8fa8b4550448
fifo,fifo,,57,swesmith/trpc__trpc.2f40ba93,swesmith/ueberdosis__tiptap.2d6de06c,57,58,diff_node_diff_rootfs|same_build_tool|same_test_tool|low_overlap|native_abi_change|rootfs_change,245276.078683,218965.675579,26310.403104,0.120158,-26310.403104,0,9,9,False,False,False,False,True,True,False,0.0,11.357465500000002,218954.31811300002,0.0,0.0,,build_cache:ueberdosis__tiptap.2d6de06c:root:changesets:85ad102bc603;build_cache:ueberdosis__tiptap.2d6de06c:root:turbo:85ad102bc603;dependency_view:ueberdosis__tiptap.2d6de06c:root:0bd9814a60fd8695;node_runtime:20.19.1:linux:x86_64:glibc:abi115;repo_baseline:ueberdosis__tiptap:2d6de06c34c239e78fedd6bd2a0bcea42d0fdbfa;rootfs:node_20;source_overlay:ueberdosis__tiptap.2d6de06c:root;test_transform_cache:ueberdosis__tiptap.2d6de06c:root:cypress:85ad102bc603;test_transform_cache:ueberdosis__tiptap.2d6de06c:root:vitest:85ad102bc603
fifo,fifo,,58,swesmith/ueberdosis__tiptap.2d6de06c,swesmith/umijs__qiankun.693cdde7,58,59,diff_node_diff_rootfs|same_build_tool|low_overlap|native_abi_change|rootfs_change,130253.277461,116266.710034,13986.567427,0.120297,-13986.567427,0,9,6,False,False,False,False,True,False,False,0.0,11.357465500000002,116255.352569,0.0,0.0,,build_cache:umijs__qiankun.693cdde7:root:changesets:39fec7936def;dependency_view:umijs__qiankun.693cdde7:root:af8a3045705a19cc;node_runtime:18.19.1:linux:x86_64:glibc:abi109;repo_baseline:umijs__qiankun:693cdde75049830820ff9490dd267f9701db25e6;rootfs:node_18-slim;source_overlay:umijs__qiankun.693cdde7:root
fifo,fifo,,59,swesmith/umijs__qiankun.693cdde7,swesmith/vitejs__vite.8b47ff76,59,60,diff_node_diff_rootfs|low_overlap|native_abi_change|rootfs_change,137325.802942,122815.381949,14510.420992,0.118148,-14510.420992,0,6,7,False,False,False,False,False,False,False,0.0,11.357465500000002,122804.024484,0.0,0.0,,build_cache:vitejs__vite.8b47ff76:root:typescript:c0d87b3d7479;dependency_view:vitejs__vite.8b47ff76:root:7fb655fa88697a9a;node_runtime:22.23.2:linux:x86_64:glibc:abi127;repo_baseline:vitejs__vite:8b47ff76d28630b4dc39c77fbd2762b4c36ad23d;rootfs:node_22-bullseye-slim;source_overlay:vitejs__vite.8b47ff76:root;test_transform_cache:vitejs__vite.8b47ff76:root:vitest:c0d87b3d7479
fifo,fifo,,60,swesmith/vitejs__vite.8b47ff76,swesmith/voideditor__void.17e7a5b1,60,61,diff_node_diff_rootfs|same_build_tool|low_overlap|native_abi_change|rootfs_change,346478.603472,309353.138469,37125.465004,0.12001,-37125.465004,0,7,11,False,False,False,False,True,False,False,0.0,11.357465500000002,309341.78100300004,0.0,0.0,,build_cache:voideditor__void.17e7a5b1:root:gulp:0426f7949e03;build_cache:voideditor__void.17e7a5b1:root:next:0426f7949e03;build_cache:voideditor__void.17e7a5b1:root:typescript:0426f7949e03;dependency_view:voideditor__void.17e7a5b1:root:6522748bd07c0bd9;native_binary_bundle:voideditor__void.17e7a5b1:root:@vscode_sqlite3:115;node_runtime:20.19.1:linux:x86_64:glibc:abi115;repo_baseline:voideditor__void:17e7a5b1524345b19ab4ee38ec4f9b1b75a1bd00;rootfs:node_20-bookworm;source_overlay:voideditor__void.17e7a5b1:root;test_transform_cache:voideditor__void.17e7a5b1:root:mocha:0426f7949e03;test_transform_cache:voideditor__void.17e7a5b1:root:playwright:0426f7949e03
fifo,fifo,,61,swesmith/voideditor__void.17e7a5b1,swesmith/webpack__webpack.24e3c2d2,61,62,same_node_diff_rootfs|same_build_tool|low_overlap|rootfs_change,138452.571347,123601.223125,14851.348221,0.120155,-14851.348221,1,10,7,True,False,False,False,True,False,False,0.0,11.357465500000002,123589.86566,0.0,0.0,node_runtime:20.19.1:linux:x86_64:glibc:abi115,build_cache:webpack__webpack.24e3c2d2:root:typescript:8138d968425d;dependency_view:webpack__webpack.24e3c2d2:root:2a4de1074e7ce9a8;native_binary_bundle:webpack__webpack.24e3c2d2:root:node-gyp:115;repo_baseline:webpack__webpack:24e3c2d2c9f8c6d60810302b2ea70ed86e2863dc;rootfs:node_20-slim;source_overlay:webpack__webpack.24e3c2d2:root;test_transform_cache:webpack__webpack.24e3c2d2:root:jest:8138d968425d
fifo,fifo,,62,swesmith/webpack__webpack.24e3c2d2,swesmith/websockets__ws.726c3732,62,63,diff_node_diff_rootfs|low_overlap|native_abi_change|rootfs_change,37239.725965,33213.760235,4025.965729,0.121214,-4025.965729,0,8,6,False,False,False,False,False,False,False,0.0,11.357465500000002,33202.40277,0.0,0.0,,dependency_view:websockets__ws.726c3732:root:76eb131f76afa769;node_runtime:18.19.1:linux:x86_64:glibc:abi109;repo_baseline:websockets__ws:726c3732b3e5319219ed73cac4826fd36917e2e1;rootfs:node_18-slim;source_overlay:websockets__ws.726c3732:root;test_transform_cache:websockets__ws.726c3732:root:mocha:aaedef2a72b6
fifo,fifo,,63,swesmith/websockets__ws.726c3732,swesmith/welldone-software__why-did-you-render.3ec3512d,63,64,diff_node_diff_rootfs|low_overlap|native_abi_change|rootfs_change,141338.197494,129364.053864,11974.14363,0.092562,-11974.14363,0,6,8,False,False,False,False,False,False,False,0.0,11.357465500000002,129352.696399,0.0,0.0,,build_cache:welldone-software__why-did-you-render.3ec3512d:root:rollup:3d9083a10a5d;dependency_view:welldone-software__why-did-you-render.3ec3512d:root:773c5e8f586ea9c4;node_runtime:20.19.1:linux:x86_64:glibc:abi115;repo_baseline:welldone-software__why-did-you-render:3ec3512d750c49448fe2241e26d05db9e42f0c21;rootfs:node_20-slim;source_overlay:welldone-software__why-did-you-render.3ec3512d:root;test_transform_cache:welldone-software__why-did-you-render.3ec3512d:root:cypress:3d9083a10a5d;test_transform_cache:welldone-software__why-did-you-render.3ec3512d:root:jest:3d9083a10a5d
random,random_seed_11,11,1,swesmith/advplyr__audiobookshelf.626596b1,swesmith/marko-js__marko.24b9402c,1,30,diff_node_diff_rootfs|same_test_tool|low_overlap|native_abi_change|rootfs_change,231653.578518,213202.84484,18450.733678,0.086541,-18450.733678,0,10,9,False,False,False,False,False,True,False,0.0,11.357465500000002,213191.487374,0.0,0.0,,build_cache:marko-js__marko.24b9402c:root:changesets:ae9158e5e102;build_cache:marko-js__marko.24b9402c:root:typescript:ae9158e5e102;dependency_view:marko-js__marko.24b9402c:root:4dafb814ddc2f538;native_binary_bundle:marko-js__marko.24b9402c:root:esbuild:115;node_runtime:20.19.1:linux:x86_64:glibc:abi115;repo_baseline:marko-js__marko:24b9402cd54c3a74f200da0f79dd19350995a9ba;rootfs:node_20-slim;source_overlay:marko-js__marko.24b9402c:root;test_transform_cache:marko-js__marko.24b9402c:root:mocha:ae9158e5e102
random,random_seed_11,11,2,swesmith/marko-js__marko.24b9402c,swesmith/ueberdosis__tiptap.2d6de06c,30,58,same_node_diff_rootfs|same_build_tool|low_overlap|rootfs_change,245260.758094,218965.675579,26295.082515,0.120088,-26295.082515,1,8,8,True,False,False,False,True,False,False,0.0,11.357465500000002,218954.31811300002,0.0,0.0,node_runtime:20.19.1:linux:x86_64:glibc:abi115,build_cache:ueberdosis__tiptap.2d6de06c:root:changesets:85ad102bc603;build_cache:ueberdosis__tiptap.2d6de06c:root:turbo:85ad102bc603;dependency_view:ueberdosis__tiptap.2d6de06c:root:0bd9814a60fd8695;repo_baseline:ueberdosis__tiptap:2d6de06c34c239e78fedd6bd2a0bcea42d0fdbfa;rootfs:node_20;source_overlay:ueberdosis__tiptap.2d6de06c:root;test_transform_cache:ueberdosis__tiptap.2d6de06c:root:cypress:85ad102bc603;test_transform_cache:ueberdosis__tiptap.2d6de06c:root:vitest:85ad102bc603
random,random_seed_11,11,3,swesmith/ueberdosis__tiptap.2d6de06c,swesmith/Netflix__falcor.39d64776,58,38,diff_node_diff_rootfs|low_overlap|native_abi_change|rootfs_change,137587.749818,122815.381949,14772.367869,0.120281,-14772.367869,0,9,7,False,False,False,False,False,False,False,0.0,11.357465500000002,122804.024484,0.0,0.0,,build_cache:Netflix__falcor.39d64776:root:gulp:8290bb56acfc;dependency_view:Netflix__falcor.39d64776:root:missing;node_runtime:18.19.1:linux:x86_64:glibc:abi109;repo_baseline:Netflix__falcor:39d64776cf9d87781b2791615dcbae73b2bcd2e1;rootfs:node_18-slim;source_overlay:Netflix__falcor.39d64776:root;test_transform_cache:Netflix__falcor.39d64776:root:jest:8290bb56acfc
random,random_seed_11,11,4,swesmith/Netflix__falcor.39d64776,swesmith/umijs__qiankun.693cdde7,38,59,same_node_same_rootfs,117744.017116,89757.780764,27986.236353,0.311797,-27986.236353,2,5,4,True,True,False,False,False,False,False,132.289401,0.0494345,89625.441928,0.0,0.0,node_runtime:18.19.1:linux:x86_64:glibc:abi109;rootfs:node_18-slim,build_cache:umijs__qiankun.693cdde7:root:changesets:39fec7936def;dependency_view:umijs__qiankun.693cdde7:root:af8a3045705a19cc;repo_baseline:umijs__qiankun:693cdde75049830820ff9490dd267f9701db25e6;source_overlay:umijs__qiankun.693cdde7:root
random,random_seed_11,11,5,swesmith/umijs__qiankun.693cdde7,swesmith/strapi__strapi.e5b87a54,59,53,diff_node_diff_rootfs|low_overlap|native_abi_change|rootfs_change,138174.511412,123601.223125,14573.288286,0.117906,-14573.288286,0,6,8,False,False,False,False,False,False,False,0.0,11.357465500000002,123589.86566,0.0,0.0,,build_cache:strapi__strapi.e5b87a54:root:nx:dc747f5541b9;dependency_view:strapi__strapi.e5b87a54:root:6fe14b23a9f92e6c;native_binary_bundle:strapi__strapi.e5b87a54:root:@swc_core:115;node_runtime:20.19.1:linux:x86_64:glibc:abi115;repo_baseline:strapi__strapi:e5b87a54008c9de2b3286a4774635dcf69895d9b;rootfs:node_20-slim;source_overlay:strapi__strapi.e5b87a54:root;test_transform_cache:strapi__strapi.e5b87a54:root:jest:dc747f5541b9
random,random_seed_11,11,6,swesmith/strapi__strapi.e5b87a54,swesmith/mholt__PapaParse.b10b87ef,53,32,diff_node_diff_rootfs|low_overlap|native_abi_change|rootfs_change,37239.725965,33213.760235,4025.965729,0.121214,-4025.965729,0,8,6,False,False,False,False,False,False,False,0.0,11.357465500000002,33202.40277,0.0,0.0,,dependency_view:mholt__PapaParse.b10b87ef:root:85db9ec387c60c3e;node_runtime:18.19.1:linux:x86_64:glibc:abi109;repo_baseline:mholt__PapaParse:b10b87ef8686c6f88299b50dd25e83606e9c36d4;rootfs:node_18-slim;source_overlay:mholt__PapaParse.b10b87ef:root;test_transform_cache:mholt__PapaParse.b10b87ef:root:mocha:33ffa1b7b9c3
random,random_seed_11,11,7,swesmith/mholt__PapaParse.b10b87ef,swesmith/marmelab__react-admin.823caa0b,32,31,diff_node_diff_rootfs|low_overlap|native_abi_change|rootfs_change,141338.197494,129364.053864,11974.14363,0.092562,-11974.14363,0,6,8,False,False,False,False,False,False,False,0.0,11.357465500000002,129352.696399,0.0,0.0,,build_cache:marmelab__react-admin.823caa0b:root:lerna:2ae6a8efe6cf;dependency_view:marmelab__react-admin.823caa0b:root:f178fcbaf6a59b3b;node_runtime:20.19.1:linux:x86_64:glibc:abi115;repo_baseline:marmelab__react-admin:823caa0b6489fc8133685525e22d30ddf57643fa;rootfs:node_20-bullseye-slim;source_overlay:marmelab__react-admin.823caa0b:root;test_transform_cache:marmelab__react-admin.823caa0b:root:cypress:2ae6a8efe6cf;test_transform_cache:marmelab__react-admin.823caa0b:root:jest:2ae6a8efe6cf
random,random_seed_11,11,8,swesmith/marmelab__react-admin.823caa0b,swesmith/nestjs__nest.346c9543,31,37,same_node_diff_rootfs|same_build_tool|low_overlap|rootfs_change,439482.586659,392406.088268,47076.498391,0.119969,-47076.498391,1,7,10,True,False,False,False,True,False,False,0.0,11.357465500000002,392394.73080200003,0.0,0.0,node_runtime:20.19.1:linux:x86_64:glibc:abi115,build_cache:nestjs__nest.346c9543:root:gulp:892e8dc67f5f;build_cache:nestjs__nest.346c9543:root:lerna:892e8dc67f5f;build_cache:nestjs__nest.346c9543:root:next:892e8dc67f5f;build_cache:nestjs__nest.346c9543:root:typescript:892e8dc67f5f;dependency_view:nestjs__nest.346c9543:root:1757422535048d10;native_binary_bundle:nestjs__nest.346c9543:root:@grpc_grpc-js:115;repo_baseline:nestjs__nest:346c9543120c692f314bdbf55fc9956d2fa6d87e;rootfs:node_20-slim;source_overlay:nestjs__nest.346c9543:root;test_transform_cache:nestjs__nest.346c9543:root:mocha:892e8dc67f5f
random,random_seed_11,11,9,swesmith/nestjs__nest.346c9543,swesmith/welldone-software__why-did-you-render.3ec3512d,37,64,same_node_same_rootfs,132413.002018,102739.228597,29673.773421,0.288826,-29673.773421,2,9,6,True,True,False,False,False,False,False,16.393405,0.0494345,102722.785758,0.0,0.0,node_runtime:20.19.1:linux:x86_64:glibc:abi115;rootfs:node_20-slim,build_cache:welldone-software__why-did-you-render.3ec3512d:root:rollup:3d9083a10a5d;dependency_view:welldone-software__why-did-you-render.3ec3512d:root:773c5e8f586ea9c4;repo_baseline:welldone-software__why-did-you-render:3ec3512d750c49448fe2241e26d05db9e42f0c21;source_overlay:welldone-software__why-did-you-render.3ec3512d:root;test_transform_cache:welldone-software__why-did-you-render.3ec3512d:root:cypress:3d9083a10a5d;test_transform_cache:welldone-software__why-did-you-render.3ec3512d:root:jest:3d9083a10a5d
random,random_seed_11,11,10,swesmith/welldone-software__why-did-you-render.3ec3512d,swesmith/react-hook-form__react-hook-form.3adba2b8,64,44,diff_node_diff_rootfs|same_build_tool|same_test_tool|low_overlap|native_abi_change|rootfs_change,246124.787153,219751.516755,26373.270398,0.120014,-26373.270398,0,8,10,False,False,False,False,True,True,False,0.0,11.357465500000002,219740.159289,0.0,0.0,,build_cache:react-hook-form__react-hook-form.3adba2b8:root:rollup:759c3e15fb55;build_cache:react-hook-form__react-hook-form.3adba2b8:root:typescript:759c3e15fb55;dependency_view:react-hook-form__react-hook-form.3adba2b8:root:f10d22bc872be4f0;native_binary_bundle:react-hook-form__react-hook-form.3adba2b8:root:@swc_core:109;node_runtime:18.19.1:linux:x86_64:glibc:abi109;repo_baseline:react-hook-form__react-hook-form:3adba2b816dd50bbca460bbe61df64b50bc6b1da;rootfs:node_18-slim;source_overlay:react-hook-form__react-hook-form.3adba2b8:root;test_transform_cache:react-hook-form__react-hook-form.3adba2b8:root:cypress:759c3e15fb55;test_transform_cache:react-hook-form__react-hook-form.3adba2b8:root:jest:759c3e15fb55
random,random_seed_11,11,11,swesmith/react-hook-form__react-hook-form.3adba2b8,swesmith/directus__directus.ac922d18,44,14,diff_node_diff_rootfs|low_overlap|native_abi_change|rootfs_change,29905.253608,26665.08832,3240.165287,0.121513,-3240.165287,0,10,5,False,False,False,False,False,False,False,0.0,11.357465500000002,26653.730854999998,0.0,0.0,,dependency_view:directus__directus.ac922d18:root:2b92fcea821d0732;node_runtime:22.23.2:linux:x86_64:glibc:abi127;repo_baseline:directus__directus:ac922d18f6039582a18737a6dc6d1d9a08a194e8;rootfs:node_22-slim;source_overlay:directus__directus.ac922d18:root
random,random_seed_11,11,12,swesmith/directus__directus.ac922d18,swesmith/coder__code-server.e90504b8,14,13,same_node_diff_rootfs|low_overlap|rootfs_change,29884.100365,26665.08832,3219.012044,0.12072,-3219.012044,1,4,4,True,False,False,False,False,False,False,0.0,11.357465500000002,26653.730854999998,0.0,0.0,node_runtime:22.23.2:linux:x86_64:glibc:abi127,dependency_view:coder__code-server.e90504b8:root:cc86648d271cc663;repo_baseline:coder__code-server:e90504b8cf1d73c36d902bbaaec7bab33f15c42e;rootfs:node_22-bookworm-slim;source_overlay:coder__code-server.e90504b8:root
random,random_seed_11,11,13,swesmith/coder__code-server.e90504b8,swesmith/novnc__noVNC.d44f7e04,13,41,diff_node_diff_rootfs|low_overlap|native_abi_change|rootfs_change,36971.986622,33213.760235,3758.226386,0.113153,-3758.226386,0,5,6,False,False,False,False,False,False,False,0.0,11.357465500000002,33202.40277,0.0,0.0,,dependency_view:novnc__noVNC.d44f7e04:root:325dd23a06d3378b;node_runtime:20.19.1:linux:x86_64:glibc:abi115;repo_baseline:novnc__noVNC:d44f7e04fc456844836c7c5ac911d0f4e8dd06e6;rootfs:node_20-slim;source_overlay:novnc__noVNC.d44f7e04:root;test_transform_cache:novnc__noVNC.d44f7e04:root:karma:f5696d664a68
random,random_seed_11,11,14,swesmith/novnc__noVNC.d44f7e04,swesmith/nightwatchjs__nightwatch.54c8550c,41,39,diff_node_diff_rootfs|low_overlap|native_abi_change|rootfs_change,38082.641969,33999.601411,4083.040557,0.120091,-4083.040557,0,6,7,False,False,False,False,False,False,False,0.0,11.357465500000002,33988.243946,0.0,0.0,,dependency_view:nightwatchjs__nightwatch.54c8550c:root:4a947b8a3bf39687;native_binary_bundle:nightwatchjs__nightwatch.54c8550c:root:@swc_core:109;node_runtime:18.19.1:linux:x86_64:glibc:abi109;repo_baseline:nightwatchjs__nightwatch:54c8550c75a16c61827c0bad043c7ffa073a52e6;rootfs:node_18-slim;source_overlay:nightwatchjs__nightwatch.54c8550c:root;test_transform_cache:nightwatchjs__nightwatch.54c8550c:root:mocha:34743ed160a3
random,random_seed_11,11,15,swesmith/nightwatchjs__nightwatch.54c8550c,swesmith/Shopify__draggable.8a1eed57,39,52,diff_node_diff_rootfs|low_overlap|native_abi_change|rootfs_change,327543.187852,302018.625378,25524.562474,0.084513,-25524.562474,0,7,9,False,False,False,False,False,False,False,0.0,11.357465500000002,302007.267912,0.0,0.0,,build_cache:Shopify__draggable.8a1eed57:root:changesets:75fa7c4af02e;build_cache:Shopify__draggable.8a1eed57:root:rollup:75fa7c4af02e;build_cache:Shopify__draggable.8a1eed57:root:typescript:75fa7c4af02e;dependency_view:Shopify__draggable.8a1eed57:root:5951b44524aa69b1;node_runtime:20.19.1:linux:x86_64:glibc:abi115;repo_baseline:Shopify__draggable:8a1eed57f3ab2dff9371e8ce60fb39ac85871e8d;rootfs:node_20;source_overlay:Shopify__draggable.8a1eed57:root;test_transform_cache:Shopify__draggable.8a1eed57:root:jest:75fa7c4af02e
random,random_seed_11,11,16,swesmith/Shopify__draggable.8a1eed57,swesmith/segmentio__evergreen.9b774aee,52,51,diff_node_diff_rootfs|same_build_tool|same_test_tool|low_overlap|native_abi_change|rootfs_change,338295.382458,302018.625378,36276.75708,0.120114,-36276.75708,0,9,9,False,False,False,False,True,True,False,0.0,11.357465500000002,302007.267912,0.0,0.0,,build_cache:segmentio__evergreen.9b774aee:root:babel:871730dbe504;build_cache:segmentio__evergreen.9b774aee:root:rollup:871730dbe504;build_cache:segmentio__evergreen.9b774aee:root:typescript:871730dbe504;dependency_view:segmentio__evergreen.9b774aee:root:c290fc2f869fd91a;node_runtime:18.19.1:linux:x86_64:glibc:abi109;repo_baseline:segmentio__evergreen:9b774aee2d794f6cf2f73a054bd33066ca5898a9;rootfs:node_18-slim;source_overlay:segmentio__evergreen.9b774aee:root;test_transform_cache:segmentio__evergreen.9b774aee:root:jest:871730dbe504
random,random_seed_11,11,17,swesmith/segmentio__evergreen.9b774aee,swesmith/Effect-TS__effect.5df4da10,51,15,diff_node_diff_rootfs|same_build_tool|low_overlap|native_abi_change|rootfs_change,237941.566138,212417.003664,25524.562474,0.120163,-25524.562474,0,9,8,False,False,False,False,True,False,False,0.0,11.357465500000002,212405.646198,0.0,0.0,,build_cache:Effect-TS__effect.5df4da10:root:changesets:3936ee7940b9;build_cache:Effect-TS__effect.5df4da10:root:typescript:3936ee7940b9;dependency_view:Effect-TS__effect.5df4da10:root:61e1a82d9173e1a4;node_runtime:20.19.1:linux:x86_64:glibc:abi115;repo_baseline:Effect-TS__effect:5df4da10de444f379a166f4b28721e75100bb838;rootfs:node_20-slim;source_overlay:Effect-TS__effect.5df4da10:root;test_transform_cache:Effect-TS__effect.5df4da10:root:vitest:3936ee7940b9
random,random_seed_11,11,18,swesmith/Effect-TS__effect.5df4da10,swesmith/bluesky-social__social-app.cbd48c85,15,8,same_node_same_rootfs|same_build_tool,125078.489473,96190.556682,28887.932791,0.30032,-28887.932791,2,6,5,True,True,False,False,True,False,False,16.393405,0.0494345,96174.113843,0.0,0.0,node_runtime:20.19.1:linux:x86_64:glibc:abi115;rootfs:node_20-slim,build_cache:bluesky-social__social-app.cbd48c85:root:typescript:4a9667753d9f;dependency_view:bluesky-social__social-app.cbd48c85:root:109982c53979748a;repo_baseline:bluesky-social__social-app:cbd48c855a57f1a294f4b7362eaadb505bf5f9f6;source_overlay:bluesky-social__social-app.cbd48c85:root;test_transform_cache:bluesky-social__social-app.cbd48c85:root:jest:4a9667753d9f
random,random_seed_11,11,19,swesmith/bluesky-social__social-app.cbd48c85,swesmith/nock__nock.e7418da2,8,40,same_node_diff_rootfs|same_test_tool|low_overlap|rootfs_change,44558.917921,39762.43215,4796.48577,0.120629,-4796.48577,1,6,6,True,False,False,False,False,True,False,0.0,11.357465500000002,39751.074685,0.0,0.0,node_runtime:20.19.1:linux:x86_64:glibc:abi115,dependency_view:nock__nock.e7418da2:root:541f81ce3f744a6f;repo_baseline:nock__nock:e7418da29feb4a7bf0aa1612bfb9d32a4051651e;rootfs:node_20;source_overlay:nock__nock.e7418da2:root;test_transform_cache:nock__nock.e7418da2:root:jest:bf94886cefe6;test_transform_cache:nock__nock.e7418da2:root:mocha:bf94886cefe6
random,random_seed_11,11,20,swesmith/nock__nock.e7418da2,swesmith/iamkun__dayjs.c8a26460,40,25,diff_node_diff_rootfs|same_test_tool|low_overlap|native_abi_change|rootfs_change,141338.197494,129364.053864,11974.14363,0.092562,-11974.14363,0,7,8,False,False,False,False,False,True,False,0.0,11.357465500000002,129352.696399,0.0,0.0,,build_cache:iamkun__dayjs.c8a26460:root:babel:9ed6e5f7fd04;dependency_view:iamkun__dayjs.c8a26460:root:c68f1e093a72eecf;node_runtime:18.19.1:linux:x86_64:glibc:abi109;repo_baseline:iamkun__dayjs:c8a26460d89a2ee9a7d3b9cafa124ea856ee883f;rootfs:node_18-bullseye;source_overlay:iamkun__dayjs.c8a26460:root;test_transform_cache:iamkun__dayjs.c8a26460:root:jest:9ed6e5f7fd04;test_transform_cache:iamkun__dayjs.c8a26460:root:karma:9ed6e5f7fd04
random,random_seed_11,11,21,swesmith/iamkun__dayjs.c8a26460,swesmith/caolan__async.23dbf76a,25,12,same_node_same_rootfs|same_test_tool,32064.978165,13253.50288,18811.475285,1.419359,-18811.475285,2,6,5,True,True,False,False,False,True,False,132.289401,0.0494345,13121.164044000001,0.0,0.0,node_runtime:18.19.1:linux:x86_64:glibc:abi109;rootfs:node_18-bullseye,dependency_view:caolan__async.23dbf76a:root:579fe631d378a055;repo_baseline:caolan__async:23dbf76aeb04c7c3dd56276115b277e3fa9dd5cc;source_overlay:caolan__async.23dbf76a:root;test_transform_cache:caolan__async.23dbf76a:root:karma:73168162c1db;test_transform_cache:caolan__async.23dbf76a:root:mocha:73168162c1db
random,random_seed_11,11,22,swesmith/caolan__async.23dbf76a,swesmith/balderdashy__sails.ffebacc5,12,7,same_node_diff_rootfs|same_test_tool|low_overlap|rootfs_change,37218.61291,33213.760235,4004.852674,0.120578,-4004.852674,1,6,5,True,False,False,False,False,True,False,0.0,11.357465500000002,33202.40277,0.0,0.0,node_runtime:18.19.1:linux:x86_64:glibc:abi109,dependency_view:balderdashy__sails.ffebacc5:root:05b5a7170832986f;repo_baseline:balderdashy__sails:ffebacc58c27f878c9373702bc3a3f91a02bca0c;rootfs:node_18-slim;source_overlay:balderdashy__sails.ffebacc5:root;test_transform_cache:balderdashy__sails.ffebacc5:root:mocha:8d9a655c7243
random,random_seed_11,11,23,swesmith/balderdashy__sails.ffebacc5,swesmith/svg__svgo.c06d8f68,7,55,diff_node_diff_rootfs|low_overlap|native_abi_change|rootfs_change,230773.436401,212417.003664,18356.432737,0.086417,-18356.432737,0,6,8,False,False,False,False,False,False,False,0.0,11.357465500000002,212405.646198,0.0,0.0,,build_cache:svg__svgo.c06d8f68:root:rollup:2b58ff2876b3;build_cache:svg__svgo.c06d8f68:root:typescript:2b58ff2876b3;dependency_view:svg__svgo.c06d8f68:root:e3122b4a0e1aa47b;node_runtime:20.19.1:linux:x86_64:glibc:abi115;repo_baseline:svg__svgo:c06d8f6899788defae9594537063c2f4307803e4;rootfs:node_20-slim;source_overlay:svg__svgo.c06d8f68:root;test_transform_cache:svg__svgo.c06d8f68:root:jest:2b58ff2876b3
random,random_seed_11,11,24,swesmith/svg__svgo.c06d8f68,swesmith/Automattic__mongoose.5f57a5bb,55,4,diff_node_diff_rootfs|low_overlap|native_abi_change|rootfs_change,37239.725965,33213.760235,4025.965729,0.121214,-4025.965729,0,8,6,False,False,False,False,False,False,False,0.0,11.357465500000002,33202.40277,0.0,0.0,,dependency_view:Automattic__mongoose.5f57a5bb:root:f4a039d5d472a10b;node_runtime:18.19.1:linux:x86_64:glibc:abi109;repo_baseline:Automattic__mongoose:5f57a5bbb2e8dfed8d04be47cdd17728633c44c1;rootfs:node_18-bullseye;source_overlay:Automattic__mongoose.5f57a5bb:root;test_transform_cache:Automattic__mongoose.5f57a5bb:root:mocha:0f744702c7e7
random,random_seed_11,11,25,swesmith/Automattic__mongoose.5f57a5bb,swesmith/websockets__ws.726c3732,4,63,same_node_diff_rootfs|same_test_tool|low_overlap|rootfs_change,37218.61291,33213.760235,4004.852674,0.120578,-4004.852674,1,5,5,True,False,False,False,False,True,False,0.0,11.357465500000002,33202.40277,0.0,0.0,node_runtime:18.19.1:linux:x86_64:glibc:abi109,dependency_view:websockets__ws.726c3732:root:76eb131f76afa769;repo_baseline:websockets__ws:726c3732b3e5319219ed73cac4826fd36917e2e1;rootfs:node_18-slim;source_overlay:websockets__ws.726c3732:root;test_transform_cache:websockets__ws.726c3732:root:mocha:aaedef2a72b6
random,random_seed_11,11,26,swesmith/websockets__ws.726c3732,swesmith/payloadcms__payload.8f660355,63,43,diff_node_diff_rootfs|low_overlap|native_abi_change|rootfs_change,240654.074356,221323.199106,19330.875249,0.087342,-19330.875249,0,6,12,False,False,False,False,False,False,False,0.0,11.357465500000002,221311.84164099998,0.0,0.0,,build_cache:payloadcms__payload.8f660355:root:next:096d4a336345;build_cache:payloadcms__payload.8f660355:root:turbo:096d4a336345;dependency_view:payloadcms__payload.8f660355:root:a2f282bd4e00dd49;native_binary_bundle:payloadcms__payload.8f660355:root:@swc_core:115;native_binary_bundle:payloadcms__payload.8f660355:root:node-gyp:115;native_binary_bundle:payloadcms__payload.8f660355:root:sharp:115;node_runtime:20.19.1:linux:x86_64:glibc:abi115;repo_baseline:payloadcms__payload:8f66035522f568d42098a7ad525e7bf700662b9a;rootfs:node_20-slim;source_overlay:payloadcms__payload.8f660355:root;test_transform_cache:payloadcms__payload.8f660355:root:playwright:096d4a336345;test_transform_cache:payloadcms__payload.8f660355:root:vitest:096d4a336345
random,random_seed_11,11,27,swesmith/payloadcms__payload.8f660355,swesmith/redux-saga__redux-saga.a4ace10d,43,48,diff_node_diff_rootfs|low_overlap|native_abi_change|rootfs_change,137587.749818,122815.381949,14772.367869,0.120281,-14772.367869,0,12,7,False,False,False,False,False,False,False,0.0,11.357465500000002,122804.024484,0.0,0.0,,build_cache:redux-saga__redux-saga.a4ace10d:root:changesets:c91a6dc103c2;dependency_view:redux-saga__redux-saga.a4ace10d:root:c1bcbd93da3b0eeb;node_runtime:18.19.1:linux:x86_64:glibc:abi109;repo_baseline:redux-saga__redux-saga:a4ace10dc3ff182828cd3ee7469f6667e08ceb62;rootfs:node_18-slim;source_overlay:redux-saga__redux-saga.a4ace10d:root;test_transform_cache:redux-saga__redux-saga.a4ace10d:root:jest:c91a6dc103c2
random,random_seed_11,11,28,swesmith/redux-saga__redux-saga.a4ace10d,swesmith/foambubble__foam.2cac8162,48,19,same_node_diff_rootfs|low_overlap|rootfs_change,130237.956872,116266.710034,13971.246838,0.120165,-13971.246838,1,6,5,True,False,False,False,False,False,False,0.0,11.357465500000002,116255.352569,0.0,0.0,node_runtime:18.19.1:linux:x86_64:glibc:abi109,build_cache:foambubble__foam.2cac8162:root:lerna:2510f8df8165;dependency_view:foambubble__foam.2cac8162:root:8118db77d559a658;repo_baseline:foambubble__foam:2cac816272157f3a964b30adf4f29c0b2973cce8;rootfs:node_18;source_overlay:foambubble__foam.2cac8162:root
random,random_seed_11,11,29,swesmith/foambubble__foam.2cac8162,swesmith/ajayyy__SponsorBlock.dfddffbc,19,2,same_node_diff_rootfs|low_overlap|rootfs_change,137310.482353,122815.381949,14495.100403,0.118023,-14495.100403,1,5,6,True,False,False,False,False,False,False,0.0,11.357465500000002,122804.024484,0.0,0.0,node_runtime:18.19.1:linux:x86_64:glibc:abi109,build_cache:ajayyy__SponsorBlock.dfddffbc:root:webpack:d8254aa65fa6;dependency_view:ajayyy__SponsorBlock.dfddffbc:root:72aaad849c194625;repo_baseline:ajayyy__SponsorBlock:dfddffbc5128dbc55b4dc7c83cdcd18787f48ba4;rootfs:node_18-slim;source_overlay:ajayyy__SponsorBlock.dfddffbc:root;test_transform_cache:ajayyy__SponsorBlock.dfddffbc:root:jest:d8254aa65fa6
random,random_seed_11,11,30,swesmith/ajayyy__SponsorBlock.dfddffbc,swesmith/webpack__webpack.24e3c2d2,2,62,diff_node_diff_rootfs|same_test_tool|low_overlap|native_abi_change|rootfs_change,138436.458288,123601.223125,14835.235163,0.120025,-14835.235163,0,7,8,False,False,False,False,False,True,False,0.0,11.357465500000002,123589.86566,0.0,0.0,,build_cache:webpack__webpack.24e3c2d2:root:typescript:8138d968425d;dependency_view:webpack__webpack.24e3c2d2:root:2a4de1074e7ce9a8;native_binary_bundle:webpack__webpack.24e3c2d2:root:node-gyp:115;node_runtime:20.19.1:linux:x86_64:glibc:abi115;repo_baseline:webpack__webpack:24e3c2d2c9f8c6d60810302b2ea70ed86e2863dc;rootfs:node_20-slim;source_overlay:webpack__webpack.24e3c2d2:root;test_transform_cache:webpack__webpack.24e3c2d2:root:jest:8138d968425d
random,random_seed_11,11,31,swesmith/webpack__webpack.24e3c2d2,swesmith/bpampuch__pdfmake.719e7314,62,10,diff_node_diff_rootfs|low_overlap|native_abi_change|rootfs_change,237941.566138,212417.003664,25524.562474,0.120163,-25524.562474,0,8,8,False,False,False,False,False,False,False,0.0,11.357465500000002,212405.646198,0.0,0.0,,build_cache:bpampuch__pdfmake.719e7314:root:babel:530210e657f9;build_cache:bpampuch__pdfmake.719e7314:root:webpack:530210e657f9;dependency_view:bpampuch__pdfmake.719e7314:root:cbdd674906fcd63a;node_runtime:18.19.1:linux:x86_64:glibc:abi109;repo_baseline:bpampuch__pdfmake:719e73140cce75a792f7f419c27fc33a230e73d2;rootfs:node_18-slim;source_overlay:bpampuch__pdfmake.719e7314:root;test_transform_cache:bpampuch__pdfmake.719e7314:root:mocha:530210e657f9
random,random_seed_11,11,32,swesmith/bpampuch__pdfmake.719e7314,swesmith/bootstrap-vue__bootstrap-vue.9a246f45,10,9,same_node_diff_rootfs|low_overlap|rootfs_change,137572.429229,122815.381949,14757.04728,0.120156,-14757.04728,1,7,6,True,False,False,False,False,False,False,0.0,11.357465500000002,122804.024484,0.0,0.0,node_runtime:18.19.1:linux:x86_64:glibc:abi109,build_cache:bootstrap-vue__bootstrap-vue.9a246f45:root:rollup:594eccebc247;dependency_view:bootstrap-vue__bootstrap-vue.9a246f45:root:d41e6daa3c100016;repo_baseline:bootstrap-vue__bootstrap-vue:9a246f45fc813f161df291fc7d6197febf8afaf4;rootfs:node_18-bullseye-slim;source_overlay:bootstrap-vue__bootstrap-vue.9a246f45:root;test_transform_cache:bootstrap-vue__bootstrap-vue.9a246f45:root:jest:594eccebc247
random,random_seed_11,11,33,swesmith/bootstrap-vue__bootstrap-vue.9a246f45,swesmith/axios__axios.ef36347f,9,5,same_node_diff_rootfs|same_build_tool|low_overlap|rootfs_change,245260.758094,218965.675579,26295.082515,0.120088,-26295.082515,1,6,8,True,False,False,False,True,False,False,0.0,11.357465500000002,218954.31811300002,0.0,0.0,node_runtime:18.19.1:linux:x86_64:glibc:abi109,build_cache:axios__axios.ef36347f:root:gulp:0b40dadaf3bd;build_cache:axios__axios.ef36347f:root:rollup:0b40dadaf3bd;dependency_view:axios__axios.ef36347f:root:2346329f530df5bd;repo_baseline:axios__axios:ef36347fb559383b04c755b07f1a8d11897fab7f;rootfs:node_18-bullseye;source_overlay:axios__axios.ef36347f:root;test_transform_cache:axios__axios.ef36347f:root:karma:0b40dadaf3bd;test_transform_cache:axios__axios.ef36347f:root:mocha:0b40dadaf3bd
random,random_seed_11,11,34,swesmith/axios__axios.ef36347f,swesmith/foliojs__pdfkit.d0108157,5,20,same_node_diff_rootfs|same_build_tool|low_overlap|rootfs_change,138421.137699,123601.223125,14819.914574,0.119901,-14819.914574,1,8,7,True,False,False,False,True,False,False,0.0,11.357465500000002,123589.86566,0.0,0.0,node_runtime:18.19.1:linux:x86_64:glibc:abi109,build_cache:foliojs__pdfkit.d0108157:root:rollup:bbc97774e07e;dependency_view:foliojs__pdfkit.d0108157:root:11c27c17439e5efb;native_binary_bundle:foliojs__pdfkit.d0108157:root:canvas:109;repo_baseline:foliojs__pdfkit:d0108157f13d763ad5287a2293436b5a1aecf055;rootfs:node_18-slim;source_overlay:foliojs__pdfkit.d0108157:root;test_transform_cache:foliojs__pdfkit.d0108157:root:jest:bbc97774e07e
random,random_seed_11,11,35,swesmith/foliojs__pdfkit.d0108157,swesmith/voideditor__void.17e7a5b1,20,61,diff_node_diff_rootfs|low_overlap|native_abi_change|rootfs_change,346510.037119,309353.138469,37156.898651,0.120112,-37156.898651,0,8,11,False,False,False,False,False,False,False,0.0,11.357465500000002,309341.78100300004,0.0,0.0,,build_cache:voideditor__void.17e7a5b1:root:gulp:0426f7949e03;build_cache:voideditor__void.17e7a5b1:root:next:0426f7949e03;build_cache:voideditor__void.17e7a5b1:root:typescript:0426f7949e03;dependency_view:voideditor__void.17e7a5b1:root:6522748bd07c0bd9;native_binary_bundle:voideditor__void.17e7a5b1:root:@vscode_sqlite3:115;node_runtime:20.19.1:linux:x86_64:glibc:abi115;repo_baseline:voideditor__void:17e7a5b1524345b19ab4ee38ec4f9b1b75a1bd00;rootfs:node_20-bookworm;source_overlay:voideditor__void.17e7a5b1:root;test_transform_cache:voideditor__void.17e7a5b1:root:mocha:0426f7949e03;test_transform_cache:voideditor__void.17e7a5b1:root:playwright:0426f7949e03
random,random_seed_11,11,36,swesmith/voideditor__void.17e7a5b1,swesmith/GitbookIO__gitbook.81f8ddcf,61,22,diff_node_diff_rootfs|low_overlap|native_abi_change|rootfs_change,230607.093781,205868.331749,24738.762032,0.120168,-24738.762032,0,11,7,False,False,False,False,False,False,False,0.0,11.357465500000002,205856.974283,0.0,0.0,,build_cache:GitbookIO__gitbook.81f8ddcf:root:changesets:88b89ad9c0ff;build_cache:GitbookIO__gitbook.81f8ddcf:root:turbo:88b89ad9c0ff;dependency_view:GitbookIO__gitbook.81f8ddcf:root:b1ab37fbc3435ed4;node_runtime:unknown.x-unavailable:linux:x86_64:glibc:abiunknown;repo_baseline:GitbookIO__gitbook:81f8ddcf27ec398a33b6f676a81e9a791b673ce2;rootfs:unknown;source_overlay:GitbookIO__gitbook.81f8ddcf:root
random,random_seed_11,11,37,swesmith/GitbookIO__gitbook.81f8ddcf,swesmith/reactjs__react-transition-group.2989b5b8,22,46,diff_node_diff_rootfs|low_overlap|native_abi_change|rootfs_change,338033.435581,302018.625378,36014.810203,0.119247,-36014.810203,0,7,9,False,False,False,False,False,False,False,0.0,11.357465500000002,302007.267912,0.0,0.0,,build_cache:reactjs__react-transition-group.2989b5b8:root:babel:d8eb49b0cb73;build_cache:reactjs__react-transition-group.2989b5b8:root:next:d8eb49b0cb73;build_cache:reactjs__react-transition-group.2989b5b8:root:rollup:d8eb49b0cb73;dependency_view:reactjs__react-transition-group.2989b5b8:root:670f3bc8796f5ef3;node_runtime:18.19.1:linux:x86_64:glibc:abi109;repo_baseline:reactjs__react-transition-group:2989b5b87b4b4d1001f21c8efa503049ffb4fe8d;rootfs:node_18-slim;source_overlay:reactjs__react-transition-group.2989b5b8:root;test_transform_cache:reactjs__react-transition-group.2989b5b8:root:jest:d8eb49b0cb73
random,random_seed_11,11,38,swesmith/reactjs__react-transition-group.2989b5b8,swesmith/antvis__G6.91c0ac85,46,3,diff_node_diff_rootfs|low_overlap|native_abi_change|rootfs_change,131101.985931,117052.55121,14049.434721,0.120027,-14049.434721,0,9,7,False,False,False,False,False,False,False,0.0,11.357465500000002,117041.193745,0.0,0.0,,build_cache:antvis__G6.91c0ac85:root:turbo:632cb8ca84bf;dependency_view:antvis__G6.91c0ac85:root:45c81ff4acc7aa0f;native_binary_bundle:antvis__G6.91c0ac85:root:@swc_core:115;node_runtime:20.19.1:linux:x86_64:glibc:abi115;repo_baseline:antvis__G6:91c0ac85e4e636a05bd1a3c5e56a4928d1242a9b;rootfs:node_20;source_overlay:antvis__G6.91c0ac85:root
random,random_seed_11,11,39,swesmith/antvis__G6.91c0ac85,swesmith/vitejs__vite.8b47ff76,3,60,diff_node_diff_rootfs|low_overlap|native_abi_change|rootfs_change,137325.802942,122815.381949,14510.420992,0.118148,-14510.420992,0,7,7,False,False,False,False,False,False,False,0.0,11.357465500000002,122804.024484,0.0,0.0,,build_cache:vitejs__vite.8b47ff76:root:typescript:c0d87b3d7479;dependency_view:vitejs__vite.8b47ff76:root:7fb655fa88697a9a;node_runtime:22.23.2:linux:x86_64:glibc:abi127;repo_baseline:vitejs__vite:8b47ff76d28630b4dc39c77fbd2762b4c36ad23d;rootfs:node_22-bullseye-slim;source_overlay:vitejs__vite.8b47ff76:root;test_transform_cache:vitejs__vite.8b47ff76:root:vitest:c0d87b3d7479
random,random_seed_11,11,40,swesmith/vitejs__vite.8b47ff76,swesmith/NativeScript__NativeScript.3d6a4392,60,35,diff_node_diff_rootfs|low_overlap|native_abi_change|rootfs_change,131101.985931,117052.55121,14049.434721,0.120027,-14049.434721,0,7,7,False,False,False,False,False,False,False,0.0,11.357465500000002,117041.193745,0.0,0.0,,build_cache:NativeScript__NativeScript.3d6a4392:root:nx:66d2167c1bf8;dependency_view:NativeScript__NativeScript.3d6a4392:root:085e1f7ccbe42f25;native_binary_bundle:NativeScript__NativeScript.3d6a4392:root:@swc_core:115;node_runtime:20.19.1:linux:x86_64:glibc:abi115;repo_baseline:NativeScript__NativeScript:3d6a4392f6008e4f43f8f5439a256c50e3707101;rootfs:node_20;source_overlay:NativeScript__NativeScript.3d6a4392:root
random,random_seed_11,11,41,swesmith/NativeScript__NativeScript.3d6a4392,swesmith/josdejong__jsoneditor.0319b213,35,28,same_node_diff_rootfs|low_overlap|rootfs_change,237664.298672,212417.003664,25247.295009,0.118857,-25247.295009,1,6,7,True,False,False,False,False,False,False,0.0,11.357465500000002,212405.646198,0.0,0.0,node_runtime:20.19.1:linux:x86_64:glibc:abi115,build_cache:josdejong__jsoneditor.0319b213:root:babel:be56cc981d38;build_cache:josdejong__jsoneditor.0319b213:root:gulp:be56cc981d38;dependency_view:josdejong__jsoneditor.0319b213:root:fba013e11b2e4bd9;repo_baseline:josdejong__jsoneditor:0319b2131df47f1220d74e3ff174d5c02973ec7d;rootfs:node_20-slim;source_overlay:josdejong__jsoneditor.0319b213:root;test_transform_cache:josdejong__jsoneditor.0319b213:root:mocha:be56cc981d38
random,random_seed_11,11,42,swesmith/josdejong__jsoneditor.0319b213,swesmith/OpenCut-app__OpenCut.e84c0cfd,28,42,diff_node_diff_rootfs|low_overlap|native_abi_change|rootfs_change,130253.277461,116266.710034,13986.567427,0.120297,-13986.567427,0,8,6,False,False,False,False,False,False,False,0.0,11.357465500000002,116255.352569,0.0,0.0,,build_cache:OpenCut-app__OpenCut.e84c0cfd:root:turbo:f3e6c1048a0e;dependency_view:OpenCut-app__OpenCut.e84c0cfd:root:34da0118cee1c5ca;node_runtime:unknown.x-unavailable:linux:x86_64:glibc:abiunknown;repo_baseline:OpenCut-app__OpenCut:e84c0cfda6784abb9bcb72aae757233cd8951780;rootfs:unknown;source_overlay:OpenCut-app__OpenCut.e84c0cfd:root
random,random_seed_11,11,43,swesmith/OpenCut-app__OpenCut.e84c0cfd,swesmith/sveltejs__svelte.6c9717a9,42,54,diff_node_diff_rootfs|low_overlap|native_abi_change|rootfs_change,137325.802942,122815.381949,14510.420992,0.118148,-14510.420992,0,6,7,False,False,False,False,False,False,False,0.0,11.357465500000002,122804.024484,0.0,0.0,,build_cache:sveltejs__svelte.6c9717a9:root:changesets:85b839d59475;dependency_view:sveltejs__svelte.6c9717a9:root:b0c07bc3f3203c46;node_runtime:18.19.1:linux:x86_64:glibc:abi109;repo_baseline:sveltejs__svelte:6c9717a91f2f6ae10641d1cf502ba13d227fbe45;rootfs:node_18-bullseye;source_overlay:sveltejs__svelte.6c9717a9:root;test_transform_cache:sveltejs__svelte.6c9717a9:root:vitest:85b839d59475
random,random_seed_11,11,44,swesmith/sveltejs__svelte.6c9717a9,swesmith/homebridge__homebridge.3a341e08,54,23,diff_node_diff_rootfs|low_overlap|native_abi_change|rootfs_change,137587.749818,122815.381949,14772.367869,0.120281,-14772.367869,0,7,7,False,False,False,False,False,False,False,0.0,11.357465500000002,122804.024484,0.0,0.0,,build_cache:homebridge__homebridge.3a341e08:root:typescript:cb88c6110fb6;dependency_view:homebridge__homebridge.3a341e08:root:5aba58d9ad81636b;node_runtime:20.19.1:linux:x86_64:glibc:abi115;repo_baseline:homebridge__homebridge:3a341e0838c99abfdf7a2d76e5e1e2a2af7ccb09;rootfs:node_20-slim;source_overlay:homebridge__homebridge.3a341e08:root;test_transform_cache:homebridge__homebridge.3a341e08:root:jest:cb88c6110fb6
random,random_seed_11,11,45,swesmith/homebridge__homebridge.3a341e08,swesmith/remy__nodemon.daad5c16,23,50,diff_node_diff_rootfs|low_overlap|native_abi_change|rootfs_change,37239.725965,33213.760235,4025.965729,0.121214,-4025.965729,0,7,6,False,False,False,False,False,False,False,0.0,11.357465500000002,33202.40277,0.0,0.0,,dependency_view:remy__nodemon.daad5c16:root:e2111c2b7033d511;node_runtime:18.19.1:linux:x86_64:glibc:abi109;repo_baseline:remy__nodemon:daad5c162919fa6abff53be16832bdf55f2204ad;rootfs:node_18-slim;source_overlay:remy__nodemon.daad5c16:root;test_transform_cache:remy__nodemon.daad5c16:root:mocha:93608e3893b6
random,random_seed_11,11,46,swesmith/remy__nodemon.daad5c16,swesmith/jantimon__html-webpack-plugin.9a39db80,50,26,same_node_same_rootfs,218264.176056,185908.074393,32356.101663,0.174044,-32356.101663,2,4,6,True,True,False,False,False,False,False,132.289401,0.0494345,185775.735557,0.0,0.0,node_runtime:18.19.1:linux:x86_64:glibc:abi109;rootfs:node_18-slim,build_cache:jantimon__html-webpack-plugin.9a39db80:root:typescript:03abf47fc179;build_cache:jantimon__html-webpack-plugin.9a39db80:root:webpack:03abf47fc179;dependency_view:jantimon__html-webpack-plugin.9a39db80:root:c9d26828be2c203c;repo_baseline:jantimon__html-webpack-plugin:9a39db807c09d8e6145e5047cfe2ec5e928e1dee;source_overlay:jantimon__html-webpack-plugin.9a39db80:root;test_transform_cache:jantimon__html-webpack-plugin.9a39db80:root:jest:03abf47fc179
random,random_seed_11,11,47,swesmith/jantimon__html-webpack-plugin.9a39db80,swesmith/microsoft__vscode.4166e90a,26,33,diff_node_diff_rootfs|low_overlap|native_abi_change|rootfs_change,246124.787153,219751.516755,26373.270398,0.120014,-26373.270398,0,8,10,False,False,False,False,False,False,False,0.0,11.357465500000002,219740.159289,0.0,0.0,,build_cache:microsoft__vscode.4166e90a:root:gulp:742f21cec0ed;build_cache:microsoft__vscode.4166e90a:root:next:742f21cec0ed;dependency_view:microsoft__vscode.4166e90a:root:ebafff009f16e711;native_binary_bundle:microsoft__vscode.4166e90a:root:@vscode_sqlite3:127;node_runtime:22.23.2:linux:x86_64:glibc:abi127;repo_baseline:microsoft__vscode:4166e90ac290db7f77800a4f6702903ea4eed476;rootfs:node_22-bookworm;source_overlay:microsoft__vscode.4166e90a:root;test_transform_cache:microsoft__vscode.4166e90a:root:mocha:742f21cec0ed;test_transform_cache:microsoft__vscode.4166e90a:root:playwright:742f21cec0ed
random,random_seed_11,11,48,swesmith/microsoft__vscode.4166e90a,swesmith/trpc__trpc.2f40ba93,33,57,same_node_diff_rootfs|same_build_tool|low_overlap|rootfs_change,338280.061869,302018.625378,36261.436491,0.120064,-36261.436491,1,9,8,True,False,False,False,True,False,False,0.0,11.357465500000002,302007.267912,0.0,0.0,node_runtime:22.23.2:linux:x86_64:glibc:abi127,build_cache:trpc__trpc.2f40ba93:root:lerna:8fa8b4550448;build_cache:trpc__trpc.2f40ba93:root:next:8fa8b4550448;build_cache:trpc__trpc.2f40ba93:root:turbo:8fa8b4550448;dependency_view:trpc__trpc.2f40ba93:root:781fb8f3cbe882e8;repo_baseline:trpc__trpc:2f40ba935ad7f7d29eec3f9c45d353450b43e852;rootfs:node_22;source_overlay:trpc__trpc.2f40ba93:root;test_transform_cache:trpc__trpc.2f40ba93:root:vitest:8fa8b4550448
random,random_seed_11,11,49,swesmith/trpc__trpc.2f40ba93,swesmith/babel__babel.2ea3fc8f,57,6,diff_node_diff_rootfs|low_overlap|native_abi_change|rootfs_change,29905.253608,26665.08832,3240.165287,0.121513,-3240.165287,0,9,5,False,False,False,False,False,False,False,0.0,11.357465500000002,26653.730854999998,0.0,0.0,,dependency_view:babel__babel.2ea3fc8f:root:fdd0cb43f8868f9e;node_runtime:20.19.1:linux:x86_64:glibc:abi115;repo_baseline:babel__babel:2ea3fc8f9b33a911840f17fbc407e7bfae2ed66f;rootfs:node_20-bullseye;source_overlay:babel__babel.2ea3fc8f:root
random,random_seed_11,11,50,swesmith/babel__babel.2ea3fc8f,swesmith/ReactiveX__rxjs.c15b37f8,6,45,same_node_diff_rootfs|low_overlap|rootfs_change,126653.851816,116266.710034,10387.141782,0.089339,-10387.141782,1,4,5,True,False,False,False,False,False,False,0.0,11.357465500000002,116255.352569,0.0,0.0,node_runtime:20.19.1:linux:x86_64:glibc:abi115,build_cache:ReactiveX__rxjs.c15b37f8:root:nx:2403aec3ebd5;dependency_view:ReactiveX__rxjs.c15b37f8:root:c5fbb2e88b68c3b9;repo_baseline:ReactiveX__rxjs:c15b37f81ba5f5abea8c872b0189a70b150df4cb;rootfs:node_20-slim;source_overlay:ReactiveX__rxjs.c15b37f8:root
random,random_seed_11,11,51,swesmith/ReactiveX__rxjs.c15b37f8,swesmith/emotion-js__emotion.b882bcba,45,16,diff_node_diff_rootfs|low_overlap|native_abi_change|rootfs_change,237679.619261,212417.003664,25262.615598,0.118929,-25262.615598,0,6,8,False,False,False,False,False,False,False,0.0,11.357465500000002,212405.646198,0.0,0.0,,build_cache:emotion-js__emotion.b882bcba:root:changesets:c2de0d725c3c;build_cache:emotion-js__emotion.b882bcba:root:typescript:c2de0d725c3c;dependency_view:emotion-js__emotion.b882bcba:root:0f78ed9b2143da62;node_runtime:18.19.1:linux:x86_64:glibc:abi109;repo_baseline:emotion-js__emotion:b882bcba85132554992e4bd49e94c95939bbf810;rootfs:node_18-slim;source_overlay:emotion-js__emotion.b882bcba:root;test_transform_cache:emotion-js__emotion.b882bcba:root:jest:c2de0d725c3c
random,random_seed_11,11,52,swesmith/emotion-js__emotion.b882bcba,swesmith/mochajs__mocha.410ce0d2,16,34,diff_node_diff_rootfs|same_build_tool|low_overlap|native_abi_change|rootfs_change,345629.895002,308567.297293,37062.59771,0.120112,-37062.59771,0,8,10,False,False,False,False,True,False,False,0.0,11.357465500000002,308555.939827,0.0,0.0,,build_cache:mochajs__mocha.410ce0d2:root:rollup:077a5f518284;build_cache:mochajs__mocha.410ce0d2:root:typescript:077a5f518284;build_cache:mochajs__mocha.410ce0d2:root:webpack:077a5f518284;dependency_view:mochajs__mocha.410ce0d2:root:77b617ee60467b9a;node_runtime:22.23.2:linux:x86_64:glibc:abi127;repo_baseline:mochajs__mocha:410ce0d2a0f799aaca2c0bc627294d70c62dd3f4;rootfs:node_22-slim;source_overlay:mochajs__mocha.410ce0d2:root;test_transform_cache:mochajs__mocha.410ce0d2:root:karma:077a5f518284;test_transform_cache:mochajs__mocha.410ce0d2:root:mocha:077a5f518284
random,random_seed_11,11,53,swesmith/mochajs__mocha.410ce0d2,swesmith/tinacms__tinacms.dffb104f,34,56,diff_node_diff_rootfs|low_overlap|native_abi_change|rootfs_change,237941.566138,212417.003664,25524.562474,0.120163,-25524.562474,0,10,8,False,False,False,False,False,False,False,0.0,11.357465500000002,212405.646198,0.0,0.0,,build_cache:tinacms__tinacms.dffb104f:root:changesets:765d0508e257;build_cache:tinacms__tinacms.dffb104f:root:turbo:765d0508e257;dependency_view:tinacms__tinacms.dffb104f:root:45f79d9b7f2dc887;node_runtime:20.19.1:linux:x86_64:glibc:abi115;repo_baseline:tinacms__tinacms:dffb104f1850cabc15f495a5868a33a66295965a;rootfs:node_20-slim;source_overlay:tinacms__tinacms.dffb104f:root;test_transform_cache:tinacms__tinacms.dffb104f:root:playwright:765d0508e257
random,random_seed_11,11,54,swesmith/tinacms__tinacms.dffb104f,swesmith/humanlayer__12-factor-agents.d20c7283,56,24,same_node_same_rootfs,17395.993263,40.263053,17355.73021,431.058469,-17355.73021,2,6,3,True,True,False,False,False,False,False,16.393405,0.0494345,23.820214,0.0,0.0,node_runtime:20.19.1:linux:x86_64:glibc:abi115;rootfs:node_20-slim,dependency_view:humanlayer__12-factor-agents.d20c7283:packages_walkthroughgen:231f2c674eecc38e;repo_baseline:humanlayer__12-factor-agents:d20c728368bf9c189d6d7aab704744decb6ec0cc;source_overlay:humanlayer__12-factor-agents.d20c7283:packages_walkthroughgen
random,random_seed_11,11,55,swesmith/humanlayer__12-factor-agents.d20c7283,swesmith/necolas__react-native-web.a9de220b,24,36,diff_node_diff_rootfs|low_overlap|native_abi_change|rootfs_change,36971.986622,33213.760235,3758.226386,0.113153,-3758.226386,0,5,6,False,False,False,False,False,False,False,0.0,11.357465500000002,33202.40277,0.0,0.0,,dependency_view:necolas__react-native-web.a9de220b:root:40742e8c9629eceb;node_runtime:18.19.1:linux:x86_64:glibc:abi109;repo_baseline:necolas__react-native-web:a9de220ba9e65bdea540fb5322ffb1da2b0bf442;rootfs:node_18;source_overlay:necolas__react-native-web.a9de220b:root;test_transform_cache:necolas__react-native-web.a9de220b:root:jest:ff4b31c887fd
random,random_seed_11,11,56,swesmith/necolas__react-native-web.a9de220b,swesmith/enzymejs__enzyme.61e1b47c,36,17,same_node_diff_rootfs|low_overlap|rootfs_change,141322.876906,129364.053864,11958.823041,0.092443,-11958.823041,1,5,7,True,False,False,False,False,False,False,0.0,11.357465500000002,129352.696399,0.0,0.0,node_runtime:18.19.1:linux:x86_64:glibc:abi109,build_cache:enzymejs__enzyme.61e1b47c:root:lerna:4103008f3c25;dependency_view:enzymejs__enzyme.61e1b47c:root:414c164bd62a9324;repo_baseline:enzymejs__enzyme:61e1b47c4bdc4509b2ac286c0d3ae3df172d26f0;rootfs:node_18-slim;source_overlay:enzymejs__enzyme.61e1b47c:root;test_transform_cache:enzymejs__enzyme.61e1b47c:root:karma:4103008f3c25;test_transform_cache:enzymejs__enzyme.61e1b47c:root:mocha:4103008f3c25
random,random_seed_11,11,57,swesmith/enzymejs__enzyme.61e1b47c,swesmith/Redocly__redoc.d41fd46f,17,47,same_node_same_rootfs,232766.818338,192456.746308,40310.07203,0.20945,-40310.07203,2,6,7,True,True,False,False,False,False,False,132.289401,0.0494345,192324.40747200002,0.0,0.0,node_runtime:18.19.1:linux:x86_64:glibc:abi109;rootfs:node_18-slim,build_cache:Redocly__redoc.d41fd46f:root:typescript:68063787fe82;build_cache:Redocly__redoc.d41fd46f:root:webpack:68063787fe82;dependency_view:Redocly__redoc.d41fd46f:root:398d8eda0bb00a78;repo_baseline:Redocly__redoc:d41fd46f7cbee86bf83dc17b7ec51baf54f72a54;source_overlay:Redocly__redoc.d41fd46f:root;test_transform_cache:Redocly__redoc.d41fd46f:root:cypress:68063787fe82;test_transform_cache:Redocly__redoc.d41fd46f:root:jest:68063787fe82
random,random_seed_11,11,58,swesmith/Redocly__redoc.d41fd46f,swesmith/FuelLabs__fuels-ts.b3f37c91,47,21,diff_node_diff_rootfs|same_build_tool|low_overlap|native_abi_change|rootfs_change,338295.382458,302018.625378,36276.75708,0.120114,-36276.75708,0,9,9,False,False,False,False,True,False,False,0.0,11.357465500000002,302007.267912,0.0,0.0,,build_cache:FuelLabs__fuels-ts.b3f37c91:root:changesets:b55338e227a8;build_cache:FuelLabs__fuels-ts.b3f37c91:root:turbo:b55338e227a8;build_cache:FuelLabs__fuels-ts.b3f37c91:root:typescript:b55338e227a8;dependency_view:FuelLabs__fuels-ts.b3f37c91:root:471ddc5c5a27de32;node_runtime:20.19.1:linux:x86_64:glibc:abi115;repo_baseline:FuelLabs__fuels-ts:b3f37c91aca4aa9d5e4c0d3967f66237190826ea;rootfs:node_20;source_overlay:FuelLabs__fuels-ts.b3f37c91:root;test_transform_cache:FuelLabs__fuels-ts.b3f37c91:root:vitest:b55338e227a8
random,random_seed_11,11,59,swesmith/FuelLabs__fuels-ts.b3f37c91,swesmith/jaredpalmer__formik.91475adb,21,27,diff_node_diff_rootfs|same_build_tool|low_overlap|native_abi_change|rootfs_change,237941.566138,212417.003664,25524.562474,0.120163,-25524.562474,0,9,8,False,False,False,False,True,False,False,0.0,11.357465500000002,212405.646198,0.0,0.0,,build_cache:jaredpalmer__formik.91475adb:root:changesets:be61650024fa;build_cache:jaredpalmer__formik.91475adb:root:turbo:be61650024fa;dependency_view:jaredpalmer__formik.91475adb:root:0ea1f56b0c1e2753;node_runtime:18.19.1:linux:x86_64:glibc:abi109;repo_baseline:jaredpalmer__formik:91475adbf33579561e580eceea0c031f4ec2e992;rootfs:node_18-slim;source_overlay:jaredpalmer__formik.91475adb:root;test_transform_cache:jaredpalmer__formik.91475adb:root:playwright:be61650024fa
random,random_seed_11,11,60,swesmith/jaredpalmer__formik.91475adb,swesmith/fabricjs__fabric.js.6742471c,27,18,diff_node_diff_rootfs|same_test_tool|low_overlap|native_abi_change|rootfs_change,145770.970833,130149.89504,15621.075793,0.120024,-15621.075793,0,8,9,False,False,False,False,False,True,False,0.0,11.357465500000002,130138.537575,0.0,0.0,,build_cache:fabricjs__fabric.js.6742471c:root:typescript:bdce61823eab;dependency_view:fabricjs__fabric.js.6742471c:root:56b6543f933cb2b3;native_binary_bundle:fabricjs__fabric.js.6742471c:root:canvas:115;node_runtime:20.19.1:linux:x86_64:glibc:abi115;repo_baseline:fabricjs__fabric.js:6742471c23e5fd8afbb1282246b4b785455c8c17;rootfs:node_20-slim;source_overlay:fabricjs__fabric.js.6742471c:root;test_transform_cache:fabricjs__fabric.js.6742471c:root:playwright:bdce61823eab;test_transform_cache:fabricjs__fabric.js.6742471c:root:vitest:bdce61823eab
random,random_seed_11,11,61,swesmith/fabricjs__fabric.js.6742471c,swesmith/refined-github__refined-github.d4a7c3fb,18,49,diff_node_diff_rootfs|same_build_tool|same_test_tool|low_overlap|native_abi_change|rootfs_change,237941.566138,212417.003664,25524.562474,0.120163,-25524.562474,0,9,8,False,False,False,False,True,True,False,0.0,11.357465500000002,212405.646198,0.0,0.0,,build_cache:refined-github__refined-github.d4a7c3fb:root:rollup:aa1f302ca640;build_cache:refined-github__refined-github.d4a7c3fb:root:typescript:aa1f302ca640;dependency_view:refined-github__refined-github.d4a7c3fb:root:e375b9cbe15b1aee;node_runtime:22.23.2:linux:x86_64:glibc:abi127;repo_baseline:refined-github__refined-github:d4a7c3fbfebff5f39a3760effbea7273dea0d01c;rootfs:node_22-slim;source_overlay:refined-github__refined-github.d4a7c3fb:root;test_transform_cache:refined-github__refined-github.d4a7c3fb:root:vitest:aa1f302ca640
random,random_seed_11,11,62,swesmith/refined-github__refined-github.d4a7c3fb,swesmith/josdejong__mathjs.04e6e2d7,49,29,diff_node_diff_rootfs|same_build_tool|low_overlap|native_abi_change|rootfs_change,252610.591227,225514.347494,27096.243734,0.120153,-27096.243734,0,8,10,False,False,False,False,True,False,False,0.0,11.357465500000002,225502.99002800003,0.0,0.0,,build_cache:josdejong__mathjs.04e6e2d7:root:gulp:4c7f724eabb4;build_cache:josdejong__mathjs.04e6e2d7:root:typescript:4c7f724eabb4;dependency_view:josdejong__mathjs.04e6e2d7:root:653bb0be0a5e4b8c;node_runtime:18.19.1:linux:x86_64:glibc:abi109;repo_baseline:josdejong__mathjs:04e6e2d7a949d6ddc7d7139bf1e3a88e6fe5365b;rootfs:node_18-slim;source_overlay:josdejong__mathjs.04e6e2d7:root;test_transform_cache:josdejong__mathjs.04e6e2d7:root:ava:4c7f724eabb4;test_transform_cache:josdejong__mathjs.04e6e2d7:root:karma:4c7f724eabb4;test_transform_cache:josdejong__mathjs.04e6e2d7:root:mocha:4c7f724eabb4
random,random_seed_11,11,63,swesmith/josdejong__mathjs.04e6e2d7,swesmith/brianc__node-postgres.ecff60dc,29,11,diff_node_diff_rootfs|same_build_tool|low_overlap|native_abi_change|rootfs_change,230607.093781,205868.331749,24738.762032,0.120168,-24738.762032,0,10,7,False,False,False,False,True,False,False,0.0,11.357465500000002,205856.974283,0.0,0.0,,build_cache:brianc__node-postgres.ecff60dc:root:lerna:f43ed1faaa9b;build_cache:brianc__node-postgres.ecff60dc:root:typescript:f43ed1faaa9b;dependency_view:brianc__node-postgres.ecff60dc:root:ac69cf7675d96f1d;node_runtime:20.19.1:linux:x86_64:glibc:abi115;repo_baseline:brianc__node-postgres:ecff60dc8aa0bd1ad5ea8f4623af0756a86dc110;rootfs:node_20-slim;source_overlay:brianc__node-postgres.ecff60dc:root
random,random_seed_23,23,1,swesmith/advplyr__audiobookshelf.626596b1,swesmith/voideditor__void.17e7a5b1,1,61,diff_node_diff_rootfs|same_test_tool|low_overlap|native_abi_change|rootfs_change,335757.842514,309353.138469,26404.704045,0.085355,-26404.704045,0,10,11,False,False,False,False,False,True,False,0.0,11.357465500000002,309341.78100300004,0.0,0.0,,build_cache:voideditor__void.17e7a5b1:root:gulp:0426f7949e03;build_cache:voideditor__void.17e7a5b1:root:next:0426f7949e03;build_cache:voideditor__void.17e7a5b1:root:typescript:0426f7949e03;dependency_view:voideditor__void.17e7a5b1:root:6522748bd07c0bd9;native_binary_bundle:voideditor__void.17e7a5b1:root:@vscode_sqlite3:115;node_runtime:20.19.1:linux:x86_64:glibc:abi115;repo_baseline:voideditor__void:17e7a5b1524345b19ab4ee38ec4f9b1b75a1bd00;rootfs:node_20-bookworm;source_overlay:voideditor__void.17e7a5b1:root;test_transform_cache:voideditor__void.17e7a5b1:root:mocha:0426f7949e03;test_transform_cache:voideditor__void.17e7a5b1:root:playwright:0426f7949e03
random,random_seed_23,23,2,swesmith/voideditor__void.17e7a5b1,swesmith/segmentio__evergreen.9b774aee,61,51,diff_node_diff_rootfs|same_build_tool|low_overlap|native_abi_change|rootfs_change,338295.382458,302018.625378,36276.75708,0.120114,-36276.75708,0,11,9,False,False,False,False,True,False,False,0.0,11.357465500000002,302007.267912,0.0,0.0,,build_cache:segmentio__evergreen.9b774aee:root:babel:871730dbe504;build_cache:segmentio__evergreen.9b774aee:root:rollup:871730dbe504;build_cache:segmentio__evergreen.9b774aee:root:typescript:871730dbe504;dependency_view:segmentio__evergreen.9b774aee:root:c290fc2f869fd91a;node_runtime:18.19.1:linux:x86_64:glibc:abi109;repo_baseline:segmentio__evergreen:9b774aee2d794f6cf2f73a054bd33066ca5898a9;rootfs:node_18-slim;source_overlay:segmentio__evergreen.9b774aee:root;test_transform_cache:segmentio__evergreen.9b774aee:root:jest:871730dbe504
random,random_seed_23,23,3,swesmith/segmentio__evergreen.9b774aee,swesmith/welldone-software__why-did-you-render.3ec3512d,51,64,diff_node_diff_rootfs|same_build_tool|same_test_tool|low_overlap|native_abi_change|rootfs_change,144922.262363,129364.053864,15558.208498,0.120267,-15558.208498,0,9,8,False,False,False,False,True,True,False,0.0,11.357465500000002,129352.696399,0.0,0.0,,build_cache:welldone-software__why-did-you-render.3ec3512d:root:rollup:3d9083a10a5d;dependency_view:welldone-software__why-did-you-render.3ec3512d:root:773c5e8f586ea9c4;node_runtime:20.19.1:linux:x86_64:glibc:abi115;repo_baseline:welldone-software__why-did-you-render:3ec3512d750c49448fe2241e26d05db9e42f0c21;rootfs:node_20-slim;source_overlay:welldone-software__why-did-you-render.3ec3512d:root;test_transform_cache:welldone-software__why-did-you-render.3ec3512d:root:cypress:3d9083a10a5d;test_transform_cache:welldone-software__why-did-you-render.3ec3512d:root:jest:3d9083a10a5d
random,random_seed_23,23,4,swesmith/welldone-software__why-did-you-render.3ec3512d,swesmith/foliojs__pdfkit.d0108157,64,20,diff_node_diff_rootfs|same_build_tool|same_test_tool|low_overlap|native_abi_change|rootfs_change,138436.458288,123601.223125,14835.235163,0.120025,-14835.235163,0,8,8,False,False,False,False,True,True,False,0.0,11.357465500000002,123589.86566,0.0,0.0,,build_cache:foliojs__pdfkit.d0108157:root:rollup:bbc97774e07e;dependency_view:foliojs__pdfkit.d0108157:root:11c27c17439e5efb;native_binary_bundle:foliojs__pdfkit.d0108157:root:canvas:109;node_runtime:18.19.1:linux:x86_64:glibc:abi109;repo_baseline:foliojs__pdfkit:d0108157f13d763ad5287a2293436b5a1aecf055;rootfs:node_18-slim;source_overlay:foliojs__pdfkit.d0108157:root;test_transform_cache:foliojs__pdfkit.d0108157:root:jest:bbc97774e07e
random,random_seed_23,23,5,swesmith/foliojs__pdfkit.d0108157,swesmith/webpack__webpack.24e3c2d2,20,62,diff_node_diff_rootfs|same_test_tool|low_overlap|native_abi_change|rootfs_change,138467.891935,123601.223125,14866.66881,0.120279,-14866.66881,0,8,8,False,False,False,False,False,True,False,0.0,11.357465500000002,123589.86566,0.0,0.0,,build_cache:webpack__webpack.24e3c2d2:root:typescript:8138d968425d;dependency_view:webpack__webpack.24e3c2d2:root:2a4de1074e7ce9a8;native_binary_bundle:webpack__webpack.24e3c2d2:root:node-gyp:115;node_runtime:20.19.1:linux:x86_64:glibc:abi115;repo_baseline:webpack__webpack:24e3c2d2c9f8c6d60810302b2ea70ed86e2863dc;rootfs:node_20-slim;source_overlay:webpack__webpack.24e3c2d2:root;test_transform_cache:webpack__webpack.24e3c2d2:root:jest:8138d968425d
random,random_seed_23,23,6,swesmith/webpack__webpack.24e3c2d2,swesmith/trpc__trpc.2f40ba93,62,57,diff_node_diff_rootfs|low_overlap|native_abi_change|rootfs_change,338295.382458,302018.625378,36276.75708,0.120114,-36276.75708,0,8,9,False,False,False,False,False,False,False,0.0,11.357465500000002,302007.267912,0.0,0.0,,build_cache:trpc__trpc.2f40ba93:root:lerna:8fa8b4550448;build_cache:trpc__trpc.2f40ba93:root:next:8fa8b4550448;build_cache:trpc__trpc.2f40ba93:root:turbo:8fa8b4550448;dependency_view:trpc__trpc.2f40ba93:root:781fb8f3cbe882e8;node_runtime:22.23.2:linux:x86_64:glibc:abi127;repo_baseline:trpc__trpc:2f40ba935ad7f7d29eec3f9c45d353450b43e852;rootfs:node_22;source_overlay:trpc__trpc.2f40ba93:root;test_transform_cache:trpc__trpc.2f40ba93:root:vitest:8fa8b4550448
random,random_seed_23,23,7,swesmith/trpc__trpc.2f40ba93,swesmith/balderdashy__sails.ffebacc5,57,7,diff_node_diff_rootfs|low_overlap|native_abi_change|rootfs_change,37239.725965,33213.760235,4025.965729,0.121214,-4025.965729,0,9,6,False,False,False,False,False,False,False,0.0,11.357465500000002,33202.40277,0.0,0.0,,dependency_view:balderdashy__sails.ffebacc5:root:05b5a7170832986f;node_runtime:18.19.1:linux:x86_64:glibc:abi109;repo_baseline:balderdashy__sails:ffebacc58c27f878c9373702bc3a3f91a02bca0c;rootfs:node_18-slim;source_overlay:balderdashy__sails.ffebacc5:root;test_transform_cache:balderdashy__sails.ffebacc5:root:mocha:8d9a655c7243
random,random_seed_23,23,8,swesmith/balderdashy__sails.ffebacc5,swesmith/antvis__G6.91c0ac85,7,3,diff_node_diff_rootfs|low_overlap|native_abi_change|rootfs_change,127517.921063,117052.55121,10465.369852,0.089407,-10465.369852,0,6,7,False,False,False,False,False,False,False,0.0,11.357465500000002,117041.193745,0.0,0.0,,build_cache:antvis__G6.91c0ac85:root:turbo:632cb8ca84bf;dependency_view:antvis__G6.91c0ac85:root:45c81ff4acc7aa0f;native_binary_bundle:antvis__G6.91c0ac85:root:@swc_core:115;node_runtime:20.19.1:linux:x86_64:glibc:abi115;repo_baseline:antvis__G6:91c0ac85e4e636a05bd1a3c5e56a4928d1242a9b;rootfs:node_20;source_overlay:antvis__G6.91c0ac85:root
random,random_seed_23,23,9,swesmith/antvis__G6.91c0ac85,swesmith/OpenCut-app__OpenCut.e84c0cfd,3,42,diff_node_diff_rootfs|same_build_tool|low_overlap|native_abi_change|rootfs_change,130253.237273,116266.710034,13986.527239,0.120297,-13986.527239,0,7,6,False,False,False,False,True,False,False,0.0,11.357465500000002,116255.352569,0.0,0.0,,build_cache:OpenCut-app__OpenCut.e84c0cfd:root:turbo:f3e6c1048a0e;dependency_view:OpenCut-app__OpenCut.e84c0cfd:root:34da0118cee1c5ca;node_runtime:unknown.x-unavailable:linux:x86_64:glibc:abiunknown;repo_baseline:OpenCut-app__OpenCut:e84c0cfda6784abb9bcb72aae757233cd8951780;rootfs:unknown;source_overlay:OpenCut-app__OpenCut.e84c0cfd:root
random,random_seed_23,23,10,swesmith/OpenCut-app__OpenCut.e84c0cfd,swesmith/humanlayer__12-factor-agents.d20c7283,42,24,diff_node_diff_rootfs|low_overlap|native_abi_change|rootfs_change,29905.21342,26665.08832,3240.1251,0.121512,-3240.1251,0,6,5,False,False,False,False,False,False,False,0.0,11.357465500000002,26653.730854999998,0.0,0.0,,dependency_view:humanlayer__12-factor-agents.d20c7283:packages_walkthroughgen:231f2c674eecc38e;node_runtime:20.19.1:linux:x86_64:glibc:abi115;repo_baseline:humanlayer__12-factor-agents:d20c728368bf9c189d6d7aab704744decb6ec0cc;rootfs:node_20-slim;source_overlay:humanlayer__12-factor-agents.d20c7283:packages_walkthroughgen
random,random_seed_23,23,11,swesmith/humanlayer__12-factor-agents.d20c7283,swesmith/microsoft__vscode.4166e90a,24,33,diff_node_diff_rootfs|low_overlap|native_abi_change|rootfs_change,238432.763662,219751.516755,18681.246908,0.085011,-18681.246908,0,5,10,False,False,False,False,False,False,False,0.0,11.357465500000002,219740.159289,0.0,0.0,,build_cache:microsoft__vscode.4166e90a:root:gulp:742f21cec0ed;build_cache:microsoft__vscode.4166e90a:root:next:742f21cec0ed;dependency_view:microsoft__vscode.4166e90a:root:ebafff009f16e711;native_binary_bundle:microsoft__vscode.4166e90a:root:@vscode_sqlite3:127;node_runtime:22.23.2:linux:x86_64:glibc:abi127;repo_baseline:microsoft__vscode:4166e90ac290db7f77800a4f6702903ea4eed476;rootfs:node_22-bookworm;source_overlay:microsoft__vscode.4166e90a:root;test_transform_cache:microsoft__vscode.4166e90a:root:mocha:742f21cec0ed;test_transform_cache:microsoft__vscode.4166e90a:root:playwright:742f21cec0ed
random,random_seed_23,23,12,swesmith/microsoft__vscode.4166e90a,swesmith/marko-js__marko.24b9402c,33,30,diff_node_diff_rootfs|same_test_tool|low_overlap|native_abi_change|rootfs_change,238821.708255,213202.84484,25618.863415,0.120162,-25618.863415,0,10,9,False,False,False,False,False,True,False,0.0,11.357465500000002,213191.487374,0.0,0.0,,build_cache:marko-js__marko.24b9402c:root:changesets:ae9158e5e102;build_cache:marko-js__marko.24b9402c:root:typescript:ae9158e5e102;dependency_view:marko-js__marko.24b9402c:root:4dafb814ddc2f538;native_binary_bundle:marko-js__marko.24b9402c:root:esbuild:115;node_runtime:20.19.1:linux:x86_64:glibc:abi115;repo_baseline:marko-js__marko:24b9402cd54c3a74f200da0f79dd19350995a9ba;rootfs:node_20-slim;source_overlay:marko-js__marko.24b9402c:root;test_transform_cache:marko-js__marko.24b9402c:root:mocha:ae9158e5e102
random,random_seed_23,23,13,swesmith/marko-js__marko.24b9402c,swesmith/novnc__noVNC.d44f7e04,30,41,same_node_same_rootfs,24730.46562,6588.934969,18141.530651,2.753333,-18141.530651,2,7,4,True,True,False,False,False,False,False,16.393405,0.0494345,6572.492129,0.0,0.0,node_runtime:20.19.1:linux:x86_64:glibc:abi115;rootfs:node_20-slim,dependency_view:novnc__noVNC.d44f7e04:root:325dd23a06d3378b;repo_baseline:novnc__noVNC:d44f7e04fc456844836c7c5ac911d0f4e8dd06e6;source_overlay:novnc__noVNC.d44f7e04:root;test_transform_cache:novnc__noVNC.d44f7e04:root:karma:f5696d664a68
random,random_seed_23,23,14,swesmith/novnc__noVNC.d44f7e04,swesmith/josdejong__jsoneditor.0319b213,41,28,same_node_same_rootfs,218264.176056,185792.178397,32471.997659,0.174776,-32471.997659,2,4,6,True,True,False,False,False,False,False,16.393405,0.0494345,185775.735557,0.0,0.0,node_runtime:20.19.1:linux:x86_64:glibc:abi115;rootfs:node_20-slim,build_cache:josdejong__jsoneditor.0319b213:root:babel:be56cc981d38;build_cache:josdejong__jsoneditor.0319b213:root:gulp:be56cc981d38;dependency_view:josdejong__jsoneditor.0319b213:root:fba013e11b2e4bd9;repo_baseline:josdejong__jsoneditor:0319b2131df47f1220d74e3ff174d5c02973ec7d;source_overlay:josdejong__jsoneditor.0319b213:root;test_transform_cache:josdejong__jsoneditor.0319b213:root:mocha:be56cc981d38
random,random_seed_23,23,15,swesmith/josdejong__jsoneditor.0319b213,swesmith/caolan__async.23dbf76a,28,12,diff_node_diff_rootfs|same_test_tool|low_overlap|native_abi_change|rootfs_change,44574.23851,39762.43215,4811.806359,0.121014,-4811.806359,0,8,7,False,False,False,False,False,True,False,0.0,11.357465500000002,39751.074685,0.0,0.0,,dependency_view:caolan__async.23dbf76a:root:579fe631d378a055;node_runtime:18.19.1:linux:x86_64:glibc:abi109;repo_baseline:caolan__async:23dbf76aeb04c7c3dd56276115b277e3fa9dd5cc;rootfs:node_18-bullseye;source_overlay:caolan__async.23dbf76a:root;test_transform_cache:caolan__async.23dbf76a:root:karma:73168162c1db;test_transform_cache:caolan__async.23dbf76a:root:mocha:73168162c1db
random,random_seed_23,23,16,swesmith/caolan__async.23dbf76a,swesmith/vitejs__vite.8b47ff76,12,60,diff_node_diff_rootfs|low_overlap|native_abi_change|rootfs_change,134003.68495,122815.381949,11188.303,0.091099,-11188.303,0,7,7,False,False,False,False,False,False,False,0.0,11.357465500000002,122804.024484,0.0,0.0,,build_cache:vitejs__vite.8b47ff76:root:typescript:c0d87b3d7479;dependency_view:vitejs__vite.8b47ff76:root:7fb655fa88697a9a;node_runtime:22.23.2:linux:x86_64:glibc:abi127;repo_baseline:vitejs__vite:8b47ff76d28630b4dc39c77fbd2762b4c36ad23d;rootfs:node_22-bullseye-slim;source_overlay:vitejs__vite.8b47ff76:root;test_transform_cache:vitejs__vite.8b47ff76:root:vitest:c0d87b3d7479
random,random_seed_23,23,17,swesmith/vitejs__vite.8b47ff76,swesmith/enzymejs__enzyme.61e1b47c,60,17,diff_node_diff_rootfs|low_overlap|native_abi_change|rootfs_change,144922.262363,129364.053864,15558.208498,0.120267,-15558.208498,0,7,8,False,False,False,False,False,False,False,0.0,11.357465500000002,129352.696399,0.0,0.0,,build_cache:enzymejs__enzyme.61e1b47c:root:lerna:4103008f3c25;dependency_view:enzymejs__enzyme.61e1b47c:root:414c164bd62a9324;node_runtime:18.19.1:linux:x86_64:glibc:abi109;repo_baseline:enzymejs__enzyme:61e1b47c4bdc4509b2ac286c0d3ae3df172d26f0;rootfs:node_18-slim;source_overlay:enzymejs__enzyme.61e1b47c:root;test_transform_cache:enzymejs__enzyme.61e1b47c:root:karma:4103008f3c25;test_transform_cache:enzymejs__enzyme.61e1b47c:root:mocha:4103008f3c25
random,random_seed_23,23,18,swesmith/enzymejs__enzyme.61e1b47c,swesmith/iamkun__dayjs.c8a26460,17,25,same_node_diff_rootfs|same_test_tool|low_overlap|rootfs_change,144906.941774,129364.053864,15542.88791,0.120148,-15542.88791,1,7,7,True,False,False,False,False,True,False,0.0,11.357465500000002,129352.696399,0.0,0.0,node_runtime:18.19.1:linux:x86_64:glibc:abi109,build_cache:iamkun__dayjs.c8a26460:root:babel:9ed6e5f7fd04;dependency_view:iamkun__dayjs.c8a26460:root:c68f1e093a72eecf;repo_baseline:iamkun__dayjs:c8a26460d89a2ee9a7d3b9cafa124ea856ee883f;rootfs:node_18-bullseye;source_overlay:iamkun__dayjs.c8a26460:root;test_transform_cache:iamkun__dayjs.c8a26460:root:jest:9ed6e5f7fd04;test_transform_cache:iamkun__dayjs.c8a26460:root:karma:9ed6e5f7fd04
random,random_seed_23,23,19,swesmith/iamkun__dayjs.c8a26460,swesmith/nock__nock.e7418da2,25,40,diff_node_diff_rootfs|same_test_tool|low_overlap|native_abi_change|rootfs_change,44574.23851,39762.43215,4811.806359,0.121014,-4811.806359,0,8,7,False,False,False,False,False,True,False,0.0,11.357465500000002,39751.074685,0.0,0.0,,dependency_view:nock__nock.e7418da2:root:541f81ce3f744a6f;node_runtime:20.19.1:linux:x86_64:glibc:abi115;repo_baseline:nock__nock:e7418da29feb4a7bf0aa1612bfb9d32a4051651e;rootfs:node_20;source_overlay:nock__nock.e7418da2:root;test_transform_cache:nock__nock.e7418da2:root:jest:bf94886cefe6;test_transform_cache:nock__nock.e7418da2:root:mocha:bf94886cefe6
random,random_seed_23,23,20,swesmith/nock__nock.e7418da2,swesmith/ajayyy__SponsorBlock.dfddffbc,40,2,diff_node_diff_rootfs|same_test_tool|low_overlap|native_abi_change|rootfs_change,134003.68495,122815.381949,11188.303,0.091099,-11188.303,0,7,7,False,False,False,False,False,True,False,0.0,11.357465500000002,122804.024484,0.0,0.0,,build_cache:ajayyy__SponsorBlock.dfddffbc:root:webpack:d8254aa65fa6;dependency_view:ajayyy__SponsorBlock.dfddffbc:root:72aaad849c194625;node_runtime:18.19.1:linux:x86_64:glibc:abi109;repo_baseline:ajayyy__SponsorBlock:dfddffbc5128dbc55b4dc7c83cdcd18787f48ba4;rootfs:node_18-slim;source_overlay:ajayyy__SponsorBlock.dfddffbc:root;test_transform_cache:ajayyy__SponsorBlock.dfddffbc:root:jest:d8254aa65fa6
random,random_seed_23,23,21,swesmith/ajayyy__SponsorBlock.dfddffbc,swesmith/GitbookIO__gitbook.81f8ddcf,2,22,diff_node_diff_rootfs|low_overlap|native_abi_change|rootfs_change,230607.093781,205868.331749,24738.762032,0.120168,-24738.762032,0,7,7,False,False,False,False,False,False,False,0.0,11.357465500000002,205856.974283,0.0,0.0,,build_cache:GitbookIO__gitbook.81f8ddcf:root:changesets:88b89ad9c0ff;build_cache:GitbookIO__gitbook.81f8ddcf:root:turbo:88b89ad9c0ff;dependency_view:GitbookIO__gitbook.81f8ddcf:root:b1ab37fbc3435ed4;node_runtime:unknown.x-unavailable:linux:x86_64:glibc:abiunknown;repo_baseline:GitbookIO__gitbook:81f8ddcf27ec398a33b6f676a81e9a791b673ce2;rootfs:unknown;source_overlay:GitbookIO__gitbook.81f8ddcf:root
random,random_seed_23,23,22,swesmith/GitbookIO__gitbook.81f8ddcf,swesmith/ueberdosis__tiptap.2d6de06c,22,58,diff_node_diff_rootfs|same_build_tool|low_overlap|native_abi_change|rootfs_change,244752.184929,218965.675579,25786.509351,0.117765,-25786.509351,0,7,9,False,False,False,False,True,False,False,0.0,11.357465500000002,218954.31811300002,0.0,0.0,,build_cache:ueberdosis__tiptap.2d6de06c:root:changesets:85ad102bc603;build_cache:ueberdosis__tiptap.2d6de06c:root:turbo:85ad102bc603;dependency_view:ueberdosis__tiptap.2d6de06c:root:0bd9814a60fd8695;node_runtime:20.19.1:linux:x86_64:glibc:abi115;repo_baseline:ueberdosis__tiptap:2d6de06c34c239e78fedd6bd2a0bcea42d0fdbfa;rootfs:node_20;source_overlay:ueberdosis__tiptap.2d6de06c:root;test_transform_cache:ueberdosis__tiptap.2d6de06c:root:cypress:85ad102bc603;test_transform_cache:ueberdosis__tiptap.2d6de06c:root:vitest:85ad102bc603
random,random_seed_23,23,23,swesmith/ueberdosis__tiptap.2d6de06c,swesmith/reactjs__react-transition-group.2989b5b8,58,46,diff_node_diff_rootfs|low_overlap|native_abi_change|rootfs_change,338295.382458,302018.625378,36276.75708,0.120114,-36276.75708,0,9,9,False,False,False,False,False,False,False,0.0,11.357465500000002,302007.267912,0.0,0.0,,build_cache:reactjs__react-transition-group.2989b5b8:root:babel:d8eb49b0cb73;build_cache:reactjs__react-transition-group.2989b5b8:root:next:d8eb49b0cb73;build_cache:reactjs__react-transition-group.2989b5b8:root:rollup:d8eb49b0cb73;dependency_view:reactjs__react-transition-group.2989b5b8:root:670f3bc8796f5ef3;node_runtime:18.19.1:linux:x86_64:glibc:abi109;repo_baseline:reactjs__react-transition-group:2989b5b87b4b4d1001f21c8efa503049ffb4fe8d;rootfs:node_18-slim;source_overlay:reactjs__react-transition-group.2989b5b8:root;test_transform_cache:reactjs__react-transition-group.2989b5b8:root:jest:d8eb49b0cb73
random,random_seed_23,23,24,swesmith/reactjs__react-transition-group.2989b5b8,swesmith/axios__axios.ef36347f,46,5,same_node_diff_rootfs|same_build_tool|low_overlap|rootfs_change,245260.758094,218965.675579,26295.082515,0.120088,-26295.082515,1,8,8,True,False,False,False,True,False,False,0.0,11.357465500000002,218954.31811300002,0.0,0.0,node_runtime:18.19.1:linux:x86_64:glibc:abi109,build_cache:axios__axios.ef36347f:root:gulp:0b40dadaf3bd;build_cache:axios__axios.ef36347f:root:rollup:0b40dadaf3bd;dependency_view:axios__axios.ef36347f:root:2346329f530df5bd;repo_baseline:axios__axios:ef36347fb559383b04c755b07f1a8d11897fab7f;rootfs:node_18-bullseye;source_overlay:axios__axios.ef36347f:root;test_transform_cache:axios__axios.ef36347f:root:karma:0b40dadaf3bd;test_transform_cache:axios__axios.ef36347f:root:mocha:0b40dadaf3bd
random,random_seed_23,23,25,swesmith/axios__axios.ef36347f,swesmith/coder__code-server.e90504b8,5,13,diff_node_diff_rootfs|low_overlap|native_abi_change|rootfs_change,29905.253608,26665.08832,3240.165287,0.121513,-3240.165287,0,9,5,False,False,False,False,False,False,False,0.0,11.357465500000002,26653.730854999998,0.0,0.0,,dependency_view:coder__code-server.e90504b8:root:cc86648d271cc663;node_runtime:22.23.2:linux:x86_64:glibc:abi127;repo_baseline:coder__code-server:e90504b8cf1d73c36d902bbaaec7bab33f15c42e;rootfs:node_22-bookworm-slim;source_overlay:coder__code-server.e90504b8:root
random,random_seed_23,23,26,swesmith/coder__code-server.e90504b8,swesmith/brianc__node-postgres.ecff60dc,13,11,diff_node_diff_rootfs|low_overlap|native_abi_change|rootfs_change,223438.923856,205868.331749,17570.592107,0.085349,-17570.592107,0,5,7,False,False,False,False,False,False,False,0.0,11.357465500000002,205856.974283,0.0,0.0,,build_cache:brianc__node-postgres.ecff60dc:root:lerna:f43ed1faaa9b;build_cache:brianc__node-postgres.ecff60dc:root:typescript:f43ed1faaa9b;dependency_view:brianc__node-postgres.ecff60dc:root:ac69cf7675d96f1d;node_runtime:20.19.1:linux:x86_64:glibc:abi115;repo_baseline:brianc__node-postgres:ecff60dc8aa0bd1ad5ea8f4623af0756a86dc110;rootfs:node_20-slim;source_overlay:brianc__node-postgres.ecff60dc:root
random,random_seed_23,23,27,swesmith/brianc__node-postgres.ecff60dc,swesmith/strapi__strapi.e5b87a54,11,53,same_node_same_rootfs,125602.383773,96976.397859,28625.985914,0.295185,-28625.985914,2,5,6,True,True,False,False,False,False,False,16.393405,0.0494345,96959.955019,0.0,0.0,node_runtime:20.19.1:linux:x86_64:glibc:abi115;rootfs:node_20-slim,build_cache:strapi__strapi.e5b87a54:root:nx:dc747f5541b9;dependency_view:strapi__strapi.e5b87a54:root:6fe14b23a9f92e6c;native_binary_bundle:strapi__strapi.e5b87a54:root:@swc_core:115;repo_baseline:strapi__strapi:e5b87a54008c9de2b3286a4774635dcf69895d9b;source_overlay:strapi__strapi.e5b87a54:root;test_transform_cache:strapi__strapi.e5b87a54:root:jest:dc747f5541b9
random,random_seed_23,23,28,swesmith/strapi__strapi.e5b87a54,swesmith/Redocly__redoc.d41fd46f,53,47,diff_node_diff_rootfs|same_test_tool|low_overlap|native_abi_change|rootfs_change,245276.078683,218965.675579,26310.403104,0.120158,-26310.403104,0,8,9,False,False,False,False,False,True,False,0.0,11.357465500000002,218954.31811300002,0.0,0.0,,build_cache:Redocly__redoc.d41fd46f:root:typescript:68063787fe82;build_cache:Redocly__redoc.d41fd46f:root:webpack:68063787fe82;dependency_view:Redocly__redoc.d41fd46f:root:398d8eda0bb00a78;node_runtime:18.19.1:linux:x86_64:glibc:abi109;repo_baseline:Redocly__redoc:d41fd46f7cbee86bf83dc17b7ec51baf54f72a54;rootfs:node_18-slim;source_overlay:Redocly__redoc.d41fd46f:root;test_transform_cache:Redocly__redoc.d41fd46f:root:cypress:68063787fe82;test_transform_cache:Redocly__redoc.d41fd46f:root:jest:68063787fe82
random,random_seed_23,23,29,swesmith/Redocly__redoc.d41fd46f,swesmith/babel__babel.2ea3fc8f,47,6,diff_node_diff_rootfs|low_overlap|native_abi_change|rootfs_change,29905.253608,26665.08832,3240.165287,0.121513,-3240.165287,0,9,5,False,False,False,False,False,False,False,0.0,11.357465500000002,26653.730854999998,0.0,0.0,,dependency_view:babel__babel.2ea3fc8f:root:fdd0cb43f8868f9e;node_runtime:20.19.1:linux:x86_64:glibc:abi115;repo_baseline:babel__babel:2ea3fc8f9b33a911840f17fbc407e7bfae2ed66f;rootfs:node_20-bullseye;source_overlay:babel__babel.2ea3fc8f:root
random,random_seed_23,23,30,swesmith/babel__babel.2ea3fc8f,swesmith/umijs__qiankun.693cdde7,6,59,diff_node_diff_rootfs|low_overlap|native_abi_change|rootfs_change,126669.172405,116266.710034,10402.46237,0.089471,-10402.46237,0,5,6,False,False,False,False,False,False,False,0.0,11.357465500000002,116255.352569,0.0,0.0,,build_cache:umijs__qiankun.693cdde7:root:changesets:39fec7936def;dependency_view:umijs__qiankun.693cdde7:root:af8a3045705a19cc;node_runtime:18.19.1:linux:x86_64:glibc:abi109;repo_baseline:umijs__qiankun:693cdde75049830820ff9490dd267f9701db25e6;rootfs:node_18-slim;source_overlay:umijs__qiankun.693cdde7:root
random,random_seed_23,23,31,swesmith/umijs__qiankun.693cdde7,swesmith/remy__nodemon.daad5c16,59,50,same_node_same_rootfs,24468.518743,6704.830964,17763.687779,2.649386,-17763.687779,2,4,4,True,True,False,False,False,False,False,132.289401,0.0494345,6572.492129,0.0,0.0,node_runtime:18.19.1:linux:x86_64:glibc:abi109;rootfs:node_18-slim,dependency_view:remy__nodemon.daad5c16:root:e2111c2b7033d511;repo_baseline:remy__nodemon:daad5c162919fa6abff53be16832bdf55f2204ad;source_overlay:remy__nodemon.daad5c16:root;test_transform_cache:remy__nodemon.daad5c16:root:mocha:93608e3893b6
random,random_seed_23,23,32,swesmith/remy__nodemon.daad5c16,swesmith/payloadcms__payload.8f660355,50,43,diff_node_diff_rootfs|low_overlap|native_abi_change|rootfs_change,240654.074356,221323.199106,19330.875249,0.087342,-19330.875249,0,6,12,False,False,False,False,False,False,False,0.0,11.357465500000002,221311.84164099998,0.0,0.0,,build_cache:payloadcms__payload.8f660355:root:next:096d4a336345;build_cache:payloadcms__payload.8f660355:root:turbo:096d4a336345;dependency_view:payloadcms__payload.8f660355:root:a2f282bd4e00dd49;native_binary_bundle:payloadcms__payload.8f660355:root:@swc_core:115;native_binary_bundle:payloadcms__payload.8f660355:root:node-gyp:115;native_binary_bundle:payloadcms__payload.8f660355:root:sharp:115;node_runtime:20.19.1:linux:x86_64:glibc:abi115;repo_baseline:payloadcms__payload:8f66035522f568d42098a7ad525e7bf700662b9a;rootfs:node_20-slim;source_overlay:payloadcms__payload.8f660355:root;test_transform_cache:payloadcms__payload.8f660355:root:playwright:096d4a336345;test_transform_cache:payloadcms__payload.8f660355:root:vitest:096d4a336345
random,random_seed_23,23,33,swesmith/payloadcms__payload.8f660355,swesmith/redux-saga__redux-saga.a4ace10d,43,48,diff_node_diff_rootfs|low_overlap|native_abi_change|rootfs_change,137587.749818,122815.381949,14772.367869,0.120281,-14772.367869,0,12,7,False,False,False,False,False,False,False,0.0,11.357465500000002,122804.024484,0.0,0.0,,build_cache:redux-saga__redux-saga.a4ace10d:root:changesets:c91a6dc103c2;dependency_view:redux-saga__redux-saga.a4ace10d:root:c1bcbd93da3b0eeb;node_runtime:18.19.1:linux:x86_64:glibc:abi109;repo_baseline:redux-saga__redux-saga:a4ace10dc3ff182828cd3ee7469f6667e08ceb62;rootfs:node_18-slim;source_overlay:redux-saga__redux-saga.a4ace10d:root;test_transform_cache:redux-saga__redux-saga.a4ace10d:root:jest:c91a6dc103c2
random,random_seed_23,23,34,swesmith/redux-saga__redux-saga.a4ace10d,swesmith/bluesky-social__social-app.cbd48c85,48,8,diff_node_diff_rootfs|same_test_tool|low_overlap|native_abi_change|rootfs_change,137587.749818,122815.381949,14772.367869,0.120281,-14772.367869,0,7,7,False,False,False,False,False,True,False,0.0,11.357465500000002,122804.024484,0.0,0.0,,build_cache:bluesky-social__social-app.cbd48c85:root:typescript:4a9667753d9f;dependency_view:bluesky-social__social-app.cbd48c85:root:109982c53979748a;node_runtime:20.19.1:linux:x86_64:glibc:abi115;repo_baseline:bluesky-social__social-app:cbd48c855a57f1a294f4b7362eaadb505bf5f9f6;rootfs:node_20-slim;source_overlay:bluesky-social__social-app.cbd48c85:root;test_transform_cache:bluesky-social__social-app.cbd48c85:root:jest:4a9667753d9f
random,random_seed_23,23,35,swesmith/bluesky-social__social-app.cbd48c85,swesmith/fabricjs__fabric.js.6742471c,8,18,same_node_same_rootfs|same_build_tool,133198.843194,103525.069773,29673.773421,0.286634,-29673.773421,2,5,7,True,True,False,False,True,False,False,16.393405,0.0494345,103508.626934,0.0,0.0,node_runtime:20.19.1:linux:x86_64:glibc:abi115;rootfs:node_20-slim,build_cache:fabricjs__fabric.js.6742471c:root:typescript:bdce61823eab;dependency_view:fabricjs__fabric.js.6742471c:root:56b6543f933cb2b3;native_binary_bundle:fabricjs__fabric.js.6742471c:root:canvas:115;repo_baseline:fabricjs__fabric.js:6742471c23e5fd8afbb1282246b4b785455c8c17;source_overlay:fabricjs__fabric.js.6742471c:root;test_transform_cache:fabricjs__fabric.js.6742471c:root:playwright:bdce61823eab;test_transform_cache:fabricjs__fabric.js.6742471c:root:vitest:bdce61823eab
random,random_seed_23,23,36,swesmith/fabricjs__fabric.js.6742471c,swesmith/svg__svgo.c06d8f68,18,55,same_node_same_rootfs|same_build_tool,225432.305793,185792.178397,39640.127396,0.213357,-39640.127396,2,7,6,True,True,False,False,True,False,False,16.393405,0.0494345,185775.735557,0.0,0.0,node_runtime:20.19.1:linux:x86_64:glibc:abi115;rootfs:node_20-slim,build_cache:svg__svgo.c06d8f68:root:rollup:2b58ff2876b3;build_cache:svg__svgo.c06d8f68:root:typescript:2b58ff2876b3;dependency_view:svg__svgo.c06d8f68:root:e3122b4a0e1aa47b;repo_baseline:svg__svgo:c06d8f6899788defae9594537063c2f4307803e4;source_overlay:svg__svgo.c06d8f68:root;test_transform_cache:svg__svgo.c06d8f68:root:jest:2b58ff2876b3
random,random_seed_23,23,37,swesmith/svg__svgo.c06d8f68,swesmith/bootstrap-vue__bootstrap-vue.9a246f45,55,9,diff_node_diff_rootfs|same_build_tool|same_test_tool|low_overlap|native_abi_change|rootfs_change,137587.749818,122815.381949,14772.367869,0.120281,-14772.367869,0,8,7,False,False,False,False,True,True,False,0.0,11.357465500000002,122804.024484,0.0,0.0,,build_cache:bootstrap-vue__bootstrap-vue.9a246f45:root:rollup:594eccebc247;dependency_view:bootstrap-vue__bootstrap-vue.9a246f45:root:d41e6daa3c100016;node_runtime:18.19.1:linux:x86_64:glibc:abi109;repo_baseline:bootstrap-vue__bootstrap-vue:9a246f45fc813f161df291fc7d6197febf8afaf4;rootfs:node_18-bullseye-slim;source_overlay:bootstrap-vue__bootstrap-vue.9a246f45:root;test_transform_cache:bootstrap-vue__bootstrap-vue.9a246f45:root:jest:594eccebc247
random,random_seed_23,23,38,swesmith/bootstrap-vue__bootstrap-vue.9a246f45,swesmith/nightwatchjs__nightwatch.54c8550c,9,39,same_node_diff_rootfs|low_overlap|rootfs_change,38073.113846,33999.601411,4073.512435,0.119811,-4073.512435,1,6,6,True,False,False,False,False,False,False,0.0,11.357465500000002,33988.243946,0.0,0.0,node_runtime:18.19.1:linux:x86_64:glibc:abi109,dependency_view:nightwatchjs__nightwatch.54c8550c:root:4a947b8a3bf39687;native_binary_bundle:nightwatchjs__nightwatch.54c8550c:root:@swc_core:109;repo_baseline:nightwatchjs__nightwatch:54c8550c75a16c61827c0bad043c7ffa073a52e6;rootfs:node_18-slim;source_overlay:nightwatchjs__nightwatch.54c8550c:root;test_transform_cache:nightwatchjs__nightwatch.54c8550c:root:mocha:34743ed160a3
random,random_seed_23,23,39,swesmith/nightwatchjs__nightwatch.54c8550c,swesmith/marmelab__react-admin.823caa0b,39,31,diff_node_diff_rootfs|low_overlap|native_abi_change|rootfs_change,141338.197494,129364.053864,11974.14363,0.092562,-11974.14363,0,7,8,False,False,False,False,False,False,False,0.0,11.357465500000002,129352.696399,0.0,0.0,,build_cache:marmelab__react-admin.823caa0b:root:lerna:2ae6a8efe6cf;dependency_view:marmelab__react-admin.823caa0b:root:f178fcbaf6a59b3b;node_runtime:20.19.1:linux:x86_64:glibc:abi115;repo_baseline:marmelab__react-admin:823caa0b6489fc8133685525e22d30ddf57643fa;rootfs:node_20-bullseye-slim;source_overlay:marmelab__react-admin.823caa0b:root;test_transform_cache:marmelab__react-admin.823caa0b:root:cypress:2ae6a8efe6cf;test_transform_cache:marmelab__react-admin.823caa0b:root:jest:2ae6a8efe6cf
random,random_seed_23,23,40,swesmith/marmelab__react-admin.823caa0b,swesmith/sveltejs__svelte.6c9717a9,31,54,diff_node_diff_rootfs|low_overlap|native_abi_change|rootfs_change,137587.749818,122815.381949,14772.367869,0.120281,-14772.367869,0,8,7,False,False,False,False,False,False,False,0.0,11.357465500000002,122804.024484,0.0,0.0,,build_cache:sveltejs__svelte.6c9717a9:root:changesets:85b839d59475;dependency_view:sveltejs__svelte.6c9717a9:root:b0c07bc3f3203c46;node_runtime:18.19.1:linux:x86_64:glibc:abi109;repo_baseline:sveltejs__svelte:6c9717a91f2f6ae10641d1cf502ba13d227fbe45;rootfs:node_18-bullseye;source_overlay:sveltejs__svelte.6c9717a9:root;test_transform_cache:sveltejs__svelte.6c9717a9:root:vitest:85b839d59475
random,random_seed_23,23,41,swesmith/sveltejs__svelte.6c9717a9,swesmith/foambubble__foam.2cac8162,54,19,same_node_diff_rootfs|low_overlap|rootfs_change,130237.956872,116266.710034,13971.246838,0.120165,-13971.246838,1,6,5,True,False,False,False,False,False,False,0.0,11.357465500000002,116255.352569,0.0,0.0,node_runtime:18.19.1:linux:x86_64:glibc:abi109,build_cache:foambubble__foam.2cac8162:root:lerna:2510f8df8165;dependency_view:foambubble__foam.2cac8162:root:8118db77d559a658;repo_baseline:foambubble__foam:2cac816272157f3a964b30adf4f29c0b2973cce8;rootfs:node_18;source_overlay:foambubble__foam.2cac8162:root
random,random_seed_23,23,42,swesmith/foambubble__foam.2cac8162,swesmith/Shopify__draggable.8a1eed57,19,52,diff_node_diff_rootfs|low_overlap|native_abi_change|rootfs_change,338033.435581,302018.625378,36014.810203,0.119247,-36014.810203,0,6,9,False,False,False,False,False,False,False,0.0,11.357465500000002,302007.267912,0.0,0.0,,build_cache:Shopify__draggable.8a1eed57:root:changesets:75fa7c4af02e;build_cache:Shopify__draggable.8a1eed57:root:rollup:75fa7c4af02e;build_cache:Shopify__draggable.8a1eed57:root:typescript:75fa7c4af02e;dependency_view:Shopify__draggable.8a1eed57:root:5951b44524aa69b1;node_runtime:20.19.1:linux:x86_64:glibc:abi115;repo_baseline:Shopify__draggable:8a1eed57f3ab2dff9371e8ce60fb39ac85871e8d;rootfs:node_20;source_overlay:Shopify__draggable.8a1eed57:root;test_transform_cache:Shopify__draggable.8a1eed57:root:jest:75fa7c4af02e
random,random_seed_23,23,43,swesmith/Shopify__draggable.8a1eed57,swesmith/homebridge__homebridge.3a341e08,52,23,same_node_diff_rootfs|same_build_tool|same_test_tool|low_overlap|rootfs_change,137572.429229,122815.381949,14757.04728,0.120156,-14757.04728,1,8,6,True,False,False,False,True,True,False,0.0,11.357465500000002,122804.024484,0.0,0.0,node_runtime:20.19.1:linux:x86_64:glibc:abi115,build_cache:homebridge__homebridge.3a341e08:root:typescript:cb88c6110fb6;dependency_view:homebridge__homebridge.3a341e08:root:5aba58d9ad81636b;repo_baseline:homebridge__homebridge:3a341e0838c99abfdf7a2d76e5e1e2a2af7ccb09;rootfs:node_20-slim;source_overlay:homebridge__homebridge.3a341e08:root;test_transform_cache:homebridge__homebridge.3a341e08:root:jest:cb88c6110fb6
random,random_seed_23,23,44,swesmith/homebridge__homebridge.3a341e08,swesmith/NativeScript__NativeScript.3d6a4392,23,35,same_node_diff_rootfs|low_overlap|rootfs_change,131086.665343,117052.55121,14034.114132,0.119896,-14034.114132,1,6,6,True,False,False,False,False,False,False,0.0,11.357465500000002,117041.193745,0.0,0.0,node_runtime:20.19.1:linux:x86_64:glibc:abi115,build_cache:NativeScript__NativeScript.3d6a4392:root:nx:66d2167c1bf8;dependency_view:NativeScript__NativeScript.3d6a4392:root:085e1f7ccbe42f25;native_binary_bundle:NativeScript__NativeScript.3d6a4392:root:@swc_core:115;repo_baseline:NativeScript__NativeScript:3d6a4392f6008e4f43f8f5439a256c50e3707101;rootfs:node_20;source_overlay:NativeScript__NativeScript.3d6a4392:root
random,random_seed_23,23,45,swesmith/NativeScript__NativeScript.3d6a4392,swesmith/websockets__ws.726c3732,35,63,diff_node_diff_rootfs|low_overlap|native_abi_change|rootfs_change,36977.779088,33213.760235,3764.018853,0.113327,-3764.018853,0,7,6,False,False,False,False,False,False,False,0.0,11.357465500000002,33202.40277,0.0,0.0,,dependency_view:websockets__ws.726c3732:root:76eb131f76afa769;node_runtime:18.19.1:linux:x86_64:glibc:abi109;repo_baseline:websockets__ws:726c3732b3e5319219ed73cac4826fd36917e2e1;rootfs:node_18-slim;source_overlay:websockets__ws.726c3732:root;test_transform_cache:websockets__ws.726c3732:root:mocha:aaedef2a72b6
random,random_seed_23,23,46,swesmith/websockets__ws.726c3732,swesmith/necolas__react-native-web.a9de220b,63,36,same_node_diff_rootfs|low_overlap|rootfs_change,37218.61291,33213.760235,4004.852674,0.120578,-4004.852674,1,5,5,True,False,False,False,False,False,False,0.0,11.357465500000002,33202.40277,0.0,0.0,node_runtime:18.19.1:linux:x86_64:glibc:abi109,dependency_view:necolas__react-native-web.a9de220b:root:40742e8c9629eceb;repo_baseline:necolas__react-native-web:a9de220ba9e65bdea540fb5322ffb1da2b0bf442;rootfs:node_18;source_overlay:necolas__react-native-web.a9de220b:root;test_transform_cache:necolas__react-native-web.a9de220b:root:jest:ff4b31c887fd
random,random_seed_23,23,47,swesmith/necolas__react-native-web.a9de220b,swesmith/mholt__PapaParse.b10b87ef,36,32,same_node_diff_rootfs|low_overlap|rootfs_change,37218.61291,33213.760235,4004.852674,0.120578,-4004.852674,1,5,5,True,False,False,False,False,False,False,0.0,11.357465500000002,33202.40277,0.0,0.0,node_runtime:18.19.1:linux:x86_64:glibc:abi109,dependency_view:mholt__PapaParse.b10b87ef:root:85db9ec387c60c3e;repo_baseline:mholt__PapaParse:b10b87ef8686c6f88299b50dd25e83606e9c36d4;rootfs:node_18-slim;source_overlay:mholt__PapaParse.b10b87ef:root;test_transform_cache:mholt__PapaParse.b10b87ef:root:mocha:33ffa1b7b9c3
random,random_seed_23,23,48,swesmith/mholt__PapaParse.b10b87ef,swesmith/nestjs__nest.346c9543,32,37,diff_node_diff_rootfs|same_test_tool|low_overlap|native_abi_change|rootfs_change,425161.647773,392406.088268,32755.559506,0.083474,-32755.559506,0,6,11,False,False,False,False,False,True,False,0.0,11.357465500000002,392394.73080200003,0.0,0.0,,build_cache:nestjs__nest.346c9543:root:gulp:892e8dc67f5f;build_cache:nestjs__nest.346c9543:root:lerna:892e8dc67f5f;build_cache:nestjs__nest.346c9543:root:next:892e8dc67f5f;build_cache:nestjs__nest.346c9543:root:typescript:892e8dc67f5f;dependency_view:nestjs__nest.346c9543:root:1757422535048d10;native_binary_bundle:nestjs__nest.346c9543:root:@grpc_grpc-js:115;node_runtime:20.19.1:linux:x86_64:glibc:abi115;repo_baseline:nestjs__nest:346c9543120c692f314bdbf55fc9956d2fa6d87e;rootfs:node_20-slim;source_overlay:nestjs__nest.346c9543:root;test_transform_cache:nestjs__nest.346c9543:root:mocha:892e8dc67f5f
random,random_seed_23,23,49,swesmith/nestjs__nest.346c9543,swesmith/mochajs__mocha.410ce0d2,37,34,diff_node_diff_rootfs|same_build_tool|same_test_tool|low_overlap|native_abi_change|rootfs_change,345629.895002,308567.297293,37062.59771,0.120112,-37062.59771,0,11,10,False,False,False,False,True,True,False,0.0,11.357465500000002,308555.939827,0.0,0.0,,build_cache:mochajs__mocha.410ce0d2:root:rollup:077a5f518284;build_cache:mochajs__mocha.410ce0d2:root:typescript:077a5f518284;build_cache:mochajs__mocha.410ce0d2:root:webpack:077a5f518284;dependency_view:mochajs__mocha.410ce0d2:root:77b617ee60467b9a;node_runtime:22.23.2:linux:x86_64:glibc:abi127;repo_baseline:mochajs__mocha:410ce0d2a0f799aaca2c0bc627294d70c62dd3f4;rootfs:node_22-slim;source_overlay:mochajs__mocha.410ce0d2:root;test_transform_cache:mochajs__mocha.410ce0d2:root:karma:077a5f518284;test_transform_cache:mochajs__mocha.410ce0d2:root:mocha:077a5f518284
random,random_seed_23,23,50,swesmith/mochajs__mocha.410ce0d2,swesmith/bpampuch__pdfmake.719e7314,34,10,diff_node_diff_rootfs|same_build_tool|same_test_tool|low_overlap|native_abi_change|rootfs_change,237941.566138,212417.003664,25524.562474,0.120163,-25524.562474,0,10,8,False,False,False,False,True,True,False,0.0,11.357465500000002,212405.646198,0.0,0.0,,build_cache:bpampuch__pdfmake.719e7314:root:babel:530210e657f9;build_cache:bpampuch__pdfmake.719e7314:root:webpack:530210e657f9;dependency_view:bpampuch__pdfmake.719e7314:root:cbdd674906fcd63a;node_runtime:18.19.1:linux:x86_64:glibc:abi109;repo_baseline:bpampuch__pdfmake:719e73140cce75a792f7f419c27fc33a230e73d2;rootfs:node_18-slim;source_overlay:bpampuch__pdfmake.719e7314:root;test_transform_cache:bpampuch__pdfmake.719e7314:root:mocha:530210e657f9
random,random_seed_23,23,51,swesmith/bpampuch__pdfmake.719e7314,swesmith/josdejong__mathjs.04e6e2d7,10,29,same_node_same_rootfs|same_test_tool,240101.330883,199005.418223,41095.91266,0.206507,-41095.91266,2,6,8,True,True,False,False,False,True,False,132.289401,0.0494345,198873.07938700003,0.0,0.0,node_runtime:18.19.1:linux:x86_64:glibc:abi109;rootfs:node_18-slim,build_cache:josdejong__mathjs.04e6e2d7:root:gulp:4c7f724eabb4;build_cache:josdejong__mathjs.04e6e2d7:root:typescript:4c7f724eabb4;dependency_view:josdejong__mathjs.04e6e2d7:root:653bb0be0a5e4b8c;repo_baseline:josdejong__mathjs:04e6e2d7a949d6ddc7d7139bf1e3a88e6fe5365b;source_overlay:josdejong__mathjs.04e6e2d7:root;test_transform_cache:josdejong__mathjs.04e6e2d7:root:ava:4c7f724eabb4;test_transform_cache:josdejong__mathjs.04e6e2d7:root:karma:4c7f724eabb4;test_transform_cache:josdejong__mathjs.04e6e2d7:root:mocha:4c7f724eabb4
random,random_seed_23,23,52,swesmith/josdejong__mathjs.04e6e2d7,swesmith/Effect-TS__effect.5df4da10,29,15,diff_node_diff_rootfs|same_build_tool|low_overlap|native_abi_change|rootfs_change,237941.566138,212417.003664,25524.562474,0.120163,-25524.562474,0,10,8,False,False,False,False,True,False,False,0.0,11.357465500000002,212405.646198,0.0,0.0,,build_cache:Effect-TS__effect.5df4da10:root:changesets:3936ee7940b9;build_cache:Effect-TS__effect.5df4da10:root:typescript:3936ee7940b9;dependency_view:Effect-TS__effect.5df4da10:root:61e1a82d9173e1a4;node_runtime:20.19.1:linux:x86_64:glibc:abi115;repo_baseline:Effect-TS__effect:5df4da10de444f379a166f4b28721e75100bb838;rootfs:node_20-slim;source_overlay:Effect-TS__effect.5df4da10:root;test_transform_cache:Effect-TS__effect.5df4da10:root:vitest:3936ee7940b9
random,random_seed_23,23,53,swesmith/Effect-TS__effect.5df4da10,swesmith/react-hook-form__react-hook-form.3adba2b8,15,44,diff_node_diff_rootfs|same_build_tool|low_overlap|native_abi_change|rootfs_change,246124.787153,219751.516755,26373.270398,0.120014,-26373.270398,0,8,10,False,False,False,False,True,False,False,0.0,11.357465500000002,219740.159289,0.0,0.0,,build_cache:react-hook-form__react-hook-form.3adba2b8:root:rollup:759c3e15fb55;build_cache:react-hook-form__react-hook-form.3adba2b8:root:typescript:759c3e15fb55;dependency_view:react-hook-form__react-hook-form.3adba2b8:root:f10d22bc872be4f0;native_binary_bundle:react-hook-form__react-hook-form.3adba2b8:root:@swc_core:109;node_runtime:18.19.1:linux:x86_64:glibc:abi109;repo_baseline:react-hook-form__react-hook-form:3adba2b816dd50bbca460bbe61df64b50bc6b1da;rootfs:node_18-slim;source_overlay:react-hook-form__react-hook-form.3adba2b8:root;test_transform_cache:react-hook-form__react-hook-form.3adba2b8:root:cypress:759c3e15fb55;test_transform_cache:react-hook-form__react-hook-form.3adba2b8:root:jest:759c3e15fb55
random,random_seed_23,23,54,swesmith/react-hook-form__react-hook-form.3adba2b8,swesmith/tinacms__tinacms.dffb104f,44,56,diff_node_diff_rootfs|low_overlap|native_abi_change|rootfs_change,237941.566138,212417.003664,25524.562474,0.120163,-25524.562474,0,10,8,False,False,False,False,False,False,False,0.0,11.357465500000002,212405.646198,0.0,0.0,,build_cache:tinacms__tinacms.dffb104f:root:changesets:765d0508e257;build_cache:tinacms__tinacms.dffb104f:root:turbo:765d0508e257;dependency_view:tinacms__tinacms.dffb104f:root:45f79d9b7f2dc887;node_runtime:20.19.1:linux:x86_64:glibc:abi115;repo_baseline:tinacms__tinacms:dffb104f1850cabc15f495a5868a33a66295965a;rootfs:node_20-slim;source_overlay:tinacms__tinacms.dffb104f:root;test_transform_cache:tinacms__tinacms.dffb104f:root:playwright:765d0508e257
random,random_seed_23,23,55,swesmith/tinacms__tinacms.dffb104f,swesmith/ReactiveX__rxjs.c15b37f8,56,45,same_node_same_rootfs,117744.017116,89641.884767,28102.132349,0.313493,-28102.132349,2,6,4,True,True,False,False,False,False,False,16.393405,0.0494345,89625.441928,0.0,0.0,node_runtime:20.19.1:linux:x86_64:glibc:abi115;rootfs:node_20-slim,build_cache:ReactiveX__rxjs.c15b37f8:root:nx:2403aec3ebd5;dependency_view:ReactiveX__rxjs.c15b37f8:root:c5fbb2e88b68c3b9;repo_baseline:ReactiveX__rxjs:c15b37f81ba5f5abea8c872b0189a70b150df4cb;source_overlay:ReactiveX__rxjs.c15b37f8:root
random,random_seed_23,23,56,swesmith/ReactiveX__rxjs.c15b37f8,swesmith/emotion-js__emotion.b882bcba,45,16,diff_node_diff_rootfs|low_overlap|native_abi_change|rootfs_change,237679.619261,212417.003664,25262.615598,0.118929,-25262.615598,0,6,8,False,False,False,False,False,False,False,0.0,11.357465500000002,212405.646198,0.0,0.0,,build_cache:emotion-js__emotion.b882bcba:root:changesets:c2de0d725c3c;build_cache:emotion-js__emotion.b882bcba:root:typescript:c2de0d725c3c;dependency_view:emotion-js__emotion.b882bcba:root:0f78ed9b2143da62;node_runtime:18.19.1:linux:x86_64:glibc:abi109;repo_baseline:emotion-js__emotion:b882bcba85132554992e4bd49e94c95939bbf810;rootfs:node_18-slim;source_overlay:emotion-js__emotion.b882bcba:root;test_transform_cache:emotion-js__emotion.b882bcba:root:jest:c2de0d725c3c
random,random_seed_23,23,57,swesmith/emotion-js__emotion.b882bcba,swesmith/directus__directus.ac922d18,16,14,diff_node_diff_rootfs|low_overlap|native_abi_change|rootfs_change,29905.253608,26665.08832,3240.165287,0.121513,-3240.165287,0,8,5,False,False,False,False,False,False,False,0.0,11.357465500000002,26653.730854999998,0.0,0.0,,dependency_view:directus__directus.ac922d18:root:2b92fcea821d0732;node_runtime:22.23.2:linux:x86_64:glibc:abi127;repo_baseline:directus__directus:ac922d18f6039582a18737a6dc6d1d9a08a194e8;rootfs:node_22-slim;source_overlay:directus__directus.ac922d18:root
random,random_seed_23,23,58,swesmith/directus__directus.ac922d18,swesmith/FuelLabs__fuels-ts.b3f37c91,14,21,diff_node_diff_rootfs|low_overlap|native_abi_change|rootfs_change,327281.240975,302018.625378,25262.615598,0.083646,-25262.615598,0,5,9,False,False,False,False,False,False,False,0.0,11.357465500000002,302007.267912,0.0,0.0,,build_cache:FuelLabs__fuels-ts.b3f37c91:root:changesets:b55338e227a8;build_cache:FuelLabs__fuels-ts.b3f37c91:root:turbo:b55338e227a8;build_cache:FuelLabs__fuels-ts.b3f37c91:root:typescript:b55338e227a8;dependency_view:FuelLabs__fuels-ts.b3f37c91:root:471ddc5c5a27de32;node_runtime:20.19.1:linux:x86_64:glibc:abi115;repo_baseline:FuelLabs__fuels-ts:b3f37c91aca4aa9d5e4c0d3967f66237190826ea;rootfs:node_20;source_overlay:FuelLabs__fuels-ts.b3f37c91:root;test_transform_cache:FuelLabs__fuels-ts.b3f37c91:root:vitest:b55338e227a8
random,random_seed_23,23,59,swesmith/FuelLabs__fuels-ts.b3f37c91,swesmith/refined-github__refined-github.d4a7c3fb,21,49,diff_node_diff_rootfs|same_build_tool|same_test_tool|low_overlap|native_abi_change|rootfs_change,237941.566138,212417.003664,25524.562474,0.120163,-25524.562474,0,9,8,False,False,False,False,True,True,False,0.0,11.357465500000002,212405.646198,0.0,0.0,,build_cache:refined-github__refined-github.d4a7c3fb:root:rollup:aa1f302ca640;build_cache:refined-github__refined-github.d4a7c3fb:root:typescript:aa1f302ca640;dependency_view:refined-github__refined-github.d4a7c3fb:root:e375b9cbe15b1aee;node_runtime:22.23.2:linux:x86_64:glibc:abi127;repo_baseline:refined-github__refined-github:d4a7c3fbfebff5f39a3760effbea7273dea0d01c;rootfs:node_22-slim;source_overlay:refined-github__refined-github.d4a7c3fb:root;test_transform_cache:refined-github__refined-github.d4a7c3fb:root:vitest:aa1f302ca640
random,random_seed_23,23,60,swesmith/refined-github__refined-github.d4a7c3fb,swesmith/jaredpalmer__formik.91475adb,49,27,diff_node_diff_rootfs|low_overlap|native_abi_change|rootfs_change,237941.566138,212417.003664,25524.562474,0.120163,-25524.562474,0,8,8,False,False,False,False,False,False,False,0.0,11.357465500000002,212405.646198,0.0,0.0,,build_cache:jaredpalmer__formik.91475adb:root:changesets:be61650024fa;build_cache:jaredpalmer__formik.91475adb:root:turbo:be61650024fa;dependency_view:jaredpalmer__formik.91475adb:root:0ea1f56b0c1e2753;node_runtime:18.19.1:linux:x86_64:glibc:abi109;repo_baseline:jaredpalmer__formik:91475adbf33579561e580eceea0c031f4ec2e992;rootfs:node_18-slim;source_overlay:jaredpalmer__formik.91475adb:root;test_transform_cache:jaredpalmer__formik.91475adb:root:playwright:be61650024fa
random,random_seed_23,23,61,swesmith/jaredpalmer__formik.91475adb,swesmith/Netflix__falcor.39d64776,27,38,same_node_same_rootfs,125078.489473,96306.452679,28772.036795,0.298755,-28772.036795,2,6,5,True,True,False,False,False,False,False,132.289401,0.0494345,96174.113843,0.0,0.0,node_runtime:18.19.1:linux:x86_64:glibc:abi109;rootfs:node_18-slim,build_cache:Netflix__falcor.39d64776:root:gulp:8290bb56acfc;dependency_view:Netflix__falcor.39d64776:root:missing;repo_baseline:Netflix__falcor:39d64776cf9d87781b2791615dcbae73b2bcd2e1;source_overlay:Netflix__falcor.39d64776:root;test_transform_cache:Netflix__falcor.39d64776:root:jest:8290bb56acfc
random,random_seed_23,23,62,swesmith/Netflix__falcor.39d64776,swesmith/Automattic__mongoose.5f57a5bb,38,4,same_node_diff_rootfs|low_overlap|rootfs_change,37224.405376,33213.760235,4010.645141,0.120753,-4010.645141,1,6,5,True,False,False,False,False,False,False,0.0,11.357465500000002,33202.40277,0.0,0.0,node_runtime:18.19.1:linux:x86_64:glibc:abi109,dependency_view:Automattic__mongoose.5f57a5bb:root:f4a039d5d472a10b;repo_baseline:Automattic__mongoose:5f57a5bbb2e8dfed8d04be47cdd17728633c44c1;rootfs:node_18-bullseye;source_overlay:Automattic__mongoose.5f57a5bb:root;test_transform_cache:Automattic__mongoose.5f57a5bb:root:mocha:0f744702c7e7
random,random_seed_23,23,63,swesmith/Automattic__mongoose.5f57a5bb,swesmith/jantimon__html-webpack-plugin.9a39db80,4,26,same_node_diff_rootfs|low_overlap|rootfs_change,230758.115812,212417.003664,18341.112148,0.086345,-18341.112148,1,5,7,True,False,False,False,False,False,False,0.0,11.357465500000002,212405.646198,0.0,0.0,node_runtime:18.19.1:linux:x86_64:glibc:abi109,build_cache:jantimon__html-webpack-plugin.9a39db80:root:typescript:03abf47fc179;build_cache:jantimon__html-webpack-plugin.9a39db80:root:webpack:03abf47fc179;dependency_view:jantimon__html-webpack-plugin.9a39db80:root:c9d26828be2c203c;repo_baseline:jantimon__html-webpack-plugin:9a39db807c09d8e6145e5047cfe2ec5e928e1dee;rootfs:node_18-slim;source_overlay:jantimon__html-webpack-plugin.9a39db80:root;test_transform_cache:jantimon__html-webpack-plugin.9a39db80:root:jest:03abf47fc179
random,random_seed_37,37,1,swesmith/advplyr__audiobookshelf.626596b1,swesmith/ReactiveX__rxjs.c15b37f8,1,45,diff_node_diff_rootfs|low_overlap|native_abi_change|rootfs_change,126669.212593,116266.710034,10402.502558,0.089471,-10402.502558,0,10,6,False,False,False,False,False,False,False,0.0,11.357465500000002,116255.352569,0.0,0.0,,build_cache:ReactiveX__rxjs.c15b37f8:root:nx:2403aec3ebd5;dependency_view:ReactiveX__rxjs.c15b37f8:root:c5fbb2e88b68c3b9;node_runtime:20.19.1:linux:x86_64:glibc:abi115;repo_baseline:ReactiveX__rxjs:c15b37f81ba5f5abea8c872b0189a70b150df4cb;rootfs:node_20-slim;source_overlay:ReactiveX__rxjs.c15b37f8:root
random,random_seed_37,37,2,swesmith/ReactiveX__rxjs.c15b37f8,swesmith/nock__nock.e7418da2,45,40,same_node_diff_rootfs|low_overlap|rootfs_change,44035.024168,39762.43215,4272.592017,0.107453,-4272.592017,1,5,6,True,False,False,False,False,False,False,0.0,11.357465500000002,39751.074685,0.0,0.0,node_runtime:20.19.1:linux:x86_64:glibc:abi115,dependency_view:nock__nock.e7418da2:root:541f81ce3f744a6f;repo_baseline:nock__nock:e7418da29feb4a7bf0aa1612bfb9d32a4051651e;rootfs:node_20;source_overlay:nock__nock.e7418da2:root;test_transform_cache:nock__nock.e7418da2:root:jest:bf94886cefe6;test_transform_cache:nock__nock.e7418da2:root:mocha:bf94886cefe6
random,random_seed_37,37,3,swesmith/nock__nock.e7418da2,swesmith/balderdashy__sails.ffebacc5,40,7,diff_node_diff_rootfs|same_test_tool|low_overlap|native_abi_change|rootfs_change,37233.933498,33213.760235,4020.173263,0.121039,-4020.173263,0,7,6,False,False,False,False,False,True,False,0.0,11.357465500000002,33202.40277,0.0,0.0,,dependency_view:balderdashy__sails.ffebacc5:root:05b5a7170832986f;node_runtime:18.19.1:linux:x86_64:glibc:abi109;repo_baseline:balderdashy__sails:ffebacc58c27f878c9373702bc3a3f91a02bca0c;rootfs:node_18-slim;source_overlay:balderdashy__sails.ffebacc5:root;test_transform_cache:balderdashy__sails.ffebacc5:root:mocha:8d9a655c7243
random,random_seed_37,37,4,swesmith/balderdashy__sails.ffebacc5,swesmith/welldone-software__why-did-you-render.3ec3512d,7,64,diff_node_diff_rootfs|low_overlap|native_abi_change|rootfs_change,141338.197494,129364.053864,11974.14363,0.092562,-11974.14363,0,6,8,False,False,False,False,False,False,False,0.0,11.357465500000002,129352.696399,0.0,0.0,,build_cache:welldone-software__why-did-you-render.3ec3512d:root:rollup:3d9083a10a5d;dependency_view:welldone-software__why-did-you-render.3ec3512d:root:773c5e8f586ea9c4;node_runtime:20.19.1:linux:x86_64:glibc:abi115;repo_baseline:welldone-software__why-did-you-render:3ec3512d750c49448fe2241e26d05db9e42f0c21;rootfs:node_20-slim;source_overlay:welldone-software__why-did-you-render.3ec3512d:root;test_transform_cache:welldone-software__why-did-you-render.3ec3512d:root:cypress:3d9083a10a5d;test_transform_cache:welldone-software__why-did-you-render.3ec3512d:root:jest:3d9083a10a5d
random,random_seed_37,37,5,swesmith/welldone-software__why-did-you-render.3ec3512d,swesmith/payloadcms__payload.8f660355,64,43,same_node_same_rootfs,235124.341866,194698.373839,40425.968026,0.207634,-40425.968026,2,6,10,True,True,False,False,False,False,False,16.393405,0.0494345,194681.93099999998,0.0,0.0,node_runtime:20.19.1:linux:x86_64:glibc:abi115;rootfs:node_20-slim,build_cache:payloadcms__payload.8f660355:root:next:096d4a336345;build_cache:payloadcms__payload.8f660355:root:turbo:096d4a336345;dependency_view:payloadcms__payload.8f660355:root:a2f282bd4e00dd49;native_binary_bundle:payloadcms__payload.8f660355:root:@swc_core:115;native_binary_bundle:payloadcms__payload.8f660355:root:node-gyp:115;native_binary_bundle:payloadcms__payload.8f660355:root:sharp:115;repo_baseline:payloadcms__payload:8f66035522f568d42098a7ad525e7bf700662b9a;source_overlay:payloadcms__payload.8f660355:root;test_transform_cache:payloadcms__payload.8f660355:root:playwright:096d4a336345;test_transform_cache:payloadcms__payload.8f660355:root:vitest:096d4a336345
random,random_seed_37,37,6,swesmith/payloadcms__payload.8f660355,swesmith/redux-saga__redux-saga.a4ace10d,43,48,diff_node_diff_rootfs|low_overlap|native_abi_change|rootfs_change,137587.749818,122815.381949,14772.367869,0.120281,-14772.367869,0,12,7,False,False,False,False,False,False,False,0.0,11.357465500000002,122804.024484,0.0,0.0,,build_cache:redux-saga__redux-saga.a4ace10d:root:changesets:c91a6dc103c2;dependency_view:redux-saga__redux-saga.a4ace10d:root:c1bcbd93da3b0eeb;node_runtime:18.19.1:linux:x86_64:glibc:abi109;repo_baseline:redux-saga__redux-saga:a4ace10dc3ff182828cd3ee7469f6667e08ceb62;rootfs:node_18-slim;source_overlay:redux-saga__redux-saga.a4ace10d:root;test_transform_cache:redux-saga__redux-saga.a4ace10d:root:jest:c91a6dc103c2
random,random_seed_37,37,7,swesmith/redux-saga__redux-saga.a4ace10d,swesmith/vitejs__vite.8b47ff76,48,60,diff_node_diff_rootfs|low_overlap|native_abi_change|rootfs_change,137587.749818,122815.381949,14772.367869,0.120281,-14772.367869,0,7,7,False,False,False,False,False,False,False,0.0,11.357465500000002,122804.024484,0.0,0.0,,build_cache:vitejs__vite.8b47ff76:root:typescript:c0d87b3d7479;dependency_view:vitejs__vite.8b47ff76:root:7fb655fa88697a9a;node_runtime:22.23.2:linux:x86_64:glibc:abi127;repo_baseline:vitejs__vite:8b47ff76d28630b4dc39c77fbd2762b4c36ad23d;rootfs:node_22-bullseye-slim;source_overlay:vitejs__vite.8b47ff76:root;test_transform_cache:vitejs__vite.8b47ff76:root:vitest:c0d87b3d7479
random,random_seed_37,37,8,swesmith/vitejs__vite.8b47ff76,swesmith/sveltejs__svelte.6c9717a9,60,54,diff_node_diff_rootfs|same_test_tool|low_overlap|native_abi_change|rootfs_change,137587.749818,122815.381949,14772.367869,0.120281,-14772.367869,0,7,7,False,False,False,False,False,True,False,0.0,11.357465500000002,122804.024484,0.0,0.0,,build_cache:sveltejs__svelte.6c9717a9:root:changesets:85b839d59475;dependency_view:sveltejs__svelte.6c9717a9:root:b0c07bc3f3203c46;node_runtime:18.19.1:linux:x86_64:glibc:abi109;repo_baseline:sveltejs__svelte:6c9717a91f2f6ae10641d1cf502ba13d227fbe45;rootfs:node_18-bullseye;source_overlay:sveltejs__svelte.6c9717a9:root;test_transform_cache:sveltejs__svelte.6c9717a9:root:vitest:85b839d59475
random,random_seed_37,37,9,swesmith/sveltejs__svelte.6c9717a9,swesmith/webpack__webpack.24e3c2d2,54,62,diff_node_diff_rootfs|low_overlap|native_abi_change|rootfs_change,138436.458288,123601.223125,14835.235163,0.120025,-14835.235163,0,7,8,False,False,False,False,False,False,False,0.0,11.357465500000002,123589.86566,0.0,0.0,,build_cache:webpack__webpack.24e3c2d2:root:typescript:8138d968425d;dependency_view:webpack__webpack.24e3c2d2:root:2a4de1074e7ce9a8;native_binary_bundle:webpack__webpack.24e3c2d2:root:node-gyp:115;node_runtime:20.19.1:linux:x86_64:glibc:abi115;repo_baseline:webpack__webpack:24e3c2d2c9f8c6d60810302b2ea70ed86e2863dc;rootfs:node_20-slim;source_overlay:webpack__webpack.24e3c2d2:root;test_transform_cache:webpack__webpack.24e3c2d2:root:jest:8138d968425d
random,random_seed_37,37,10,swesmith/webpack__webpack.24e3c2d2,swesmith/reactjs__react-transition-group.2989b5b8,62,46,diff_node_diff_rootfs|same_test_tool|low_overlap|native_abi_change|rootfs_change,338295.382458,302018.625378,36276.75708,0.120114,-36276.75708,0,8,9,False,False,False,False,False,True,False,0.0,11.357465500000002,302007.267912,0.0,0.0,,build_cache:reactjs__react-transition-group.2989b5b8:root:babel:d8eb49b0cb73;build_cache:reactjs__react-transition-group.2989b5b8:root:next:d8eb49b0cb73;build_cache:reactjs__react-transition-group.2989b5b8:root:rollup:d8eb49b0cb73;dependency_view:reactjs__react-transition-group.2989b5b8:root:670f3bc8796f5ef3;node_runtime:18.19.1:linux:x86_64:glibc:abi109;repo_baseline:reactjs__react-transition-group:2989b5b87b4b4d1001f21c8efa503049ffb4fe8d;rootfs:node_18-slim;source_overlay:reactjs__react-transition-group.2989b5b8:root;test_transform_cache:reactjs__react-transition-group.2989b5b8:root:jest:d8eb49b0cb73
random,random_seed_37,37,11,swesmith/reactjs__react-transition-group.2989b5b8,swesmith/NativeScript__NativeScript.3d6a4392,46,35,diff_node_diff_rootfs|low_overlap|native_abi_change|rootfs_change,131101.985931,117052.55121,14049.434721,0.120027,-14049.434721,0,9,7,False,False,False,False,False,False,False,0.0,11.357465500000002,117041.193745,0.0,0.0,,build_cache:NativeScript__NativeScript.3d6a4392:root:nx:66d2167c1bf8;dependency_view:NativeScript__NativeScript.3d6a4392:root:085e1f7ccbe42f25;native_binary_bundle:NativeScript__NativeScript.3d6a4392:root:@swc_core:115;node_runtime:20.19.1:linux:x86_64:glibc:abi115;repo_baseline:NativeScript__NativeScript:3d6a4392f6008e4f43f8f5439a256c50e3707101;rootfs:node_20;source_overlay:NativeScript__NativeScript.3d6a4392:root
random,random_seed_37,37,12,swesmith/NativeScript__NativeScript.3d6a4392,swesmith/Automattic__mongoose.5f57a5bb,35,4,diff_node_diff_rootfs|low_overlap|native_abi_change|rootfs_change,36977.779088,33213.760235,3764.018853,0.113327,-3764.018853,0,7,6,False,False,False,False,False,False,False,0.0,11.357465500000002,33202.40277,0.0,0.0,,dependency_view:Automattic__mongoose.5f57a5bb:root:f4a039d5d472a10b;node_runtime:18.19.1:linux:x86_64:glibc:abi109;repo_baseline:Automattic__mongoose:5f57a5bbb2e8dfed8d04be47cdd17728633c44c1;rootfs:node_18-bullseye;source_overlay:Automattic__mongoose.5f57a5bb:root;test_transform_cache:Automattic__mongoose.5f57a5bb:root:mocha:0f744702c7e7
random,random_seed_37,37,13,swesmith/Automattic__mongoose.5f57a5bb,swesmith/remy__nodemon.daad5c16,4,50,same_node_diff_rootfs|same_test_tool|low_overlap|rootfs_change,37218.61291,33213.760235,4004.852674,0.120578,-4004.852674,1,5,5,True,False,False,False,False,True,False,0.0,11.357465500000002,33202.40277,0.0,0.0,node_runtime:18.19.1:linux:x86_64:glibc:abi109,dependency_view:remy__nodemon.daad5c16:root:e2111c2b7033d511;repo_baseline:remy__nodemon:daad5c162919fa6abff53be16832bdf55f2204ad;rootfs:node_18-slim;source_overlay:remy__nodemon.daad5c16:root;test_transform_cache:remy__nodemon.daad5c16:root:mocha:93608e3893b6
random,random_seed_37,37,14,swesmith/remy__nodemon.daad5c16,swesmith/jaredpalmer__formik.91475adb,50,27,same_node_same_rootfs,218264.176056,185908.074393,32356.101663,0.174044,-32356.101663,2,4,6,True,True,False,False,False,False,False,132.289401,0.0494345,185775.735557,0.0,0.0,node_runtime:18.19.1:linux:x86_64:glibc:abi109;rootfs:node_18-slim,build_cache:jaredpalmer__formik.91475adb:root:changesets:be61650024fa;build_cache:jaredpalmer__formik.91475adb:root:turbo:be61650024fa;dependency_view:jaredpalmer__formik.91475adb:root:0ea1f56b0c1e2753;repo_baseline:jaredpalmer__formik:91475adbf33579561e580eceea0c031f4ec2e992;source_overlay:jaredpalmer__formik.91475adb:root;test_transform_cache:jaredpalmer__formik.91475adb:root:playwright:be61650024fa
random,random_seed_37,37,15,swesmith/jaredpalmer__formik.91475adb,swesmith/microsoft__vscode.4166e90a,27,33,diff_node_diff_rootfs|same_test_tool|low_overlap|native_abi_change|rootfs_change,246124.787153,219751.516755,26373.270398,0.120014,-26373.270398,0,8,10,False,False,False,False,False,True,False,0.0,11.357465500000002,219740.159289,0.0,0.0,,build_cache:microsoft__vscode.4166e90a:root:gulp:742f21cec0ed;build_cache:microsoft__vscode.4166e90a:root:next:742f21cec0ed;dependency_view:microsoft__vscode.4166e90a:root:ebafff009f16e711;native_binary_bundle:microsoft__vscode.4166e90a:root:@vscode_sqlite3:127;node_runtime:22.23.2:linux:x86_64:glibc:abi127;repo_baseline:microsoft__vscode:4166e90ac290db7f77800a4f6702903ea4eed476;rootfs:node_22-bookworm;source_overlay:microsoft__vscode.4166e90a:root;test_transform_cache:microsoft__vscode.4166e90a:root:mocha:742f21cec0ed;test_transform_cache:microsoft__vscode.4166e90a:root:playwright:742f21cec0ed
random,random_seed_37,37,16,swesmith/microsoft__vscode.4166e90a,swesmith/novnc__noVNC.d44f7e04,33,41,diff_node_diff_rootfs|low_overlap|native_abi_change|rootfs_change,37239.725965,33213.760235,4025.965729,0.121214,-4025.965729,0,10,6,False,False,False,False,False,False,False,0.0,11.357465500000002,33202.40277,0.0,0.0,,dependency_view:novnc__noVNC.d44f7e04:root:325dd23a06d3378b;node_runtime:20.19.1:linux:x86_64:glibc:abi115;repo_baseline:novnc__noVNC:d44f7e04fc456844836c7c5ac911d0f4e8dd06e6;rootfs:node_20-slim;source_overlay:novnc__noVNC.d44f7e04:root;test_transform_cache:novnc__noVNC.d44f7e04:root:karma:f5696d664a68
random,random_seed_37,37,17,swesmith/novnc__noVNC.d44f7e04,swesmith/bpampuch__pdfmake.719e7314,41,10,diff_node_diff_rootfs|low_overlap|native_abi_change|rootfs_change,230773.436401,212417.003664,18356.432737,0.086417,-18356.432737,0,6,8,False,False,False,False,False,False,False,0.0,11.357465500000002,212405.646198,0.0,0.0,,build_cache:bpampuch__pdfmake.719e7314:root:babel:530210e657f9;build_cache:bpampuch__pdfmake.719e7314:root:webpack:530210e657f9;dependency_view:bpampuch__pdfmake.719e7314:root:cbdd674906fcd63a;node_runtime:18.19.1:linux:x86_64:glibc:abi109;repo_baseline:bpampuch__pdfmake:719e73140cce75a792f7f419c27fc33a230e73d2;rootfs:node_18-slim;source_overlay:bpampuch__pdfmake.719e7314:root;test_transform_cache:bpampuch__pdfmake.719e7314:root:mocha:530210e657f9
random,random_seed_37,37,18,swesmith/bpampuch__pdfmake.719e7314,swesmith/umijs__qiankun.693cdde7,10,59,same_node_same_rootfs,117744.017116,89757.780764,27986.236353,0.311797,-27986.236353,2,6,4,True,True,False,False,False,False,False,132.289401,0.0494345,89625.441928,0.0,0.0,node_runtime:18.19.1:linux:x86_64:glibc:abi109;rootfs:node_18-slim,build_cache:umijs__qiankun.693cdde7:root:changesets:39fec7936def;dependency_view:umijs__qiankun.693cdde7:root:af8a3045705a19cc;repo_baseline:umijs__qiankun:693cdde75049830820ff9490dd267f9701db25e6;source_overlay:umijs__qiankun.693cdde7:root
random,random_seed_37,37,19,swesmith/umijs__qiankun.693cdde7,swesmith/nestjs__nest.346c9543,59,37,diff_node_diff_rootfs|low_overlap|native_abi_change|rootfs_change,439235.960371,392406.088268,46829.872103,0.11934,-46829.872103,0,6,11,False,False,False,False,False,False,False,0.0,11.357465500000002,392394.73080200003,0.0,0.0,,build_cache:nestjs__nest.346c9543:root:gulp:892e8dc67f5f;build_cache:nestjs__nest.346c9543:root:lerna:892e8dc67f5f;build_cache:nestjs__nest.346c9543:root:next:892e8dc67f5f;build_cache:nestjs__nest.346c9543:root:typescript:892e8dc67f5f;dependency_view:nestjs__nest.346c9543:root:1757422535048d10;native_binary_bundle:nestjs__nest.346c9543:root:@grpc_grpc-js:115;node_runtime:20.19.1:linux:x86_64:glibc:abi115;repo_baseline:nestjs__nest:346c9543120c692f314bdbf55fc9956d2fa6d87e;rootfs:node_20-slim;source_overlay:nestjs__nest.346c9543:root;test_transform_cache:nestjs__nest.346c9543:root:mocha:892e8dc67f5f
random,random_seed_37,37,20,swesmith/nestjs__nest.346c9543,swesmith/svg__svgo.c06d8f68,37,55,same_node_same_rootfs|same_build_tool,225432.305793,185792.178397,39640.127396,0.213357,-39640.127396,2,9,6,True,True,False,False,True,False,False,16.393405,0.0494345,185775.735557,0.0,0.0,node_runtime:20.19.1:linux:x86_64:glibc:abi115;rootfs:node_20-slim,build_cache:svg__svgo.c06d8f68:root:rollup:2b58ff2876b3;build_cache:svg__svgo.c06d8f68:root:typescript:2b58ff2876b3;dependency_view:svg__svgo.c06d8f68:root:e3122b4a0e1aa47b;repo_baseline:svg__svgo:c06d8f6899788defae9594537063c2f4307803e4;source_overlay:svg__svgo.c06d8f68:root;test_transform_cache:svg__svgo.c06d8f68:root:jest:2b58ff2876b3
random,random_seed_37,37,21,swesmith/svg__svgo.c06d8f68,swesmith/homebridge__homebridge.3a341e08,55,23,same_node_same_rootfs|same_build_tool|same_test_tool,125078.489473,96190.556682,28887.932791,0.30032,-28887.932791,2,6,5,True,True,False,False,True,True,False,16.393405,0.0494345,96174.113843,0.0,0.0,node_runtime:20.19.1:linux:x86_64:glibc:abi115;rootfs:node_20-slim,build_cache:homebridge__homebridge.3a341e08:root:typescript:cb88c6110fb6;dependency_view:homebridge__homebridge.3a341e08:root:5aba58d9ad81636b;repo_baseline:homebridge__homebridge:3a341e0838c99abfdf7a2d76e5e1e2a2af7ccb09;source_overlay:homebridge__homebridge.3a341e08:root;test_transform_cache:homebridge__homebridge.3a341e08:root:jest:cb88c6110fb6
random,random_seed_37,37,22,swesmith/homebridge__homebridge.3a341e08,swesmith/marmelab__react-admin.823caa0b,23,31,same_node_diff_rootfs|same_test_tool|low_overlap|rootfs_change,144906.941774,129364.053864,15542.88791,0.120148,-15542.88791,1,6,7,True,False,False,False,False,True,False,0.0,11.357465500000002,129352.696399,0.0,0.0,node_runtime:20.19.1:linux:x86_64:glibc:abi115,build_cache:marmelab__react-admin.823caa0b:root:lerna:2ae6a8efe6cf;dependency_view:marmelab__react-admin.823caa0b:root:f178fcbaf6a59b3b;repo_baseline:marmelab__react-admin:823caa0b6489fc8133685525e22d30ddf57643fa;rootfs:node_20-bullseye-slim;source_overlay:marmelab__react-admin.823caa0b:root;test_transform_cache:marmelab__react-admin.823caa0b:root:cypress:2ae6a8efe6cf;test_transform_cache:marmelab__react-admin.823caa0b:root:jest:2ae6a8efe6cf
random,random_seed_37,37,23,swesmith/marmelab__react-admin.823caa0b,swesmith/Netflix__falcor.39d64776,31,38,diff_node_diff_rootfs|same_test_tool|low_overlap|native_abi_change|rootfs_change,137587.749818,122815.381949,14772.367869,0.120281,-14772.367869,0,8,7,False,False,False,False,False,True,False,0.0,11.357465500000002,122804.024484,0.0,0.0,,build_cache:Netflix__falcor.39d64776:root:gulp:8290bb56acfc;dependency_view:Netflix__falcor.39d64776:root:missing;node_runtime:18.19.1:linux:x86_64:glibc:abi109;repo_baseline:Netflix__falcor:39d64776cf9d87781b2791615dcbae73b2bcd2e1;rootfs:node_18-slim;source_overlay:Netflix__falcor.39d64776:root;test_transform_cache:Netflix__falcor.39d64776:root:jest:8290bb56acfc
random,random_seed_37,37,24,swesmith/Netflix__falcor.39d64776,swesmith/OpenCut-app__OpenCut.e84c0cfd,38,42,diff_node_diff_rootfs|low_overlap|native_abi_change|rootfs_change,130253.277461,116266.710034,13986.567427,0.120297,-13986.567427,0,7,6,False,False,False,False,False,False,False,0.0,11.357465500000002,116255.352569,0.0,0.0,,build_cache:OpenCut-app__OpenCut.e84c0cfd:root:turbo:f3e6c1048a0e;dependency_view:OpenCut-app__OpenCut.e84c0cfd:root:34da0118cee1c5ca;node_runtime:unknown.x-unavailable:linux:x86_64:glibc:abiunknown;repo_baseline:OpenCut-app__OpenCut:e84c0cfda6784abb9bcb72aae757233cd8951780;rootfs:unknown;source_overlay:OpenCut-app__OpenCut.e84c0cfd:root
random,random_seed_37,37,25,swesmith/OpenCut-app__OpenCut.e84c0cfd,swesmith/directus__directus.ac922d18,42,14,diff_node_diff_rootfs|low_overlap|native_abi_change|rootfs_change,29905.21342,26665.08832,3240.1251,0.121512,-3240.1251,0,6,5,False,False,False,False,False,False,False,0.0,11.357465500000002,26653.730854999998,0.0,0.0,,dependency_view:directus__directus.ac922d18:root:2b92fcea821d0732;node_runtime:22.23.2:linux:x86_64:glibc:abi127;repo_baseline:directus__directus:ac922d18f6039582a18737a6dc6d1d9a08a194e8;rootfs:node_22-slim;source_overlay:directus__directus.ac922d18:root
random,random_seed_37,37,26,swesmith/directus__directus.ac922d18,swesmith/babel__babel.2ea3fc8f,14,6,diff_node_diff_rootfs|low_overlap|native_abi_change|rootfs_change,29899.420954,26665.08832,3234.332633,0.121295,-3234.332633,0,5,5,False,False,False,False,False,False,False,0.0,11.357465500000002,26653.730854999998,0.0,0.0,,dependency_view:babel__babel.2ea3fc8f:root:fdd0cb43f8868f9e;node_runtime:20.19.1:linux:x86_64:glibc:abi115;repo_baseline:babel__babel:2ea3fc8f9b33a911840f17fbc407e7bfae2ed66f;rootfs:node_20-bullseye;source_overlay:babel__babel.2ea3fc8f:root
random,random_seed_37,37,27,swesmith/babel__babel.2ea3fc8f,swesmith/brianc__node-postgres.ecff60dc,6,11,same_node_diff_rootfs|low_overlap|rootfs_change,223423.603267,205868.331749,17555.271519,0.085274,-17555.271519,1,4,6,True,False,False,False,False,False,False,0.0,11.357465500000002,205856.974283,0.0,0.0,node_runtime:20.19.1:linux:x86_64:glibc:abi115,build_cache:brianc__node-postgres.ecff60dc:root:lerna:f43ed1faaa9b;build_cache:brianc__node-postgres.ecff60dc:root:typescript:f43ed1faaa9b;dependency_view:brianc__node-postgres.ecff60dc:root:ac69cf7675d96f1d;repo_baseline:brianc__node-postgres:ecff60dc8aa0bd1ad5ea8f4623af0756a86dc110;rootfs:node_20-slim;source_overlay:brianc__node-postgres.ecff60dc:root
random,random_seed_37,37,28,swesmith/brianc__node-postgres.ecff60dc,swesmith/Redocly__redoc.d41fd46f,11,47,diff_node_diff_rootfs|same_build_tool|low_overlap|native_abi_change|rootfs_change,244752.184929,218965.675579,25786.509351,0.117765,-25786.509351,0,7,9,False,False,False,False,True,False,False,0.0,11.357465500000002,218954.31811300002,0.0,0.0,,build_cache:Redocly__redoc.d41fd46f:root:typescript:68063787fe82;build_cache:Redocly__redoc.d41fd46f:root:webpack:68063787fe82;dependency_view:Redocly__redoc.d41fd46f:root:398d8eda0bb00a78;node_runtime:18.19.1:linux:x86_64:glibc:abi109;repo_baseline:Redocly__redoc:d41fd46f7cbee86bf83dc17b7ec51baf54f72a54;rootfs:node_18-slim;source_overlay:Redocly__redoc.d41fd46f:root;test_transform_cache:Redocly__redoc.d41fd46f:root:cypress:68063787fe82;test_transform_cache:Redocly__redoc.d41fd46f:root:jest:68063787fe82
random,random_seed_37,37,29,swesmith/Redocly__redoc.d41fd46f,swesmith/bootstrap-vue__bootstrap-vue.9a246f45,47,9,same_node_diff_rootfs|same_test_tool|low_overlap|rootfs_change,137572.429229,122815.381949,14757.04728,0.120156,-14757.04728,1,8,6,True,False,False,False,False,True,False,0.0,11.357465500000002,122804.024484,0.0,0.0,node_runtime:18.19.1:linux:x86_64:glibc:abi109,build_cache:bootstrap-vue__bootstrap-vue.9a246f45:root:rollup:594eccebc247;dependency_view:bootstrap-vue__bootstrap-vue.9a246f45:root:d41e6daa3c100016;repo_baseline:bootstrap-vue__bootstrap-vue:9a246f45fc813f161df291fc7d6197febf8afaf4;rootfs:node_18-bullseye-slim;source_overlay:bootstrap-vue__bootstrap-vue.9a246f45:root;test_transform_cache:bootstrap-vue__bootstrap-vue.9a246f45:root:jest:594eccebc247
random,random_seed_37,37,30,swesmith/bootstrap-vue__bootstrap-vue.9a246f45,swesmith/josdejong__mathjs.04e6e2d7,9,29,same_node_diff_rootfs|low_overlap|rootfs_change,252595.270639,225514.347494,27080.923145,0.120085,-27080.923145,1,6,9,True,False,False,False,False,False,False,0.0,11.357465500000002,225502.99002800003,0.0,0.0,node_runtime:18.19.1:linux:x86_64:glibc:abi109,build_cache:josdejong__mathjs.04e6e2d7:root:gulp:4c7f724eabb4;build_cache:josdejong__mathjs.04e6e2d7:root:typescript:4c7f724eabb4;dependency_view:josdejong__mathjs.04e6e2d7:root:653bb0be0a5e4b8c;repo_baseline:josdejong__mathjs:04e6e2d7a949d6ddc7d7139bf1e3a88e6fe5365b;rootfs:node_18-slim;source_overlay:josdejong__mathjs.04e6e2d7:root;test_transform_cache:josdejong__mathjs.04e6e2d7:root:ava:4c7f724eabb4;test_transform_cache:josdejong__mathjs.04e6e2d7:root:karma:4c7f724eabb4;test_transform_cache:josdejong__mathjs.04e6e2d7:root:mocha:4c7f724eabb4
random,random_seed_37,37,31,swesmith/josdejong__mathjs.04e6e2d7,swesmith/react-hook-form__react-hook-form.3adba2b8,29,44,same_node_same_rootfs|same_build_tool,233552.659514,193242.587484,40310.07203,0.208598,-40310.07203,2,8,8,True,True,False,False,True,False,False,132.289401,0.0494345,193110.248648,0.0,0.0,node_runtime:18.19.1:linux:x86_64:glibc:abi109;rootfs:node_18-slim,build_cache:react-hook-form__react-hook-form.3adba2b8:root:rollup:759c3e15fb55;build_cache:react-hook-form__react-hook-form.3adba2b8:root:typescript:759c3e15fb55;dependency_view:react-hook-form__react-hook-form.3adba2b8:root:f10d22bc872be4f0;native_binary_bundle:react-hook-form__react-hook-form.3adba2b8:root:@swc_core:109;repo_baseline:react-hook-form__react-hook-form:3adba2b816dd50bbca460bbe61df64b50bc6b1da;source_overlay:react-hook-form__react-hook-form.3adba2b8:root;test_transform_cache:react-hook-form__react-hook-form.3adba2b8:root:cypress:759c3e15fb55;test_transform_cache:react-hook-form__react-hook-form.3adba2b8:root:jest:759c3e15fb55
random,random_seed_37,37,32,swesmith/react-hook-form__react-hook-form.3adba2b8,swesmith/tinacms__tinacms.dffb104f,44,56,diff_node_diff_rootfs|low_overlap|native_abi_change|rootfs_change,237941.566138,212417.003664,25524.562474,0.120163,-25524.562474,0,10,8,False,False,False,False,False,False,False,0.0,11.357465500000002,212405.646198,0.0,0.0,,build_cache:tinacms__tinacms.dffb104f:root:changesets:765d0508e257;build_cache:tinacms__tinacms.dffb104f:root:turbo:765d0508e257;dependency_view:tinacms__tinacms.dffb104f:root:45f79d9b7f2dc887;node_runtime:20.19.1:linux:x86_64:glibc:abi115;repo_baseline:tinacms__tinacms:dffb104f1850cabc15f495a5868a33a66295965a;rootfs:node_20-slim;source_overlay:tinacms__tinacms.dffb104f:root;test_transform_cache:tinacms__tinacms.dffb104f:root:playwright:765d0508e257
random,random_seed_37,37,33,swesmith/tinacms__tinacms.dffb104f,swesmith/strapi__strapi.e5b87a54,56,53,same_node_same_rootfs,125864.330649,96976.397859,28887.932791,0.297886,-28887.932791,2,6,6,True,True,False,False,False,False,False,16.393405,0.0494345,96959.955019,0.0,0.0,node_runtime:20.19.1:linux:x86_64:glibc:abi115;rootfs:node_20-slim,build_cache:strapi__strapi.e5b87a54:root:nx:dc747f5541b9;dependency_view:strapi__strapi.e5b87a54:root:6fe14b23a9f92e6c;native_binary_bundle:strapi__strapi.e5b87a54:root:@swc_core:115;repo_baseline:strapi__strapi:e5b87a54008c9de2b3286a4774635dcf69895d9b;source_overlay:strapi__strapi.e5b87a54:root;test_transform_cache:strapi__strapi.e5b87a54:root:jest:dc747f5541b9
random,random_seed_37,37,34,swesmith/strapi__strapi.e5b87a54,swesmith/marko-js__marko.24b9402c,53,30,same_node_same_rootfs,225983.793142,185908.437209,40075.355932,0.215565,-40075.355932,2,6,7,True,True,False,False,False,False,False,16.393405,116.30824750000001,185775.735557,0.0,0.0,node_runtime:20.19.1:linux:x86_64:glibc:abi115;rootfs:node_20-slim,build_cache:marko-js__marko.24b9402c:root:changesets:ae9158e5e102;build_cache:marko-js__marko.24b9402c:root:typescript:ae9158e5e102;dependency_view:marko-js__marko.24b9402c:root:4dafb814ddc2f538;native_binary_bundle:marko-js__marko.24b9402c:root:esbuild:115;repo_baseline:marko-js__marko:24b9402cd54c3a74f200da0f79dd19350995a9ba;source_overlay:marko-js__marko.24b9402c:root;test_transform_cache:marko-js__marko.24b9402c:root:mocha:ae9158e5e102
random,random_seed_37,37,35,swesmith/marko-js__marko.24b9402c,swesmith/mholt__PapaParse.b10b87ef,30,32,diff_node_diff_rootfs|same_test_tool|low_overlap|native_abi_change|rootfs_change,37239.725965,33213.760235,4025.965729,0.121214,-4025.965729,0,9,6,False,False,False,False,False,True,False,0.0,11.357465500000002,33202.40277,0.0,0.0,,dependency_view:mholt__PapaParse.b10b87ef:root:85db9ec387c60c3e;node_runtime:18.19.1:linux:x86_64:glibc:abi109;repo_baseline:mholt__PapaParse:b10b87ef8686c6f88299b50dd25e83606e9c36d4;rootfs:node_18-slim;source_overlay:mholt__PapaParse.b10b87ef:root;test_transform_cache:mholt__PapaParse.b10b87ef:root:mocha:33ffa1b7b9c3
random,random_seed_37,37,36,swesmith/mholt__PapaParse.b10b87ef,swesmith/foliojs__pdfkit.d0108157,32,20,same_node_same_rootfs,122280.265781,97092.293855,25187.971926,0.259423,-25187.971926,2,4,6,True,True,False,False,False,False,False,132.289401,0.0494345,96959.955019,0.0,0.0,node_runtime:18.19.1:linux:x86_64:glibc:abi109;rootfs:node_18-slim,build_cache:foliojs__pdfkit.d0108157:root:rollup:bbc97774e07e;dependency_view:foliojs__pdfkit.d0108157:root:11c27c17439e5efb;native_binary_bundle:foliojs__pdfkit.d0108157:root:canvas:109;repo_baseline:foliojs__pdfkit:d0108157f13d763ad5287a2293436b5a1aecf055;source_overlay:foliojs__pdfkit.d0108157:root;test_transform_cache:foliojs__pdfkit.d0108157:root:jest:bbc97774e07e
random,random_seed_37,37,37,swesmith/foliojs__pdfkit.d0108157,swesmith/refined-github__refined-github.d4a7c3fb,20,49,diff_node_diff_rootfs|same_build_tool|low_overlap|native_abi_change|rootfs_change,237941.566138,212417.003664,25524.562474,0.120163,-25524.562474,0,8,8,False,False,False,False,True,False,False,0.0,11.357465500000002,212405.646198,0.0,0.0,,build_cache:refined-github__refined-github.d4a7c3fb:root:rollup:aa1f302ca640;build_cache:refined-github__refined-github.d4a7c3fb:root:typescript:aa1f302ca640;dependency_view:refined-github__refined-github.d4a7c3fb:root:e375b9cbe15b1aee;node_runtime:22.23.2:linux:x86_64:glibc:abi127;repo_baseline:refined-github__refined-github:d4a7c3fbfebff5f39a3760effbea7273dea0d01c;rootfs:node_22-slim;source_overlay:refined-github__refined-github.d4a7c3fb:root;test_transform_cache:refined-github__refined-github.d4a7c3fb:root:vitest:aa1f302ca640
random,random_seed_37,37,38,swesmith/refined-github__refined-github.d4a7c3fb,swesmith/trpc__trpc.2f40ba93,49,57,same_node_diff_rootfs|same_test_tool|low_overlap|rootfs_change,338280.061869,302018.625378,36261.436491,0.120064,-36261.436491,1,7,8,True,False,False,False,False,True,False,0.0,11.357465500000002,302007.267912,0.0,0.0,node_runtime:22.23.2:linux:x86_64:glibc:abi127,build_cache:trpc__trpc.2f40ba93:root:lerna:8fa8b4550448;build_cache:trpc__trpc.2f40ba93:root:next:8fa8b4550448;build_cache:trpc__trpc.2f40ba93:root:turbo:8fa8b4550448;dependency_view:trpc__trpc.2f40ba93:root:781fb8f3cbe882e8;repo_baseline:trpc__trpc:2f40ba935ad7f7d29eec3f9c45d353450b43e852;rootfs:node_22;source_overlay:trpc__trpc.2f40ba93:root;test_transform_cache:trpc__trpc.2f40ba93:root:vitest:8fa8b4550448
random,random_seed_37,37,39,swesmith/trpc__trpc.2f40ba93,swesmith/necolas__react-native-web.a9de220b,57,36,diff_node_diff_rootfs|low_overlap|native_abi_change|rootfs_change,37239.725965,33213.760235,4025.965729,0.121214,-4025.965729,0,9,6,False,False,False,False,False,False,False,0.0,11.357465500000002,33202.40277,0.0,0.0,,dependency_view:necolas__react-native-web.a9de220b:root:40742e8c9629eceb;node_runtime:18.19.1:linux:x86_64:glibc:abi109;repo_baseline:necolas__react-native-web:a9de220ba9e65bdea540fb5322ffb1da2b0bf442;rootfs:node_18;source_overlay:necolas__react-native-web.a9de220b:root;test_transform_cache:necolas__react-native-web.a9de220b:root:jest:ff4b31c887fd
random,random_seed_37,37,40,swesmith/necolas__react-native-web.a9de220b,swesmith/antvis__G6.91c0ac85,36,3,diff_node_diff_rootfs|low_overlap|native_abi_change|rootfs_change,127517.921063,117052.55121,10465.369852,0.089407,-10465.369852,0,6,7,False,False,False,False,False,False,False,0.0,11.357465500000002,117041.193745,0.0,0.0,,build_cache:antvis__G6.91c0ac85:root:turbo:632cb8ca84bf;dependency_view:antvis__G6.91c0ac85:root:45c81ff4acc7aa0f;native_binary_bundle:antvis__G6.91c0ac85:root:@swc_core:115;node_runtime:20.19.1:linux:x86_64:glibc:abi115;repo_baseline:antvis__G6:91c0ac85e4e636a05bd1a3c5e56a4928d1242a9b;rootfs:node_20;source_overlay:antvis__G6.91c0ac85:root
random,random_seed_37,37,41,swesmith/antvis__G6.91c0ac85,swesmith/mochajs__mocha.410ce0d2,3,34,diff_node_diff_rootfs|low_overlap|native_abi_change|rootfs_change,345106.001249,308567.297293,36538.703957,0.118414,-36538.703957,0,7,10,False,False,False,False,False,False,False,0.0,11.357465500000002,308555.939827,0.0,0.0,,build_cache:mochajs__mocha.410ce0d2:root:rollup:077a5f518284;build_cache:mochajs__mocha.410ce0d2:root:typescript:077a5f518284;build_cache:mochajs__mocha.410ce0d2:root:webpack:077a5f518284;dependency_view:mochajs__mocha.410ce0d2:root:77b617ee60467b9a;node_runtime:22.23.2:linux:x86_64:glibc:abi127;repo_baseline:mochajs__mocha:410ce0d2a0f799aaca2c0bc627294d70c62dd3f4;rootfs:node_22-slim;source_overlay:mochajs__mocha.410ce0d2:root;test_transform_cache:mochajs__mocha.410ce0d2:root:karma:077a5f518284;test_transform_cache:mochajs__mocha.410ce0d2:root:mocha:077a5f518284
random,random_seed_37,37,42,swesmith/mochajs__mocha.410ce0d2,swesmith/ueberdosis__tiptap.2d6de06c,34,58,diff_node_diff_rootfs|low_overlap|native_abi_change|rootfs_change,245276.078683,218965.675579,26310.403104,0.120158,-26310.403104,0,10,9,False,False,False,False,False,False,False,0.0,11.357465500000002,218954.31811300002,0.0,0.0,,build_cache:ueberdosis__tiptap.2d6de06c:root:changesets:85ad102bc603;build_cache:ueberdosis__tiptap.2d6de06c:root:turbo:85ad102bc603;dependency_view:ueberdosis__tiptap.2d6de06c:root:0bd9814a60fd8695;node_runtime:20.19.1:linux:x86_64:glibc:abi115;repo_baseline:ueberdosis__tiptap:2d6de06c34c239e78fedd6bd2a0bcea42d0fdbfa;rootfs:node_20;source_overlay:ueberdosis__tiptap.2d6de06c:root;test_transform_cache:ueberdosis__tiptap.2d6de06c:root:cypress:85ad102bc603;test_transform_cache:ueberdosis__tiptap.2d6de06c:root:vitest:85ad102bc603
random,random_seed_37,37,43,swesmith/ueberdosis__tiptap.2d6de06c,swesmith/emotion-js__emotion.b882bcba,58,16,diff_node_diff_rootfs|same_build_tool|low_overlap|native_abi_change|rootfs_change,237941.566138,212417.003664,25524.562474,0.120163,-25524.562474,0,9,8,False,False,False,False,True,False,False,0.0,11.357465500000002,212405.646198,0.0,0.0,,build_cache:emotion-js__emotion.b882bcba:root:changesets:c2de0d725c3c;build_cache:emotion-js__emotion.b882bcba:root:typescript:c2de0d725c3c;dependency_view:emotion-js__emotion.b882bcba:root:0f78ed9b2143da62;node_runtime:18.19.1:linux:x86_64:glibc:abi109;repo_baseline:emotion-js__emotion:b882bcba85132554992e4bd49e94c95939bbf810;rootfs:node_18-slim;source_overlay:emotion-js__emotion.b882bcba:root;test_transform_cache:emotion-js__emotion.b882bcba:root:jest:c2de0d725c3c
random,random_seed_37,37,44,swesmith/emotion-js__emotion.b882bcba,swesmith/segmentio__evergreen.9b774aee,16,51,same_node_same_rootfs|same_build_tool|same_test_tool,325786.122113,275509.696106,50276.426006,0.182485,-50276.426006,2,6,7,True,True,False,False,True,True,False,132.289401,0.0494345,275377.357271,0.0,0.0,node_runtime:18.19.1:linux:x86_64:glibc:abi109;rootfs:node_18-slim,build_cache:segmentio__evergreen.9b774aee:root:babel:871730dbe504;build_cache:segmentio__evergreen.9b774aee:root:rollup:871730dbe504;build_cache:segmentio__evergreen.9b774aee:root:typescript:871730dbe504;dependency_view:segmentio__evergreen.9b774aee:root:c290fc2f869fd91a;repo_baseline:segmentio__evergreen:9b774aee2d794f6cf2f73a054bd33066ca5898a9;source_overlay:segmentio__evergreen.9b774aee:root;test_transform_cache:segmentio__evergreen.9b774aee:root:jest:871730dbe504
random,random_seed_37,37,45,swesmith/segmentio__evergreen.9b774aee,swesmith/jantimon__html-webpack-plugin.9a39db80,51,26,same_node_same_rootfs|same_build_tool|same_test_tool,225432.305793,185908.074393,39524.2314,0.212601,-39524.2314,2,7,6,True,True,False,False,True,True,False,132.289401,0.0494345,185775.735557,0.0,0.0,node_runtime:18.19.1:linux:x86_64:glibc:abi109;rootfs:node_18-slim,build_cache:jantimon__html-webpack-plugin.9a39db80:root:typescript:03abf47fc179;build_cache:jantimon__html-webpack-plugin.9a39db80:root:webpack:03abf47fc179;dependency_view:jantimon__html-webpack-plugin.9a39db80:root:c9d26828be2c203c;repo_baseline:jantimon__html-webpack-plugin:9a39db807c09d8e6145e5047cfe2ec5e928e1dee;source_overlay:jantimon__html-webpack-plugin.9a39db80:root;test_transform_cache:jantimon__html-webpack-plugin.9a39db80:root:jest:03abf47fc179
random,random_seed_37,37,46,swesmith/jantimon__html-webpack-plugin.9a39db80,swesmith/bluesky-social__social-app.cbd48c85,26,8,diff_node_diff_rootfs|same_build_tool|same_test_tool|low_overlap|native_abi_change|rootfs_change,137587.749818,122815.381949,14772.367869,0.120281,-14772.367869,0,8,7,False,False,False,False,True,True,False,0.0,11.357465500000002,122804.024484,0.0,0.0,,build_cache:bluesky-social__social-app.cbd48c85:root:typescript:4a9667753d9f;dependency_view:bluesky-social__social-app.cbd48c85:root:109982c53979748a;node_runtime:20.19.1:linux:x86_64:glibc:abi115;repo_baseline:bluesky-social__social-app:cbd48c855a57f1a294f4b7362eaadb505bf5f9f6;rootfs:node_20-slim;source_overlay:bluesky-social__social-app.cbd48c85:root;test_transform_cache:bluesky-social__social-app.cbd48c85:root:jest:4a9667753d9f
random,random_seed_37,37,47,swesmith/bluesky-social__social-app.cbd48c85,swesmith/ajayyy__SponsorBlock.dfddffbc,8,2,diff_node_diff_rootfs|same_test_tool|low_overlap|native_abi_change|rootfs_change,137587.749818,122815.381949,14772.367869,0.120281,-14772.367869,0,7,7,False,False,False,False,False,True,False,0.0,11.357465500000002,122804.024484,0.0,0.0,,build_cache:ajayyy__SponsorBlock.dfddffbc:root:webpack:d8254aa65fa6;dependency_view:ajayyy__SponsorBlock.dfddffbc:root:72aaad849c194625;node_runtime:18.19.1:linux:x86_64:glibc:abi109;repo_baseline:ajayyy__SponsorBlock:dfddffbc5128dbc55b4dc7c83cdcd18787f48ba4;rootfs:node_18-slim;source_overlay:ajayyy__SponsorBlock.dfddffbc:root;test_transform_cache:ajayyy__SponsorBlock.dfddffbc:root:jest:d8254aa65fa6
random,random_seed_37,37,48,swesmith/ajayyy__SponsorBlock.dfddffbc,swesmith/axios__axios.ef36347f,2,5,same_node_diff_rootfs|low_overlap|rootfs_change,245260.758094,218965.675579,26295.082515,0.120088,-26295.082515,1,6,8,True,False,False,False,False,False,False,0.0,11.357465500000002,218954.31811300002,0.0,0.0,node_runtime:18.19.1:linux:x86_64:glibc:abi109,build_cache:axios__axios.ef36347f:root:gulp:0b40dadaf3bd;build_cache:axios__axios.ef36347f:root:rollup:0b40dadaf3bd;dependency_view:axios__axios.ef36347f:root:2346329f530df5bd;repo_baseline:axios__axios:ef36347fb559383b04c755b07f1a8d11897fab7f;rootfs:node_18-bullseye;source_overlay:axios__axios.ef36347f:root;test_transform_cache:axios__axios.ef36347f:root:karma:0b40dadaf3bd;test_transform_cache:axios__axios.ef36347f:root:mocha:0b40dadaf3bd
random,random_seed_37,37,49,swesmith/axios__axios.ef36347f,swesmith/josdejong__jsoneditor.0319b213,5,28,diff_node_diff_rootfs|same_build_tool|same_test_tool|low_overlap|native_abi_change|rootfs_change,237941.566138,212417.003664,25524.562474,0.120163,-25524.562474,0,9,8,False,False,False,False,True,True,False,0.0,11.357465500000002,212405.646198,0.0,0.0,,build_cache:josdejong__jsoneditor.0319b213:root:babel:be56cc981d38;build_cache:josdejong__jsoneditor.0319b213:root:gulp:be56cc981d38;dependency_view:josdejong__jsoneditor.0319b213:root:fba013e11b2e4bd9;node_runtime:20.19.1:linux:x86_64:glibc:abi115;repo_baseline:josdejong__jsoneditor:0319b2131df47f1220d74e3ff174d5c02973ec7d;rootfs:node_20-slim;source_overlay:josdejong__jsoneditor.0319b213:root;test_transform_cache:josdejong__jsoneditor.0319b213:root:mocha:be56cc981d38
random,random_seed_37,37,50,swesmith/josdejong__jsoneditor.0319b213,swesmith/humanlayer__12-factor-agents.d20c7283,28,24,same_node_same_rootfs,17395.993263,40.263053,17355.73021,431.058469,-17355.73021,2,6,3,True,True,False,False,False,False,False,16.393405,0.0494345,23.820214,0.0,0.0,node_runtime:20.19.1:linux:x86_64:glibc:abi115;rootfs:node_20-slim,dependency_view:humanlayer__12-factor-agents.d20c7283:packages_walkthroughgen:231f2c674eecc38e;repo_baseline:humanlayer__12-factor-agents:d20c728368bf9c189d6d7aab704744decb6ec0cc;source_overlay:humanlayer__12-factor-agents.d20c7283:packages_walkthroughgen
random,random_seed_37,37,51,swesmith/humanlayer__12-factor-agents.d20c7283,swesmith/foambubble__foam.2cac8162,24,19,diff_node_diff_rootfs|low_overlap|native_abi_change|rootfs_change,126669.172405,116266.710034,10402.46237,0.089471,-10402.46237,0,5,6,False,False,False,False,False,False,False,0.0,11.357465500000002,116255.352569,0.0,0.0,,build_cache:foambubble__foam.2cac8162:root:lerna:2510f8df8165;dependency_view:foambubble__foam.2cac8162:root:8118db77d559a658;node_runtime:18.19.1:linux:x86_64:glibc:abi109;repo_baseline:foambubble__foam:2cac816272157f3a964b30adf4f29c0b2973cce8;rootfs:node_18;source_overlay:foambubble__foam.2cac8162:root
random,random_seed_37,37,52,swesmith/foambubble__foam.2cac8162,swesmith/coder__code-server.e90504b8,19,13,diff_node_diff_rootfs|low_overlap|native_abi_change|rootfs_change,29905.21342,26665.08832,3240.1251,0.121512,-3240.1251,0,6,5,False,False,False,False,False,False,False,0.0,11.357465500000002,26653.730854999998,0.0,0.0,,dependency_view:coder__code-server.e90504b8:root:cc86648d271cc663;node_runtime:22.23.2:linux:x86_64:glibc:abi127;repo_baseline:coder__code-server:e90504b8cf1d73c36d902bbaaec7bab33f15c42e;rootfs:node_22-bookworm-slim;source_overlay:coder__code-server.e90504b8:root
random,random_seed_37,37,53,swesmith/coder__code-server.e90504b8,swesmith/voideditor__void.17e7a5b1,13,61,diff_node_diff_rootfs|low_overlap|native_abi_change|rootfs_change,335202.515114,309353.138469,25849.376645,0.083559,-25849.376645,0,5,11,False,False,False,False,False,False,False,0.0,11.357465500000002,309341.78100300004,0.0,0.0,,build_cache:voideditor__void.17e7a5b1:root:gulp:0426f7949e03;build_cache:voideditor__void.17e7a5b1:root:next:0426f7949e03;build_cache:voideditor__void.17e7a5b1:root:typescript:0426f7949e03;dependency_view:voideditor__void.17e7a5b1:root:6522748bd07c0bd9;native_binary_bundle:voideditor__void.17e7a5b1:root:@vscode_sqlite3:115;node_runtime:20.19.1:linux:x86_64:glibc:abi115;repo_baseline:voideditor__void:17e7a5b1524345b19ab4ee38ec4f9b1b75a1bd00;rootfs:node_20-bookworm;source_overlay:voideditor__void.17e7a5b1:root;test_transform_cache:voideditor__void.17e7a5b1:root:mocha:0426f7949e03;test_transform_cache:voideditor__void.17e7a5b1:root:playwright:0426f7949e03
random,random_seed_37,37,54,swesmith/voideditor__void.17e7a5b1,swesmith/fabricjs__fabric.js.6742471c,61,18,same_node_diff_rootfs|same_build_tool|same_test_tool|low_overlap|rootfs_change,145787.083891,130149.89504,15637.188851,0.120148,-15637.188851,1,10,8,True,False,False,False,True,True,False,0.0,11.357465500000002,130138.537575,0.0,0.0,node_runtime:20.19.1:linux:x86_64:glibc:abi115,build_cache:fabricjs__fabric.js.6742471c:root:typescript:bdce61823eab;dependency_view:fabricjs__fabric.js.6742471c:root:56b6543f933cb2b3;native_binary_bundle:fabricjs__fabric.js.6742471c:root:canvas:115;repo_baseline:fabricjs__fabric.js:6742471c23e5fd8afbb1282246b4b785455c8c17;rootfs:node_20-slim;source_overlay:fabricjs__fabric.js.6742471c:root;test_transform_cache:fabricjs__fabric.js.6742471c:root:playwright:bdce61823eab;test_transform_cache:fabricjs__fabric.js.6742471c:root:vitest:bdce61823eab
random,random_seed_37,37,55,swesmith/fabricjs__fabric.js.6742471c,swesmith/caolan__async.23dbf76a,18,12,diff_node_diff_rootfs|low_overlap|native_abi_change|rootfs_change,44574.23851,39762.43215,4811.806359,0.121014,-4811.806359,0,9,7,False,False,False,False,False,False,False,0.0,11.357465500000002,39751.074685,0.0,0.0,,dependency_view:caolan__async.23dbf76a:root:579fe631d378a055;node_runtime:18.19.1:linux:x86_64:glibc:abi109;repo_baseline:caolan__async:23dbf76aeb04c7c3dd56276115b277e3fa9dd5cc;rootfs:node_18-bullseye;source_overlay:caolan__async.23dbf76a:root;test_transform_cache:caolan__async.23dbf76a:root:karma:73168162c1db;test_transform_cache:caolan__async.23dbf76a:root:mocha:73168162c1db
random,random_seed_37,37,56,swesmith/caolan__async.23dbf76a,swesmith/nightwatchjs__nightwatch.54c8550c,12,39,same_node_diff_rootfs|same_test_tool|low_overlap|rootfs_change,38067.32138,33999.601411,4067.719968,0.11964,-4067.719968,1,6,6,True,False,False,False,False,True,False,0.0,11.357465500000002,33988.243946,0.0,0.0,node_runtime:18.19.1:linux:x86_64:glibc:abi109,dependency_view:nightwatchjs__nightwatch.54c8550c:root:4a947b8a3bf39687;native_binary_bundle:nightwatchjs__nightwatch.54c8550c:root:@swc_core:109;repo_baseline:nightwatchjs__nightwatch:54c8550c75a16c61827c0bad043c7ffa073a52e6;rootfs:node_18-slim;source_overlay:nightwatchjs__nightwatch.54c8550c:root;test_transform_cache:nightwatchjs__nightwatch.54c8550c:root:mocha:34743ed160a3
random,random_seed_37,37,57,swesmith/nightwatchjs__nightwatch.54c8550c,swesmith/FuelLabs__fuels-ts.b3f37c91,39,21,diff_node_diff_rootfs|low_overlap|native_abi_change|rootfs_change,327543.187852,302018.625378,25524.562474,0.084513,-25524.562474,0,7,9,False,False,False,False,False,False,False,0.0,11.357465500000002,302007.267912,0.0,0.0,,build_cache:FuelLabs__fuels-ts.b3f37c91:root:changesets:b55338e227a8;build_cache:FuelLabs__fuels-ts.b3f37c91:root:turbo:b55338e227a8;build_cache:FuelLabs__fuels-ts.b3f37c91:root:typescript:b55338e227a8;dependency_view:FuelLabs__fuels-ts.b3f37c91:root:471ddc5c5a27de32;node_runtime:20.19.1:linux:x86_64:glibc:abi115;repo_baseline:FuelLabs__fuels-ts:b3f37c91aca4aa9d5e4c0d3967f66237190826ea;rootfs:node_20;source_overlay:FuelLabs__fuels-ts.b3f37c91:root;test_transform_cache:FuelLabs__fuels-ts.b3f37c91:root:vitest:b55338e227a8
random,random_seed_37,37,58,swesmith/FuelLabs__fuels-ts.b3f37c91,swesmith/Shopify__draggable.8a1eed57,21,52,same_node_same_rootfs|same_build_tool,325786.122113,275393.800111,50392.322002,0.182983,-50392.322002,2,7,7,True,True,False,False,True,False,False,16.393405,0.0494345,275377.357271,0.0,0.0,node_runtime:20.19.1:linux:x86_64:glibc:abi115;rootfs:node_20,build_cache:Shopify__draggable.8a1eed57:root:changesets:75fa7c4af02e;build_cache:Shopify__draggable.8a1eed57:root:rollup:75fa7c4af02e;build_cache:Shopify__draggable.8a1eed57:root:typescript:75fa7c4af02e;dependency_view:Shopify__draggable.8a1eed57:root:5951b44524aa69b1;repo_baseline:Shopify__draggable:8a1eed57f3ab2dff9371e8ce60fb39ac85871e8d;source_overlay:Shopify__draggable.8a1eed57:root;test_transform_cache:Shopify__draggable.8a1eed57:root:jest:75fa7c4af02e
random,random_seed_37,37,59,swesmith/Shopify__draggable.8a1eed57,swesmith/enzymejs__enzyme.61e1b47c,52,17,diff_node_diff_rootfs|low_overlap|native_abi_change|rootfs_change,144922.262363,129364.053864,15558.208498,0.120267,-15558.208498,0,9,8,False,False,False,False,False,False,False,0.0,11.357465500000002,129352.696399,0.0,0.0,,build_cache:enzymejs__enzyme.61e1b47c:root:lerna:4103008f3c25;dependency_view:enzymejs__enzyme.61e1b47c:root:414c164bd62a9324;node_runtime:18.19.1:linux:x86_64:glibc:abi109;repo_baseline:enzymejs__enzyme:61e1b47c4bdc4509b2ac286c0d3ae3df172d26f0;rootfs:node_18-slim;source_overlay:enzymejs__enzyme.61e1b47c:root;test_transform_cache:enzymejs__enzyme.61e1b47c:root:karma:4103008f3c25;test_transform_cache:enzymejs__enzyme.61e1b47c:root:mocha:4103008f3c25
random,random_seed_37,37,60,swesmith/enzymejs__enzyme.61e1b47c,swesmith/Effect-TS__effect.5df4da10,17,15,diff_node_diff_rootfs|low_overlap|native_abi_change|rootfs_change,237941.566138,212417.003664,25524.562474,0.120163,-25524.562474,0,8,8,False,False,False,False,False,False,False,0.0,11.357465500000002,212405.646198,0.0,0.0,,build_cache:Effect-TS__effect.5df4da10:root:changesets:3936ee7940b9;build_cache:Effect-TS__effect.5df4da10:root:typescript:3936ee7940b9;dependency_view:Effect-TS__effect.5df4da10:root:61e1a82d9173e1a4;node_runtime:20.19.1:linux:x86_64:glibc:abi115;repo_baseline:Effect-TS__effect:5df4da10de444f379a166f4b28721e75100bb838;rootfs:node_20-slim;source_overlay:Effect-TS__effect.5df4da10:root;test_transform_cache:Effect-TS__effect.5df4da10:root:vitest:3936ee7940b9
random,random_seed_37,37,61,swesmith/Effect-TS__effect.5df4da10,swesmith/websockets__ws.726c3732,15,63,diff_node_diff_rootfs|low_overlap|native_abi_change|rootfs_change,37239.725965,33213.760235,4025.965729,0.121214,-4025.965729,0,8,6,False,False,False,False,False,False,False,0.0,11.357465500000002,33202.40277,0.0,0.0,,dependency_view:websockets__ws.726c3732:root:76eb131f76afa769;node_runtime:18.19.1:linux:x86_64:glibc:abi109;repo_baseline:websockets__ws:726c3732b3e5319219ed73cac4826fd36917e2e1;rootfs:node_18-slim;source_overlay:websockets__ws.726c3732:root;test_transform_cache:websockets__ws.726c3732:root:mocha:aaedef2a72b6
random,random_seed_37,37,62,swesmith/websockets__ws.726c3732,swesmith/GitbookIO__gitbook.81f8ddcf,63,22,diff_node_diff_rootfs|low_overlap|native_abi_change|rootfs_change,223438.964044,205868.331749,17570.632295,0.085349,-17570.632295,0,6,7,False,False,False,False,False,False,False,0.0,11.357465500000002,205856.974283,0.0,0.0,,build_cache:GitbookIO__gitbook.81f8ddcf:root:changesets:88b89ad9c0ff;build_cache:GitbookIO__gitbook.81f8ddcf:root:turbo:88b89ad9c0ff;dependency_view:GitbookIO__gitbook.81f8ddcf:root:b1ab37fbc3435ed4;node_runtime:unknown.x-unavailable:linux:x86_64:glibc:abiunknown;repo_baseline:GitbookIO__gitbook:81f8ddcf27ec398a33b6f676a81e9a791b673ce2;rootfs:unknown;source_overlay:GitbookIO__gitbook.81f8ddcf:root
random,random_seed_37,37,63,swesmith/GitbookIO__gitbook.81f8ddcf,swesmith/iamkun__dayjs.c8a26460,22,25,diff_node_diff_rootfs|low_overlap|native_abi_change|rootfs_change,144398.36861,129364.053864,15034.314745,0.116217,-15034.314745,0,7,8,False,False,False,False,False,False,False,0.0,11.357465500000002,129352.696399,0.0,0.0,,build_cache:iamkun__dayjs.c8a26460:root:babel:9ed6e5f7fd04;dependency_view:iamkun__dayjs.c8a26460:root:c68f1e093a72eecf;node_runtime:18.19.1:linux:x86_64:glibc:abi109;repo_baseline:iamkun__dayjs:c8a26460d89a2ee9a7d3b9cafa124ea856ee883f;rootfs:node_18-bullseye;source_overlay:iamkun__dayjs.c8a26460:root;test_transform_cache:iamkun__dayjs.c8a26460:root:jest:9ed6e5f7fd04;test_transform_cache:iamkun__dayjs.c8a26460:root:karma:9ed6e5f7fd04
random,random_seed_53,53,1,swesmith/advplyr__audiobookshelf.626596b1,swesmith/novnc__noVNC.d44f7e04,1,41,diff_node_diff_rootfs|low_overlap|native_abi_change|rootfs_change,37233.933498,33213.760235,4020.173263,0.121039,-4020.173263,0,10,6,False,False,False,False,False,False,False,0.0,11.357465500000002,33202.40277,0.0,0.0,,dependency_view:novnc__noVNC.d44f7e04:root:325dd23a06d3378b;node_runtime:20.19.1:linux:x86_64:glibc:abi115;repo_baseline:novnc__noVNC:d44f7e04fc456844836c7c5ac911d0f4e8dd06e6;rootfs:node_20-slim;source_overlay:novnc__noVNC.d44f7e04:root;test_transform_cache:novnc__noVNC.d44f7e04:root:karma:f5696d664a68
random,random_seed_53,53,2,swesmith/novnc__noVNC.d44f7e04,swesmith/trpc__trpc.2f40ba93,41,57,diff_node_diff_rootfs|low_overlap|native_abi_change|rootfs_change,327543.187852,302018.625378,25524.562474,0.084513,-25524.562474,0,6,9,False,False,False,False,False,False,False,0.0,11.357465500000002,302007.267912,0.0,0.0,,build_cache:trpc__trpc.2f40ba93:root:lerna:8fa8b4550448;build_cache:trpc__trpc.2f40ba93:root:next:8fa8b4550448;build_cache:trpc__trpc.2f40ba93:root:turbo:8fa8b4550448;dependency_view:trpc__trpc.2f40ba93:root:781fb8f3cbe882e8;node_runtime:22.23.2:linux:x86_64:glibc:abi127;repo_baseline:trpc__trpc:2f40ba935ad7f7d29eec3f9c45d353450b43e852;rootfs:node_22;source_overlay:trpc__trpc.2f40ba93:root;test_transform_cache:trpc__trpc.2f40ba93:root:vitest:8fa8b4550448
random,random_seed_53,53,3,swesmith/trpc__trpc.2f40ba93,swesmith/vitejs__vite.8b47ff76,57,60,same_node_diff_rootfs|same_test_tool|low_overlap|rootfs_change,137572.429229,122815.381949,14757.04728,0.120156,-14757.04728,1,8,6,True,False,False,False,False,True,False,0.0,11.357465500000002,122804.024484,0.0,0.0,node_runtime:22.23.2:linux:x86_64:glibc:abi127,build_cache:vitejs__vite.8b47ff76:root:typescript:c0d87b3d7479;dependency_view:vitejs__vite.8b47ff76:root:7fb655fa88697a9a;repo_baseline:vitejs__vite:8b47ff76d28630b4dc39c77fbd2762b4c36ad23d;rootfs:node_22-bullseye-slim;source_overlay:vitejs__vite.8b47ff76:root;test_transform_cache:vitejs__vite.8b47ff76:root:vitest:c0d87b3d7479
random,random_seed_53,53,4,swesmith/vitejs__vite.8b47ff76,swesmith/Effect-TS__effect.5df4da10,60,15,diff_node_diff_rootfs|same_build_tool|same_test_tool|low_overlap|native_abi_change|rootfs_change,237941.566138,212417.003664,25524.562474,0.120163,-25524.562474,0,7,8,False,False,False,False,True,True,False,0.0,11.357465500000002,212405.646198,0.0,0.0,,build_cache:Effect-TS__effect.5df4da10:root:changesets:3936ee7940b9;build_cache:Effect-TS__effect.5df4da10:root:typescript:3936ee7940b9;dependency_view:Effect-TS__effect.5df4da10:root:61e1a82d9173e1a4;node_runtime:20.19.1:linux:x86_64:glibc:abi115;repo_baseline:Effect-TS__effect:5df4da10de444f379a166f4b28721e75100bb838;rootfs:node_20-slim;source_overlay:Effect-TS__effect.5df4da10:root;test_transform_cache:Effect-TS__effect.5df4da10:root:vitest:3936ee7940b9
random,random_seed_53,53,5,swesmith/Effect-TS__effect.5df4da10,swesmith/mholt__PapaParse.b10b87ef,15,32,diff_node_diff_rootfs|low_overlap|native_abi_change|rootfs_change,37239.725965,33213.760235,4025.965729,0.121214,-4025.965729,0,8,6,False,False,False,False,False,False,False,0.0,11.357465500000002,33202.40277,0.0,0.0,,dependency_view:mholt__PapaParse.b10b87ef:root:85db9ec387c60c3e;node_runtime:18.19.1:linux:x86_64:glibc:abi109;repo_baseline:mholt__PapaParse:b10b87ef8686c6f88299b50dd25e83606e9c36d4;rootfs:node_18-slim;source_overlay:mholt__PapaParse.b10b87ef:root;test_transform_cache:mholt__PapaParse.b10b87ef:root:mocha:33ffa1b7b9c3
random,random_seed_53,53,6,swesmith/mholt__PapaParse.b10b87ef,swesmith/necolas__react-native-web.a9de220b,32,36,same_node_diff_rootfs|low_overlap|rootfs_change,37218.61291,33213.760235,4004.852674,0.120578,-4004.852674,1,5,5,True,False,False,False,False,False,False,0.0,11.357465500000002,33202.40277,0.0,0.0,node_runtime:18.19.1:linux:x86_64:glibc:abi109,dependency_view:necolas__react-native-web.a9de220b:root:40742e8c9629eceb;repo_baseline:necolas__react-native-web:a9de220ba9e65bdea540fb5322ffb1da2b0bf442;rootfs:node_18;source_overlay:necolas__react-native-web.a9de220b:root;test_transform_cache:necolas__react-native-web.a9de220b:root:jest:ff4b31c887fd
random,random_seed_53,53,7,swesmith/necolas__react-native-web.a9de220b,swesmith/segmentio__evergreen.9b774aee,36,51,same_node_diff_rootfs|same_test_tool|low_overlap|rootfs_change,327527.867263,302018.625378,25509.241886,0.084462,-25509.241886,1,5,8,True,False,False,False,False,True,False,0.0,11.357465500000002,302007.267912,0.0,0.0,node_runtime:18.19.1:linux:x86_64:glibc:abi109,build_cache:segmentio__evergreen.9b774aee:root:babel:871730dbe504;build_cache:segmentio__evergreen.9b774aee:root:rollup:871730dbe504;build_cache:segmentio__evergreen.9b774aee:root:typescript:871730dbe504;dependency_view:segmentio__evergreen.9b774aee:root:c290fc2f869fd91a;repo_baseline:segmentio__evergreen:9b774aee2d794f6cf2f73a054bd33066ca5898a9;rootfs:node_18-slim;source_overlay:segmentio__evergreen.9b774aee:root;test_transform_cache:segmentio__evergreen.9b774aee:root:jest:871730dbe504
random,random_seed_53,53,8,swesmith/segmentio__evergreen.9b774aee,swesmith/mochajs__mocha.410ce0d2,51,34,diff_node_diff_rootfs|same_build_tool|low_overlap|native_abi_change|rootfs_change,345629.895002,308567.297293,37062.59771,0.120112,-37062.59771,0,9,10,False,False,False,False,True,False,False,0.0,11.357465500000002,308555.939827,0.0,0.0,,build_cache:mochajs__mocha.410ce0d2:root:rollup:077a5f518284;build_cache:mochajs__mocha.410ce0d2:root:typescript:077a5f518284;build_cache:mochajs__mocha.410ce0d2:root:webpack:077a5f518284;dependency_view:mochajs__mocha.410ce0d2:root:77b617ee60467b9a;node_runtime:22.23.2:linux:x86_64:glibc:abi127;repo_baseline:mochajs__mocha:410ce0d2a0f799aaca2c0bc627294d70c62dd3f4;rootfs:node_22-slim;source_overlay:mochajs__mocha.410ce0d2:root;test_transform_cache:mochajs__mocha.410ce0d2:root:karma:077a5f518284;test_transform_cache:mochajs__mocha.410ce0d2:root:mocha:077a5f518284
random,random_seed_53,53,9,swesmith/mochajs__mocha.410ce0d2,swesmith/strapi__strapi.e5b87a54,34,53,diff_node_diff_rootfs|low_overlap|native_abi_change|rootfs_change,138436.458288,123601.223125,14835.235163,0.120025,-14835.235163,0,10,8,False,False,False,False,False,False,False,0.0,11.357465500000002,123589.86566,0.0,0.0,,build_cache:strapi__strapi.e5b87a54:root:nx:dc747f5541b9;dependency_view:strapi__strapi.e5b87a54:root:6fe14b23a9f92e6c;native_binary_bundle:strapi__strapi.e5b87a54:root:@swc_core:115;node_runtime:20.19.1:linux:x86_64:glibc:abi115;repo_baseline:strapi__strapi:e5b87a54008c9de2b3286a4774635dcf69895d9b;rootfs:node_20-slim;source_overlay:strapi__strapi.e5b87a54:root;test_transform_cache:strapi__strapi.e5b87a54:root:jest:dc747f5541b9
random,random_seed_53,53,10,swesmith/strapi__strapi.e5b87a54,swesmith/nightwatchjs__nightwatch.54c8550c,53,39,diff_node_diff_rootfs|same_native_bundle|low_overlap|native_abi_change|rootfs_change,38119.868082,33999.601411,4120.26667,0.121186,-4120.26667,0,8,7,False,False,False,False,False,False,True,0.0,11.357465500000002,33988.243946,0.0,0.0,,dependency_view:nightwatchjs__nightwatch.54c8550c:root:4a947b8a3bf39687;native_binary_bundle:nightwatchjs__nightwatch.54c8550c:root:@swc_core:109;node_runtime:18.19.1:linux:x86_64:glibc:abi109;repo_baseline:nightwatchjs__nightwatch:54c8550c75a16c61827c0bad043c7ffa073a52e6;rootfs:node_18-slim;source_overlay:nightwatchjs__nightwatch.54c8550c:root;test_transform_cache:nightwatchjs__nightwatch.54c8550c:root:mocha:34743ed160a3
random,random_seed_53,53,11,swesmith/nightwatchjs__nightwatch.54c8550c,swesmith/jantimon__html-webpack-plugin.9a39db80,39,26,same_node_same_rootfs,218264.176056,185908.074393,32356.101663,0.174044,-32356.101663,2,5,6,True,True,False,False,False,False,False,132.289401,0.0494345,185775.735557,0.0,0.0,node_runtime:18.19.1:linux:x86_64:glibc:abi109;rootfs:node_18-slim,build_cache:jantimon__html-webpack-plugin.9a39db80:root:typescript:03abf47fc179;build_cache:jantimon__html-webpack-plugin.9a39db80:root:webpack:03abf47fc179;dependency_view:jantimon__html-webpack-plugin.9a39db80:root:c9d26828be2c203c;repo_baseline:jantimon__html-webpack-plugin:9a39db807c09d8e6145e5047cfe2ec5e928e1dee;source_overlay:jantimon__html-webpack-plugin.9a39db80:root;test_transform_cache:jantimon__html-webpack-plugin.9a39db80:root:jest:03abf47fc179
random,random_seed_53,53,12,swesmith/jantimon__html-webpack-plugin.9a39db80,swesmith/ueberdosis__tiptap.2d6de06c,26,58,diff_node_diff_rootfs|low_overlap|native_abi_change|rootfs_change,245276.078683,218965.675579,26310.403104,0.120158,-26310.403104,0,8,9,False,False,False,False,False,False,False,0.0,11.357465500000002,218954.31811300002,0.0,0.0,,build_cache:ueberdosis__tiptap.2d6de06c:root:changesets:85ad102bc603;build_cache:ueberdosis__tiptap.2d6de06c:root:turbo:85ad102bc603;dependency_view:ueberdosis__tiptap.2d6de06c:root:0bd9814a60fd8695;node_runtime:20.19.1:linux:x86_64:glibc:abi115;repo_baseline:ueberdosis__tiptap:2d6de06c34c239e78fedd6bd2a0bcea42d0fdbfa;rootfs:node_20;source_overlay:ueberdosis__tiptap.2d6de06c:root;test_transform_cache:ueberdosis__tiptap.2d6de06c:root:cypress:85ad102bc603;test_transform_cache:ueberdosis__tiptap.2d6de06c:root:vitest:85ad102bc603
random,random_seed_53,53,13,swesmith/ueberdosis__tiptap.2d6de06c,swesmith/NativeScript__NativeScript.3d6a4392,58,35,same_node_same_rootfs,118529.858292,90427.725944,28102.132349,0.310769,-28102.132349,2,7,5,True,True,False,False,False,False,False,16.393405,0.0494345,90411.283104,0.0,0.0,node_runtime:20.19.1:linux:x86_64:glibc:abi115;rootfs:node_20,build_cache:NativeScript__NativeScript.3d6a4392:root:nx:66d2167c1bf8;dependency_view:NativeScript__NativeScript.3d6a4392:root:085e1f7ccbe42f25;native_binary_bundle:NativeScript__NativeScript.3d6a4392:root:@swc_core:115;repo_baseline:NativeScript__NativeScript:3d6a4392f6008e4f43f8f5439a256c50e3707101;source_overlay:NativeScript__NativeScript.3d6a4392:root
random,random_seed_53,53,14,swesmith/NativeScript__NativeScript.3d6a4392,swesmith/voideditor__void.17e7a5b1,35,61,same_node_diff_rootfs|low_overlap|rootfs_change,345970.822777,309353.138469,36617.684309,0.118369,-36617.684309,1,6,10,True,False,False,False,False,False,False,0.0,11.357465500000002,309341.78100300004,0.0,0.0,node_runtime:20.19.1:linux:x86_64:glibc:abi115,build_cache:voideditor__void.17e7a5b1:root:gulp:0426f7949e03;build_cache:voideditor__void.17e7a5b1:root:next:0426f7949e03;build_cache:voideditor__void.17e7a5b1:root:typescript:0426f7949e03;dependency_view:voideditor__void.17e7a5b1:root:6522748bd07c0bd9;native_binary_bundle:voideditor__void.17e7a5b1:root:@vscode_sqlite3:115;repo_baseline:voideditor__void:17e7a5b1524345b19ab4ee38ec4f9b1b75a1bd00;rootfs:node_20-bookworm;source_overlay:voideditor__void.17e7a5b1:root;test_transform_cache:voideditor__void.17e7a5b1:root:mocha:0426f7949e03;test_transform_cache:voideditor__void.17e7a5b1:root:playwright:0426f7949e03
random,random_seed_53,53,15,swesmith/voideditor__void.17e7a5b1,swesmith/antvis__G6.91c0ac85,61,3,same_node_diff_rootfs|low_overlap|rootfs_change,131118.09899,117052.55121,14065.547779,0.120164,-14065.547779,1,10,6,True,False,False,False,False,False,False,0.0,11.357465500000002,117041.193745,0.0,0.0,node_runtime:20.19.1:linux:x86_64:glibc:abi115,build_cache:antvis__G6.91c0ac85:root:turbo:632cb8ca84bf;dependency_view:antvis__G6.91c0ac85:root:45c81ff4acc7aa0f;native_binary_bundle:antvis__G6.91c0ac85:root:@swc_core:115;repo_baseline:antvis__G6:91c0ac85e4e636a05bd1a3c5e56a4928d1242a9b;rootfs:node_20;source_overlay:antvis__G6.91c0ac85:root
random,random_seed_53,53,16,swesmith/antvis__G6.91c0ac85,swesmith/axios__axios.ef36347f,3,5,diff_node_diff_rootfs|low_overlap|native_abi_change|rootfs_change,244752.184929,218965.675579,25786.509351,0.117765,-25786.509351,0,7,9,False,False,False,False,False,False,False,0.0,11.357465500000002,218954.31811300002,0.0,0.0,,build_cache:axios__axios.ef36347f:root:gulp:0b40dadaf3bd;build_cache:axios__axios.ef36347f:root:rollup:0b40dadaf3bd;dependency_view:axios__axios.ef36347f:root:2346329f530df5bd;node_runtime:18.19.1:linux:x86_64:glibc:abi109;repo_baseline:axios__axios:ef36347fb559383b04c755b07f1a8d11897fab7f;rootfs:node_18-bullseye;source_overlay:axios__axios.ef36347f:root;test_transform_cache:axios__axios.ef36347f:root:karma:0b40dadaf3bd;test_transform_cache:axios__axios.ef36347f:root:mocha:0b40dadaf3bd
random,random_seed_53,53,17,swesmith/axios__axios.ef36347f,swesmith/directus__directus.ac922d18,5,14,diff_node_diff_rootfs|low_overlap|native_abi_change|rootfs_change,29905.253608,26665.08832,3240.165287,0.121513,-3240.165287,0,9,5,False,False,False,False,False,False,False,0.0,11.357465500000002,26653.730854999998,0.0,0.0,,dependency_view:directus__directus.ac922d18:root:2b92fcea821d0732;node_runtime:22.23.2:linux:x86_64:glibc:abi127;repo_baseline:directus__directus:ac922d18f6039582a18737a6dc6d1d9a08a194e8;rootfs:node_22-slim;source_overlay:directus__directus.ac922d18:root
random,random_seed_53,53,18,swesmith/directus__directus.ac922d18,swesmith/josdejong__mathjs.04e6e2d7,14,29,diff_node_diff_rootfs|low_overlap|native_abi_change|rootfs_change,244656.620861,225514.347494,19142.273367,0.084883,-19142.273367,0,5,10,False,False,False,False,False,False,False,0.0,11.357465500000002,225502.99002800003,0.0,0.0,,build_cache:josdejong__mathjs.04e6e2d7:root:gulp:4c7f724eabb4;build_cache:josdejong__mathjs.04e6e2d7:root:typescript:4c7f724eabb4;dependency_view:josdejong__mathjs.04e6e2d7:root:653bb0be0a5e4b8c;node_runtime:18.19.1:linux:x86_64:glibc:abi109;repo_baseline:josdejong__mathjs:04e6e2d7a949d6ddc7d7139bf1e3a88e6fe5365b;rootfs:node_18-slim;source_overlay:josdejong__mathjs.04e6e2d7:root;test_transform_cache:josdejong__mathjs.04e6e2d7:root:ava:4c7f724eabb4;test_transform_cache:josdejong__mathjs.04e6e2d7:root:karma:4c7f724eabb4;test_transform_cache:josdejong__mathjs.04e6e2d7:root:mocha:4c7f724eabb4
random,random_seed_53,53,19,swesmith/josdejong__mathjs.04e6e2d7,swesmith/caolan__async.23dbf76a,29,12,same_node_diff_rootfs|same_test_tool|low_overlap|rootfs_change,44558.917921,39762.43215,4796.48577,0.120629,-4796.48577,1,9,6,True,False,False,False,False,True,False,0.0,11.357465500000002,39751.074685,0.0,0.0,node_runtime:18.19.1:linux:x86_64:glibc:abi109,dependency_view:caolan__async.23dbf76a:root:579fe631d378a055;repo_baseline:caolan__async:23dbf76aeb04c7c3dd56276115b277e3fa9dd5cc;rootfs:node_18-bullseye;source_overlay:caolan__async.23dbf76a:root;test_transform_cache:caolan__async.23dbf76a:root:karma:73168162c1db;test_transform_cache:caolan__async.23dbf76a:root:mocha:73168162c1db
random,random_seed_53,53,20,swesmith/caolan__async.23dbf76a,swesmith/homebridge__homebridge.3a341e08,12,23,diff_node_diff_rootfs|low_overlap|native_abi_change|rootfs_change,134003.68495,122815.381949,11188.303,0.091099,-11188.303,0,7,7,False,False,False,False,False,False,False,0.0,11.357465500000002,122804.024484,0.0,0.0,,build_cache:homebridge__homebridge.3a341e08:root:typescript:cb88c6110fb6;dependency_view:homebridge__homebridge.3a341e08:root:5aba58d9ad81636b;node_runtime:20.19.1:linux:x86_64:glibc:abi115;repo_baseline:homebridge__homebridge:3a341e0838c99abfdf7a2d76e5e1e2a2af7ccb09;rootfs:node_20-slim;source_overlay:homebridge__homebridge.3a341e08:root;test_transform_cache:homebridge__homebridge.3a341e08:root:jest:cb88c6110fb6
random,random_seed_53,53,21,swesmith/homebridge__homebridge.3a341e08,swesmith/balderdashy__sails.ffebacc5,23,7,diff_node_diff_rootfs|low_overlap|native_abi_change|rootfs_change,37239.725965,33213.760235,4025.965729,0.121214,-4025.965729,0,7,6,False,False,False,False,False,False,False,0.0,11.357465500000002,33202.40277,0.0,0.0,,dependency_view:balderdashy__sails.ffebacc5:root:05b5a7170832986f;node_runtime:18.19.1:linux:x86_64:glibc:abi109;repo_baseline:balderdashy__sails:ffebacc58c27f878c9373702bc3a3f91a02bca0c;rootfs:node_18-slim;source_overlay:balderdashy__sails.ffebacc5:root;test_transform_cache:balderdashy__sails.ffebacc5:root:mocha:8d9a655c7243
random,random_seed_53,53,22,swesmith/balderdashy__sails.ffebacc5,swesmith/fabricjs__fabric.js.6742471c,7,18,diff_node_diff_rootfs|low_overlap|native_abi_change|rootfs_change,142186.905964,130149.89504,12037.010924,0.092486,-12037.010924,0,6,9,False,False,False,False,False,False,False,0.0,11.357465500000002,130138.537575,0.0,0.0,,build_cache:fabricjs__fabric.js.6742471c:root:typescript:bdce61823eab;dependency_view:fabricjs__fabric.js.6742471c:root:56b6543f933cb2b3;native_binary_bundle:fabricjs__fabric.js.6742471c:root:canvas:115;node_runtime:20.19.1:linux:x86_64:glibc:abi115;repo_baseline:fabricjs__fabric.js:6742471c23e5fd8afbb1282246b4b785455c8c17;rootfs:node_20-slim;source_overlay:fabricjs__fabric.js.6742471c:root;test_transform_cache:fabricjs__fabric.js.6742471c:root:playwright:bdce61823eab;test_transform_cache:fabricjs__fabric.js.6742471c:root:vitest:bdce61823eab
random,random_seed_53,53,23,swesmith/fabricjs__fabric.js.6742471c,swesmith/bluesky-social__social-app.cbd48c85,18,8,same_node_same_rootfs|same_build_tool,125078.489473,96190.556682,28887.932791,0.30032,-28887.932791,2,7,5,True,True,False,False,True,False,False,16.393405,0.0494345,96174.113843,0.0,0.0,node_runtime:20.19.1:linux:x86_64:glibc:abi115;rootfs:node_20-slim,build_cache:bluesky-social__social-app.cbd48c85:root:typescript:4a9667753d9f;dependency_view:bluesky-social__social-app.cbd48c85:root:109982c53979748a;repo_baseline:bluesky-social__social-app:cbd48c855a57f1a294f4b7362eaadb505bf5f9f6;source_overlay:bluesky-social__social-app.cbd48c85:root;test_transform_cache:bluesky-social__social-app.cbd48c85:root:jest:4a9667753d9f
random,random_seed_53,53,24,swesmith/bluesky-social__social-app.cbd48c85,swesmith/OpenCut-app__OpenCut.e84c0cfd,8,42,diff_node_diff_rootfs|low_overlap|native_abi_change|rootfs_change,130253.277461,116266.710034,13986.567427,0.120297,-13986.567427,0,7,6,False,False,False,False,False,False,False,0.0,11.357465500000002,116255.352569,0.0,0.0,,build_cache:OpenCut-app__OpenCut.e84c0cfd:root:turbo:f3e6c1048a0e;dependency_view:OpenCut-app__OpenCut.e84c0cfd:root:34da0118cee1c5ca;node_runtime:unknown.x-unavailable:linux:x86_64:glibc:abiunknown;repo_baseline:OpenCut-app__OpenCut:e84c0cfda6784abb9bcb72aae757233cd8951780;rootfs:unknown;source_overlay:OpenCut-app__OpenCut.e84c0cfd:root
random,random_seed_53,53,25,swesmith/OpenCut-app__OpenCut.e84c0cfd,swesmith/iamkun__dayjs.c8a26460,42,25,diff_node_diff_rootfs|low_overlap|native_abi_change|rootfs_change,144398.36861,129364.053864,15034.314745,0.116217,-15034.314745,0,6,8,False,False,False,False,False,False,False,0.0,11.357465500000002,129352.696399,0.0,0.0,,build_cache:iamkun__dayjs.c8a26460:root:babel:9ed6e5f7fd04;dependency_view:iamkun__dayjs.c8a26460:root:c68f1e093a72eecf;node_runtime:18.19.1:linux:x86_64:glibc:abi109;repo_baseline:iamkun__dayjs:c8a26460d89a2ee9a7d3b9cafa124ea856ee883f;rootfs:node_18-bullseye;source_overlay:iamkun__dayjs.c8a26460:root;test_transform_cache:iamkun__dayjs.c8a26460:root:jest:9ed6e5f7fd04;test_transform_cache:iamkun__dayjs.c8a26460:root:karma:9ed6e5f7fd04
random,random_seed_53,53,26,swesmith/iamkun__dayjs.c8a26460,swesmith/refined-github__refined-github.d4a7c3fb,25,49,diff_node_diff_rootfs|low_overlap|native_abi_change|rootfs_change,237941.566138,212417.003664,25524.562474,0.120163,-25524.562474,0,8,8,False,False,False,False,False,False,False,0.0,11.357465500000002,212405.646198,0.0,0.0,,build_cache:refined-github__refined-github.d4a7c3fb:root:rollup:aa1f302ca640;build_cache:refined-github__refined-github.d4a7c3fb:root:typescript:aa1f302ca640;dependency_view:refined-github__refined-github.d4a7c3fb:root:e375b9cbe15b1aee;node_runtime:22.23.2:linux:x86_64:glibc:abi127;repo_baseline:refined-github__refined-github:d4a7c3fbfebff5f39a3760effbea7273dea0d01c;rootfs:node_22-slim;source_overlay:refined-github__refined-github.d4a7c3fb:root;test_transform_cache:refined-github__refined-github.d4a7c3fb:root:vitest:aa1f302ca640
random,random_seed_53,53,27,swesmith/refined-github__refined-github.d4a7c3fb,swesmith/GitbookIO__gitbook.81f8ddcf,49,22,diff_node_diff_rootfs|low_overlap|native_abi_change|rootfs_change,230607.093781,205868.331749,24738.762032,0.120168,-24738.762032,0,8,7,False,False,False,False,False,False,False,0.0,11.357465500000002,205856.974283,0.0,0.0,,build_cache:GitbookIO__gitbook.81f8ddcf:root:changesets:88b89ad9c0ff;build_cache:GitbookIO__gitbook.81f8ddcf:root:turbo:88b89ad9c0ff;dependency_view:GitbookIO__gitbook.81f8ddcf:root:b1ab37fbc3435ed4;node_runtime:unknown.x-unavailable:linux:x86_64:glibc:abiunknown;repo_baseline:GitbookIO__gitbook:81f8ddcf27ec398a33b6f676a81e9a791b673ce2;rootfs:unknown;source_overlay:GitbookIO__gitbook.81f8ddcf:root
random,random_seed_53,53,28,swesmith/GitbookIO__gitbook.81f8ddcf,swesmith/josdejong__jsoneditor.0319b213,22,28,diff_node_diff_rootfs|low_overlap|native_abi_change|rootfs_change,237679.619261,212417.003664,25262.615598,0.118929,-25262.615598,0,7,8,False,False,False,False,False,False,False,0.0,11.357465500000002,212405.646198,0.0,0.0,,build_cache:josdejong__jsoneditor.0319b213:root:babel:be56cc981d38;build_cache:josdejong__jsoneditor.0319b213:root:gulp:be56cc981d38;dependency_view:josdejong__jsoneditor.0319b213:root:fba013e11b2e4bd9;node_runtime:20.19.1:linux:x86_64:glibc:abi115;repo_baseline:josdejong__jsoneditor:0319b2131df47f1220d74e3ff174d5c02973ec7d;rootfs:node_20-slim;source_overlay:josdejong__jsoneditor.0319b213:root;test_transform_cache:josdejong__jsoneditor.0319b213:root:mocha:be56cc981d38
random,random_seed_53,53,29,swesmith/josdejong__jsoneditor.0319b213,swesmith/enzymejs__enzyme.61e1b47c,28,17,diff_node_diff_rootfs|same_test_tool|low_overlap|native_abi_change|rootfs_change,144922.262363,129364.053864,15558.208498,0.120267,-15558.208498,0,8,8,False,False,False,False,False,True,False,0.0,11.357465500000002,129352.696399,0.0,0.0,,build_cache:enzymejs__enzyme.61e1b47c:root:lerna:4103008f3c25;dependency_view:enzymejs__enzyme.61e1b47c:root:414c164bd62a9324;node_runtime:18.19.1:linux:x86_64:glibc:abi109;repo_baseline:enzymejs__enzyme:61e1b47c4bdc4509b2ac286c0d3ae3df172d26f0;rootfs:node_18-slim;source_overlay:enzymejs__enzyme.61e1b47c:root;test_transform_cache:enzymejs__enzyme.61e1b47c:root:karma:4103008f3c25;test_transform_cache:enzymejs__enzyme.61e1b47c:root:mocha:4103008f3c25
random,random_seed_53,53,30,swesmith/enzymejs__enzyme.61e1b47c,swesmith/foambubble__foam.2cac8162,17,19,same_node_diff_rootfs|same_build_tool|low_overlap|rootfs_change,130237.956872,116266.710034,13971.246838,0.120165,-13971.246838,1,7,5,True,False,False,False,True,False,False,0.0,11.357465500000002,116255.352569,0.0,0.0,node_runtime:18.19.1:linux:x86_64:glibc:abi109,build_cache:foambubble__foam.2cac8162:root:lerna:2510f8df8165;dependency_view:foambubble__foam.2cac8162:root:8118db77d559a658;repo_baseline:foambubble__foam:2cac816272157f3a964b30adf4f29c0b2973cce8;rootfs:node_18;source_overlay:foambubble__foam.2cac8162:root
random,random_seed_53,53,31,swesmith/foambubble__foam.2cac8162,swesmith/Redocly__redoc.d41fd46f,19,47,same_node_diff_rootfs|low_overlap|rootfs_change,244736.864341,218965.675579,25771.188762,0.117695,-25771.188762,1,5,8,True,False,False,False,False,False,False,0.0,11.357465500000002,218954.31811300002,0.0,0.0,node_runtime:18.19.1:linux:x86_64:glibc:abi109,build_cache:Redocly__redoc.d41fd46f:root:typescript:68063787fe82;build_cache:Redocly__redoc.d41fd46f:root:webpack:68063787fe82;dependency_view:Redocly__redoc.d41fd46f:root:398d8eda0bb00a78;repo_baseline:Redocly__redoc:d41fd46f7cbee86bf83dc17b7ec51baf54f72a54;rootfs:node_18-slim;source_overlay:Redocly__redoc.d41fd46f:root;test_transform_cache:Redocly__redoc.d41fd46f:root:cypress:68063787fe82;test_transform_cache:Redocly__redoc.d41fd46f:root:jest:68063787fe82
random,random_seed_53,53,32,swesmith/Redocly__redoc.d41fd46f,swesmith/ReactiveX__rxjs.c15b37f8,47,45,diff_node_diff_rootfs|low_overlap|native_abi_change|rootfs_change,130253.277461,116266.710034,13986.567427,0.120297,-13986.567427,0,9,6,False,False,False,False,False,False,False,0.0,11.357465500000002,116255.352569,0.0,0.0,,build_cache:ReactiveX__rxjs.c15b37f8:root:nx:2403aec3ebd5;dependency_view:ReactiveX__rxjs.c15b37f8:root:c5fbb2e88b68c3b9;node_runtime:20.19.1:linux:x86_64:glibc:abi115;repo_baseline:ReactiveX__rxjs:c15b37f81ba5f5abea8c872b0189a70b150df4cb;rootfs:node_20-slim;source_overlay:ReactiveX__rxjs.c15b37f8:root
random,random_seed_53,53,33,swesmith/ReactiveX__rxjs.c15b37f8,swesmith/Netflix__falcor.39d64776,45,38,diff_node_diff_rootfs|low_overlap|native_abi_change|rootfs_change,137325.802942,122815.381949,14510.420992,0.118148,-14510.420992,0,6,7,False,False,False,False,False,False,False,0.0,11.357465500000002,122804.024484,0.0,0.0,,build_cache:Netflix__falcor.39d64776:root:gulp:8290bb56acfc;dependency_view:Netflix__falcor.39d64776:root:missing;node_runtime:18.19.1:linux:x86_64:glibc:abi109;repo_baseline:Netflix__falcor:39d64776cf9d87781b2791615dcbae73b2bcd2e1;rootfs:node_18-slim;source_overlay:Netflix__falcor.39d64776:root;test_transform_cache:Netflix__falcor.39d64776:root:jest:8290bb56acfc
random,random_seed_53,53,34,swesmith/Netflix__falcor.39d64776,swesmith/remy__nodemon.daad5c16,38,50,same_node_same_rootfs,24730.46562,6704.830964,18025.634655,2.688455,-18025.634655,2,5,4,True,True,False,False,False,False,False,132.289401,0.0494345,6572.492129,0.0,0.0,node_runtime:18.19.1:linux:x86_64:glibc:abi109;rootfs:node_18-slim,dependency_view:remy__nodemon.daad5c16:root:e2111c2b7033d511;repo_baseline:remy__nodemon:daad5c162919fa6abff53be16832bdf55f2204ad;source_overlay:remy__nodemon.daad5c16:root;test_transform_cache:remy__nodemon.daad5c16:root:mocha:93608e3893b6
random,random_seed_53,53,35,swesmith/remy__nodemon.daad5c16,swesmith/marko-js__marko.24b9402c,50,30,diff_node_diff_rootfs|same_test_tool|low_overlap|native_abi_change|rootfs_change,231622.144871,213202.84484,18419.300031,0.086393,-18419.300031,0,6,9,False,False,False,False,False,True,False,0.0,11.357465500000002,213191.487374,0.0,0.0,,build_cache:marko-js__marko.24b9402c:root:changesets:ae9158e5e102;build_cache:marko-js__marko.24b9402c:root:typescript:ae9158e5e102;dependency_view:marko-js__marko.24b9402c:root:4dafb814ddc2f538;native_binary_bundle:marko-js__marko.24b9402c:root:esbuild:115;node_runtime:20.19.1:linux:x86_64:glibc:abi115;repo_baseline:marko-js__marko:24b9402cd54c3a74f200da0f79dd19350995a9ba;rootfs:node_20-slim;source_overlay:marko-js__marko.24b9402c:root;test_transform_cache:marko-js__marko.24b9402c:root:mocha:ae9158e5e102
random,random_seed_53,53,36,swesmith/marko-js__marko.24b9402c,swesmith/Automattic__mongoose.5f57a5bb,30,4,diff_node_diff_rootfs|same_test_tool|low_overlap|native_abi_change|rootfs_change,37239.725965,33213.760235,4025.965729,0.121214,-4025.965729,0,9,6,False,False,False,False,False,True,False,0.0,11.357465500000002,33202.40277,0.0,0.0,,dependency_view:Automattic__mongoose.5f57a5bb:root:f4a039d5d472a10b;node_runtime:18.19.1:linux:x86_64:glibc:abi109;repo_baseline:Automattic__mongoose:5f57a5bbb2e8dfed8d04be47cdd17728633c44c1;rootfs:node_18-bullseye;source_overlay:Automattic__mongoose.5f57a5bb:root;test_transform_cache:Automattic__mongoose.5f57a5bb:root:mocha:0f744702c7e7
random,random_seed_53,53,37,swesmith/Automattic__mongoose.5f57a5bb,swesmith/jaredpalmer__formik.91475adb,4,27,same_node_diff_rootfs|low_overlap|rootfs_change,230758.115812,212417.003664,18341.112148,0.086345,-18341.112148,1,5,7,True,False,False,False,False,False,False,0.0,11.357465500000002,212405.646198,0.0,0.0,node_runtime:18.19.1:linux:x86_64:glibc:abi109,build_cache:jaredpalmer__formik.91475adb:root:changesets:be61650024fa;build_cache:jaredpalmer__formik.91475adb:root:turbo:be61650024fa;dependency_view:jaredpalmer__formik.91475adb:root:0ea1f56b0c1e2753;repo_baseline:jaredpalmer__formik:91475adbf33579561e580eceea0c031f4ec2e992;rootfs:node_18-slim;source_overlay:jaredpalmer__formik.91475adb:root;test_transform_cache:jaredpalmer__formik.91475adb:root:playwright:be61650024fa
random,random_seed_53,53,38,swesmith/jaredpalmer__formik.91475adb,swesmith/FuelLabs__fuels-ts.b3f37c91,27,21,diff_node_diff_rootfs|same_build_tool|low_overlap|native_abi_change|rootfs_change,338295.382458,302018.625378,36276.75708,0.120114,-36276.75708,0,8,9,False,False,False,False,True,False,False,0.0,11.357465500000002,302007.267912,0.0,0.0,,build_cache:FuelLabs__fuels-ts.b3f37c91:root:changesets:b55338e227a8;build_cache:FuelLabs__fuels-ts.b3f37c91:root:turbo:b55338e227a8;build_cache:FuelLabs__fuels-ts.b3f37c91:root:typescript:b55338e227a8;dependency_view:FuelLabs__fuels-ts.b3f37c91:root:471ddc5c5a27de32;node_runtime:20.19.1:linux:x86_64:glibc:abi115;repo_baseline:FuelLabs__fuels-ts:b3f37c91aca4aa9d5e4c0d3967f66237190826ea;rootfs:node_20;source_overlay:FuelLabs__fuels-ts.b3f37c91:root;test_transform_cache:FuelLabs__fuels-ts.b3f37c91:root:vitest:b55338e227a8
random,random_seed_53,53,39,swesmith/FuelLabs__fuels-ts.b3f37c91,swesmith/brianc__node-postgres.ecff60dc,21,11,same_node_diff_rootfs|same_build_tool|low_overlap|rootfs_change,230591.773192,205868.331749,24723.441444,0.120093,-24723.441444,1,8,6,True,False,False,False,True,False,False,0.0,11.357465500000002,205856.974283,0.0,0.0,node_runtime:20.19.1:linux:x86_64:glibc:abi115,build_cache:brianc__node-postgres.ecff60dc:root:lerna:f43ed1faaa9b;build_cache:brianc__node-postgres.ecff60dc:root:typescript:f43ed1faaa9b;dependency_view:brianc__node-postgres.ecff60dc:root:ac69cf7675d96f1d;repo_baseline:brianc__node-postgres:ecff60dc8aa0bd1ad5ea8f4623af0756a86dc110;rootfs:node_20-slim;source_overlay:brianc__node-postgres.ecff60dc:root
random,random_seed_53,53,40,swesmith/brianc__node-postgres.ecff60dc,swesmith/bootstrap-vue__bootstrap-vue.9a246f45,11,9,diff_node_diff_rootfs|low_overlap|native_abi_change|rootfs_change,137325.802942,122815.381949,14510.420992,0.118148,-14510.420992,0,7,7,False,False,False,False,False,False,False,0.0,11.357465500000002,122804.024484,0.0,0.0,,build_cache:bootstrap-vue__bootstrap-vue.9a246f45:root:rollup:594eccebc247;dependency_view:bootstrap-vue__bootstrap-vue.9a246f45:root:d41e6daa3c100016;node_runtime:18.19.1:linux:x86_64:glibc:abi109;repo_baseline:bootstrap-vue__bootstrap-vue:9a246f45fc813f161df291fc7d6197febf8afaf4;rootfs:node_18-bullseye-slim;source_overlay:bootstrap-vue__bootstrap-vue.9a246f45:root;test_transform_cache:bootstrap-vue__bootstrap-vue.9a246f45:root:jest:594eccebc247
random,random_seed_53,53,41,swesmith/bootstrap-vue__bootstrap-vue.9a246f45,swesmith/websockets__ws.726c3732,9,63,same_node_diff_rootfs|low_overlap|rootfs_change,37224.405376,33213.760235,4010.645141,0.120753,-4010.645141,1,6,5,True,False,False,False,False,False,False,0.0,11.357465500000002,33202.40277,0.0,0.0,node_runtime:18.19.1:linux:x86_64:glibc:abi109,dependency_view:websockets__ws.726c3732:root:76eb131f76afa769;repo_baseline:websockets__ws:726c3732b3e5319219ed73cac4826fd36917e2e1;rootfs:node_18-slim;source_overlay:websockets__ws.726c3732:root;test_transform_cache:websockets__ws.726c3732:root:mocha:aaedef2a72b6
random,random_seed_53,53,42,swesmith/websockets__ws.726c3732,swesmith/svg__svgo.c06d8f68,63,55,diff_node_diff_rootfs|low_overlap|native_abi_change|rootfs_change,230773.436401,212417.003664,18356.432737,0.086417,-18356.432737,0,6,8,False,False,False,False,False,False,False,0.0,11.357465500000002,212405.646198,0.0,0.0,,build_cache:svg__svgo.c06d8f68:root:rollup:2b58ff2876b3;build_cache:svg__svgo.c06d8f68:root:typescript:2b58ff2876b3;dependency_view:svg__svgo.c06d8f68:root:e3122b4a0e1aa47b;node_runtime:20.19.1:linux:x86_64:glibc:abi115;repo_baseline:svg__svgo:c06d8f6899788defae9594537063c2f4307803e4;rootfs:node_20-slim;source_overlay:svg__svgo.c06d8f68:root;test_transform_cache:svg__svgo.c06d8f68:root:jest:2b58ff2876b3
random,random_seed_53,53,43,swesmith/svg__svgo.c06d8f68,swesmith/reactjs__react-transition-group.2989b5b8,55,46,diff_node_diff_rootfs|same_build_tool|same_test_tool|low_overlap|native_abi_change|rootfs_change,338295.382458,302018.625378,36276.75708,0.120114,-36276.75708,0,8,9,False,False,False,False,True,True,False,0.0,11.357465500000002,302007.267912,0.0,0.0,,build_cache:reactjs__react-transition-group.2989b5b8:root:babel:d8eb49b0cb73;build_cache:reactjs__react-transition-group.2989b5b8:root:next:d8eb49b0cb73;build_cache:reactjs__react-transition-group.2989b5b8:root:rollup:d8eb49b0cb73;dependency_view:reactjs__react-transition-group.2989b5b8:root:670f3bc8796f5ef3;node_runtime:18.19.1:linux:x86_64:glibc:abi109;repo_baseline:reactjs__react-transition-group:2989b5b87b4b4d1001f21c8efa503049ffb4fe8d;rootfs:node_18-slim;source_overlay:reactjs__react-transition-group.2989b5b8:root;test_transform_cache:reactjs__react-transition-group.2989b5b8:root:jest:d8eb49b0cb73
random,random_seed_53,53,44,swesmith/reactjs__react-transition-group.2989b5b8,swesmith/react-hook-form__react-hook-form.3adba2b8,46,44,same_node_same_rootfs|same_build_tool|same_test_tool,233552.659514,193242.587484,40310.07203,0.208598,-40310.07203,2,7,8,True,True,False,False,True,True,False,132.289401,0.0494345,193110.248648,0.0,0.0,node_runtime:18.19.1:linux:x86_64:glibc:abi109;rootfs:node_18-slim,build_cache:react-hook-form__react-hook-form.3adba2b8:root:rollup:759c3e15fb55;build_cache:react-hook-form__react-hook-form.3adba2b8:root:typescript:759c3e15fb55;dependency_view:react-hook-form__react-hook-form.3adba2b8:root:f10d22bc872be4f0;native_binary_bundle:react-hook-form__react-hook-form.3adba2b8:root:@swc_core:109;repo_baseline:react-hook-form__react-hook-form:3adba2b816dd50bbca460bbe61df64b50bc6b1da;source_overlay:react-hook-form__react-hook-form.3adba2b8:root;test_transform_cache:react-hook-form__react-hook-form.3adba2b8:root:cypress:759c3e15fb55;test_transform_cache:react-hook-form__react-hook-form.3adba2b8:root:jest:759c3e15fb55
random,random_seed_53,53,45,swesmith/react-hook-form__react-hook-form.3adba2b8,swesmith/sveltejs__svelte.6c9717a9,44,54,same_node_diff_rootfs|low_overlap|rootfs_change,137572.429229,122815.381949,14757.04728,0.120156,-14757.04728,1,9,6,True,False,False,False,False,False,False,0.0,11.357465500000002,122804.024484,0.0,0.0,node_runtime:18.19.1:linux:x86_64:glibc:abi109,build_cache:sveltejs__svelte.6c9717a9:root:changesets:85b839d59475;dependency_view:sveltejs__svelte.6c9717a9:root:b0c07bc3f3203c46;repo_baseline:sveltejs__svelte:6c9717a91f2f6ae10641d1cf502ba13d227fbe45;rootfs:node_18-bullseye;source_overlay:sveltejs__svelte.6c9717a9:root;test_transform_cache:sveltejs__svelte.6c9717a9:root:vitest:85b839d59475
random,random_seed_53,53,46,swesmith/sveltejs__svelte.6c9717a9,swesmith/marmelab__react-admin.823caa0b,54,31,diff_node_diff_rootfs|low_overlap|native_abi_change|rootfs_change,144922.262363,129364.053864,15558.208498,0.120267,-15558.208498,0,7,8,False,False,False,False,False,False,False,0.0,11.357465500000002,129352.696399,0.0,0.0,,build_cache:marmelab__react-admin.823caa0b:root:lerna:2ae6a8efe6cf;dependency_view:marmelab__react-admin.823caa0b:root:f178fcbaf6a59b3b;node_runtime:20.19.1:linux:x86_64:glibc:abi115;repo_baseline:marmelab__react-admin:823caa0b6489fc8133685525e22d30ddf57643fa;rootfs:node_20-bullseye-slim;source_overlay:marmelab__react-admin.823caa0b:root;test_transform_cache:marmelab__react-admin.823caa0b:root:cypress:2ae6a8efe6cf;test_transform_cache:marmelab__react-admin.823caa0b:root:jest:2ae6a8efe6cf
random,random_seed_53,53,47,swesmith/marmelab__react-admin.823caa0b,swesmith/emotion-js__emotion.b882bcba,31,16,diff_node_diff_rootfs|same_test_tool|low_overlap|native_abi_change|rootfs_change,237941.566138,212417.003664,25524.562474,0.120163,-25524.562474,0,8,8,False,False,False,False,False,True,False,0.0,11.357465500000002,212405.646198,0.0,0.0,,build_cache:emotion-js__emotion.b882bcba:root:changesets:c2de0d725c3c;build_cache:emotion-js__emotion.b882bcba:root:typescript:c2de0d725c3c;dependency_view:emotion-js__emotion.b882bcba:root:0f78ed9b2143da62;node_runtime:18.19.1:linux:x86_64:glibc:abi109;repo_baseline:emotion-js__emotion:b882bcba85132554992e4bd49e94c95939bbf810;rootfs:node_18-slim;source_overlay:emotion-js__emotion.b882bcba:root;test_transform_cache:emotion-js__emotion.b882bcba:root:jest:c2de0d725c3c
random,random_seed_53,53,48,swesmith/emotion-js__emotion.b882bcba,swesmith/babel__babel.2ea3fc8f,16,6,diff_node_diff_rootfs|low_overlap|native_abi_change|rootfs_change,29905.253608,26665.08832,3240.165287,0.121513,-3240.165287,0,8,5,False,False,False,False,False,False,False,0.0,11.357465500000002,26653.730854999998,0.0,0.0,,dependency_view:babel__babel.2ea3fc8f:root:fdd0cb43f8868f9e;node_runtime:20.19.1:linux:x86_64:glibc:abi115;repo_baseline:babel__babel:2ea3fc8f9b33a911840f17fbc407e7bfae2ed66f;rootfs:node_20-bullseye;source_overlay:babel__babel.2ea3fc8f:root
random,random_seed_53,53,49,swesmith/babel__babel.2ea3fc8f,swesmith/nock__nock.e7418da2,6,40,same_node_diff_rootfs|low_overlap|rootfs_change,44029.231701,39762.43215,4266.799551,0.107307,-4266.799551,1,4,6,True,False,False,False,False,False,False,0.0,11.357465500000002,39751.074685,0.0,0.0,node_runtime:20.19.1:linux:x86_64:glibc:abi115,dependency_view:nock__nock.e7418da2:root:541f81ce3f744a6f;repo_baseline:nock__nock:e7418da29feb4a7bf0aa1612bfb9d32a4051651e;rootfs:node_20;source_overlay:nock__nock.e7418da2:root;test_transform_cache:nock__nock.e7418da2:root:jest:bf94886cefe6;test_transform_cache:nock__nock.e7418da2:root:mocha:bf94886cefe6
random,random_seed_53,53,50,swesmith/nock__nock.e7418da2,swesmith/tinacms__tinacms.dffb104f,40,56,same_node_diff_rootfs|low_overlap|rootfs_change,230758.115812,212417.003664,18341.112148,0.086345,-18341.112148,1,6,7,True,False,False,False,False,False,False,0.0,11.357465500000002,212405.646198,0.0,0.0,node_runtime:20.19.1:linux:x86_64:glibc:abi115,build_cache:tinacms__tinacms.dffb104f:root:changesets:765d0508e257;build_cache:tinacms__tinacms.dffb104f:root:turbo:765d0508e257;dependency_view:tinacms__tinacms.dffb104f:root:45f79d9b7f2dc887;repo_baseline:tinacms__tinacms:dffb104f1850cabc15f495a5868a33a66295965a;rootfs:node_20-slim;source_overlay:tinacms__tinacms.dffb104f:root;test_transform_cache:tinacms__tinacms.dffb104f:root:playwright:765d0508e257
random,random_seed_53,53,51,swesmith/tinacms__tinacms.dffb104f,swesmith/payloadcms__payload.8f660355,56,43,same_node_same_rootfs|same_build_tool|same_test_tool,235124.341866,194698.373839,40425.968026,0.207634,-40425.968026,2,6,10,True,True,False,False,True,True,False,16.393405,0.0494345,194681.93099999998,0.0,0.0,node_runtime:20.19.1:linux:x86_64:glibc:abi115;rootfs:node_20-slim,build_cache:payloadcms__payload.8f660355:root:next:096d4a336345;build_cache:payloadcms__payload.8f660355:root:turbo:096d4a336345;dependency_view:payloadcms__payload.8f660355:root:a2f282bd4e00dd49;native_binary_bundle:payloadcms__payload.8f660355:root:@swc_core:115;native_binary_bundle:payloadcms__payload.8f660355:root:node-gyp:115;native_binary_bundle:payloadcms__payload.8f660355:root:sharp:115;repo_baseline:payloadcms__payload:8f66035522f568d42098a7ad525e7bf700662b9a;source_overlay:payloadcms__payload.8f660355:root;test_transform_cache:payloadcms__payload.8f660355:root:playwright:096d4a336345;test_transform_cache:payloadcms__payload.8f660355:root:vitest:096d4a336345
random,random_seed_53,53,52,swesmith/payloadcms__payload.8f660355,swesmith/foliojs__pdfkit.d0108157,43,20,diff_node_diff_rootfs|low_overlap|native_abi_change|rootfs_change,138467.891935,123601.223125,14866.66881,0.120279,-14866.66881,0,12,8,False,False,False,False,False,False,False,0.0,11.357465500000002,123589.86566,0.0,0.0,,build_cache:foliojs__pdfkit.d0108157:root:rollup:bbc97774e07e;dependency_view:foliojs__pdfkit.d0108157:root:11c27c17439e5efb;native_binary_bundle:foliojs__pdfkit.d0108157:root:canvas:109;node_runtime:18.19.1:linux:x86_64:glibc:abi109;repo_baseline:foliojs__pdfkit:d0108157f13d763ad5287a2293436b5a1aecf055;rootfs:node_18-slim;source_overlay:foliojs__pdfkit.d0108157:root;test_transform_cache:foliojs__pdfkit.d0108157:root:jest:bbc97774e07e
random,random_seed_53,53,53,swesmith/foliojs__pdfkit.d0108157,swesmith/nestjs__nest.346c9543,20,37,diff_node_diff_rootfs|low_overlap|native_abi_change|rootfs_change,439529.340894,392406.088268,47123.252627,0.120088,-47123.252627,0,8,11,False,False,False,False,False,False,False,0.0,11.357465500000002,392394.73080200003,0.0,0.0,,build_cache:nestjs__nest.346c9543:root:gulp:892e8dc67f5f;build_cache:nestjs__nest.346c9543:root:lerna:892e8dc67f5f;build_cache:nestjs__nest.346c9543:root:next:892e8dc67f5f;build_cache:nestjs__nest.346c9543:root:typescript:892e8dc67f5f;dependency_view:nestjs__nest.346c9543:root:1757422535048d10;native_binary_bundle:nestjs__nest.346c9543:root:@grpc_grpc-js:115;node_runtime:20.19.1:linux:x86_64:glibc:abi115;repo_baseline:nestjs__nest:346c9543120c692f314bdbf55fc9956d2fa6d87e;rootfs:node_20-slim;source_overlay:nestjs__nest.346c9543:root;test_transform_cache:nestjs__nest.346c9543:root:mocha:892e8dc67f5f
random,random_seed_53,53,54,swesmith/nestjs__nest.346c9543,swesmith/welldone-software__why-did-you-render.3ec3512d,37,64,same_node_same_rootfs,132413.002018,102739.228597,29673.773421,0.288826,-29673.773421,2,9,6,True,True,False,False,False,False,False,16.393405,0.0494345,102722.785758,0.0,0.0,node_runtime:20.19.1:linux:x86_64:glibc:abi115;rootfs:node_20-slim,build_cache:welldone-software__why-did-you-render.3ec3512d:root:rollup:3d9083a10a5d;dependency_view:welldone-software__why-did-you-render.3ec3512d:root:773c5e8f586ea9c4;repo_baseline:welldone-software__why-did-you-render:3ec3512d750c49448fe2241e26d05db9e42f0c21;source_overlay:welldone-software__why-did-you-render.3ec3512d:root;test_transform_cache:welldone-software__why-did-you-render.3ec3512d:root:cypress:3d9083a10a5d;test_transform_cache:welldone-software__why-did-you-render.3ec3512d:root:jest:3d9083a10a5d
random,random_seed_53,53,55,swesmith/welldone-software__why-did-you-render.3ec3512d,swesmith/humanlayer__12-factor-agents.d20c7283,64,24,same_node_same_rootfs,17395.993263,40.263053,17355.73021,431.058469,-17355.73021,2,6,3,True,True,False,False,False,False,False,16.393405,0.0494345,23.820214,0.0,0.0,node_runtime:20.19.1:linux:x86_64:glibc:abi115;rootfs:node_20-slim,dependency_view:humanlayer__12-factor-agents.d20c7283:packages_walkthroughgen:231f2c674eecc38e;repo_baseline:humanlayer__12-factor-agents:d20c728368bf9c189d6d7aab704744decb6ec0cc;source_overlay:humanlayer__12-factor-agents.d20c7283:packages_walkthroughgen
random,random_seed_53,53,56,swesmith/humanlayer__12-factor-agents.d20c7283,swesmith/coder__code-server.e90504b8,24,13,diff_node_diff_rootfs|low_overlap|native_abi_change|rootfs_change,29899.420954,26665.08832,3234.332633,0.121295,-3234.332633,0,5,5,False,False,False,False,False,False,False,0.0,11.357465500000002,26653.730854999998,0.0,0.0,,dependency_view:coder__code-server.e90504b8:root:cc86648d271cc663;node_runtime:22.23.2:linux:x86_64:glibc:abi127;repo_baseline:coder__code-server:e90504b8cf1d73c36d902bbaaec7bab33f15c42e;rootfs:node_22-bookworm-slim;source_overlay:coder__code-server.e90504b8:root
random,random_seed_53,53,57,swesmith/coder__code-server.e90504b8,swesmith/ajayyy__SponsorBlock.dfddffbc,13,2,diff_node_diff_rootfs|low_overlap|native_abi_change|rootfs_change,133741.738073,122815.381949,10926.356123,0.088966,-10926.356123,0,5,7,False,False,False,False,False,False,False,0.0,11.357465500000002,122804.024484,0.0,0.0,,build_cache:ajayyy__SponsorBlock.dfddffbc:root:webpack:d8254aa65fa6;dependency_view:ajayyy__SponsorBlock.dfddffbc:root:72aaad849c194625;node_runtime:18.19.1:linux:x86_64:glibc:abi109;repo_baseline:ajayyy__SponsorBlock:dfddffbc5128dbc55b4dc7c83cdcd18787f48ba4;rootfs:node_18-slim;source_overlay:ajayyy__SponsorBlock.dfddffbc:root;test_transform_cache:ajayyy__SponsorBlock.dfddffbc:root:jest:d8254aa65fa6
random,random_seed_53,53,58,swesmith/ajayyy__SponsorBlock.dfddffbc,swesmith/bpampuch__pdfmake.719e7314,2,10,same_node_same_rootfs|same_build_tool,225432.305793,185908.074393,39524.2314,0.212601,-39524.2314,2,5,6,True,True,False,False,True,False,False,132.289401,0.0494345,185775.735557,0.0,0.0,node_runtime:18.19.1:linux:x86_64:glibc:abi109;rootfs:node_18-slim,build_cache:bpampuch__pdfmake.719e7314:root:babel:530210e657f9;build_cache:bpampuch__pdfmake.719e7314:root:webpack:530210e657f9;dependency_view:bpampuch__pdfmake.719e7314:root:cbdd674906fcd63a;repo_baseline:bpampuch__pdfmake:719e73140cce75a792f7f419c27fc33a230e73d2;source_overlay:bpampuch__pdfmake.719e7314:root;test_transform_cache:bpampuch__pdfmake.719e7314:root:mocha:530210e657f9
random,random_seed_53,53,59,swesmith/bpampuch__pdfmake.719e7314,swesmith/microsoft__vscode.4166e90a,10,33,diff_node_diff_rootfs|same_test_tool|low_overlap|native_abi_change|rootfs_change,246124.787153,219751.516755,26373.270398,0.120014,-26373.270398,0,8,10,False,False,False,False,False,True,False,0.0,11.357465500000002,219740.159289,0.0,0.0,,build_cache:microsoft__vscode.4166e90a:root:gulp:742f21cec0ed;build_cache:microsoft__vscode.4166e90a:root:next:742f21cec0ed;dependency_view:microsoft__vscode.4166e90a:root:ebafff009f16e711;native_binary_bundle:microsoft__vscode.4166e90a:root:@vscode_sqlite3:127;node_runtime:22.23.2:linux:x86_64:glibc:abi127;repo_baseline:microsoft__vscode:4166e90ac290db7f77800a4f6702903ea4eed476;rootfs:node_22-bookworm;source_overlay:microsoft__vscode.4166e90a:root;test_transform_cache:microsoft__vscode.4166e90a:root:mocha:742f21cec0ed;test_transform_cache:microsoft__vscode.4166e90a:root:playwright:742f21cec0ed
random,random_seed_53,53,60,swesmith/microsoft__vscode.4166e90a,swesmith/redux-saga__redux-saga.a4ace10d,33,48,diff_node_diff_rootfs|low_overlap|native_abi_change|rootfs_change,137587.749818,122815.381949,14772.367869,0.120281,-14772.367869,0,10,7,False,False,False,False,False,False,False,0.0,11.357465500000002,122804.024484,0.0,0.0,,build_cache:redux-saga__redux-saga.a4ace10d:root:changesets:c91a6dc103c2;dependency_view:redux-saga__redux-saga.a4ace10d:root:c1bcbd93da3b0eeb;node_runtime:18.19.1:linux:x86_64:glibc:abi109;repo_baseline:redux-saga__redux-saga:a4ace10dc3ff182828cd3ee7469f6667e08ceb62;rootfs:node_18-slim;source_overlay:redux-saga__redux-saga.a4ace10d:root;test_transform_cache:redux-saga__redux-saga.a4ace10d:root:jest:c91a6dc103c2
random,random_seed_53,53,61,swesmith/redux-saga__redux-saga.a4ace10d,swesmith/umijs__qiankun.693cdde7,48,59,same_node_same_rootfs|same_build_tool,117744.017116,89757.780764,27986.236353,0.311797,-27986.236353,2,5,4,True,True,False,False,True,False,False,132.289401,0.0494345,89625.441928,0.0,0.0,node_runtime:18.19.1:linux:x86_64:glibc:abi109;rootfs:node_18-slim,build_cache:umijs__qiankun.693cdde7:root:changesets:39fec7936def;dependency_view:umijs__qiankun.693cdde7:root:af8a3045705a19cc;repo_baseline:umijs__qiankun:693cdde75049830820ff9490dd267f9701db25e6;source_overlay:umijs__qiankun.693cdde7:root
random,random_seed_53,53,62,swesmith/umijs__qiankun.693cdde7,swesmith/webpack__webpack.24e3c2d2,59,62,diff_node_diff_rootfs|low_overlap|native_abi_change|rootfs_change,138174.511412,123601.223125,14573.288286,0.117906,-14573.288286,0,6,8,False,False,False,False,False,False,False,0.0,11.357465500000002,123589.86566,0.0,0.0,,build_cache:webpack__webpack.24e3c2d2:root:typescript:8138d968425d;dependency_view:webpack__webpack.24e3c2d2:root:2a4de1074e7ce9a8;native_binary_bundle:webpack__webpack.24e3c2d2:root:node-gyp:115;node_runtime:20.19.1:linux:x86_64:glibc:abi115;repo_baseline:webpack__webpack:24e3c2d2c9f8c6d60810302b2ea70ed86e2863dc;rootfs:node_20-slim;source_overlay:webpack__webpack.24e3c2d2:root;test_transform_cache:webpack__webpack.24e3c2d2:root:jest:8138d968425d
random,random_seed_53,53,63,swesmith/webpack__webpack.24e3c2d2,swesmith/Shopify__draggable.8a1eed57,62,52,same_node_diff_rootfs|same_build_tool|same_test_tool|low_overlap|rootfs_change,338280.061869,302018.625378,36261.436491,0.120064,-36261.436491,1,7,8,True,False,False,False,True,True,False,0.0,11.357465500000002,302007.267912,0.0,0.0,node_runtime:20.19.1:linux:x86_64:glibc:abi115,build_cache:Shopify__draggable.8a1eed57:root:changesets:75fa7c4af02e;build_cache:Shopify__draggable.8a1eed57:root:rollup:75fa7c4af02e;build_cache:Shopify__draggable.8a1eed57:root:typescript:75fa7c4af02e;dependency_view:Shopify__draggable.8a1eed57:root:5951b44524aa69b1;repo_baseline:Shopify__draggable:8a1eed57f3ab2dff9371e8ce60fb39ac85871e8d;rootfs:node_20;source_overlay:Shopify__draggable.8a1eed57:root;test_transform_cache:Shopify__draggable.8a1eed57:root:jest:75fa7c4af02e
random,random_seed_71,71,1,swesmith/advplyr__audiobookshelf.626596b1,swesmith/GitbookIO__gitbook.81f8ddcf,1,22,diff_node_diff_rootfs|low_overlap|native_abi_change|rootfs_change,223438.964044,205868.331749,17570.632295,0.085349,-17570.632295,0,10,7,False,False,False,False,False,False,False,0.0,11.357465500000002,205856.974283,0.0,0.0,,build_cache:GitbookIO__gitbook.81f8ddcf:root:changesets:88b89ad9c0ff;build_cache:GitbookIO__gitbook.81f8ddcf:root:turbo:88b89ad9c0ff;dependency_view:GitbookIO__gitbook.81f8ddcf:root:b1ab37fbc3435ed4;node_runtime:unknown.x-unavailable:linux:x86_64:glibc:abiunknown;repo_baseline:GitbookIO__gitbook:81f8ddcf27ec398a33b6f676a81e9a791b673ce2;rootfs:unknown;source_overlay:GitbookIO__gitbook.81f8ddcf:root
random,random_seed_71,71,2,swesmith/GitbookIO__gitbook.81f8ddcf,swesmith/NativeScript__NativeScript.3d6a4392,22,35,diff_node_diff_rootfs|low_overlap|native_abi_change|rootfs_change,131101.945743,117052.55121,14049.394533,0.120026,-14049.394533,0,7,7,False,False,False,False,False,False,False,0.0,11.357465500000002,117041.193745,0.0,0.0,,build_cache:NativeScript__NativeScript.3d6a4392:root:nx:66d2167c1bf8;dependency_view:NativeScript__NativeScript.3d6a4392:root:085e1f7ccbe42f25;native_binary_bundle:NativeScript__NativeScript.3d6a4392:root:@swc_core:115;node_runtime:20.19.1:linux:x86_64:glibc:abi115;repo_baseline:NativeScript__NativeScript:3d6a4392f6008e4f43f8f5439a256c50e3707101;rootfs:node_20;source_overlay:NativeScript__NativeScript.3d6a4392:root
random,random_seed_71,71,3,swesmith/NativeScript__NativeScript.3d6a4392,swesmith/payloadcms__payload.8f660355,35,43,same_node_diff_rootfs|same_native_bundle|low_overlap|rootfs_change,247377.290692,221323.199106,26054.091586,0.11772,-26054.091586,1,6,11,True,False,False,False,False,False,True,0.0,11.357465500000002,221311.84164099998,0.0,0.0,node_runtime:20.19.1:linux:x86_64:glibc:abi115,build_cache:payloadcms__payload.8f660355:root:next:096d4a336345;build_cache:payloadcms__payload.8f660355:root:turbo:096d4a336345;dependency_view:payloadcms__payload.8f660355:root:a2f282bd4e00dd49;native_binary_bundle:payloadcms__payload.8f660355:root:@swc_core:115;native_binary_bundle:payloadcms__payload.8f660355:root:node-gyp:115;native_binary_bundle:payloadcms__payload.8f660355:root:sharp:115;repo_baseline:payloadcms__payload:8f66035522f568d42098a7ad525e7bf700662b9a;rootfs:node_20-slim;source_overlay:payloadcms__payload.8f660355:root;test_transform_cache:payloadcms__payload.8f660355:root:playwright:096d4a336345;test_transform_cache:payloadcms__payload.8f660355:root:vitest:096d4a336345
random,random_seed_71,71,4,swesmith/payloadcms__payload.8f660355,swesmith/tinacms__tinacms.dffb104f,43,56,same_node_same_rootfs|same_build_tool|same_test_tool,225432.305793,185792.178397,39640.127396,0.213357,-39640.127396,2,10,6,True,True,False,False,True,True,False,16.393405,0.0494345,185775.735557,0.0,0.0,node_runtime:20.19.1:linux:x86_64:glibc:abi115;rootfs:node_20-slim,build_cache:tinacms__tinacms.dffb104f:root:changesets:765d0508e257;build_cache:tinacms__tinacms.dffb104f:root:turbo:765d0508e257;dependency_view:tinacms__tinacms.dffb104f:root:45f79d9b7f2dc887;repo_baseline:tinacms__tinacms:dffb104f1850cabc15f495a5868a33a66295965a;source_overlay:tinacms__tinacms.dffb104f:root;test_transform_cache:tinacms__tinacms.dffb104f:root:playwright:765d0508e257
random,random_seed_71,71,5,swesmith/tinacms__tinacms.dffb104f,swesmith/ajayyy__SponsorBlock.dfddffbc,56,2,diff_node_diff_rootfs|low_overlap|native_abi_change|rootfs_change,137587.749818,122815.381949,14772.367869,0.120281,-14772.367869,0,8,7,False,False,False,False,False,False,False,0.0,11.357465500000002,122804.024484,0.0,0.0,,build_cache:ajayyy__SponsorBlock.dfddffbc:root:webpack:d8254aa65fa6;dependency_view:ajayyy__SponsorBlock.dfddffbc:root:72aaad849c194625;node_runtime:18.19.1:linux:x86_64:glibc:abi109;repo_baseline:ajayyy__SponsorBlock:dfddffbc5128dbc55b4dc7c83cdcd18787f48ba4;rootfs:node_18-slim;source_overlay:ajayyy__SponsorBlock.dfddffbc:root;test_transform_cache:ajayyy__SponsorBlock.dfddffbc:root:jest:d8254aa65fa6
random,random_seed_71,71,6,swesmith/ajayyy__SponsorBlock.dfddffbc,swesmith/foambubble__foam.2cac8162,2,19,same_node_diff_rootfs|low_overlap|rootfs_change,130237.956872,116266.710034,13971.246838,0.120165,-13971.246838,1,6,5,True,False,False,False,False,False,False,0.0,11.357465500000002,116255.352569,0.0,0.0,node_runtime:18.19.1:linux:x86_64:glibc:abi109,build_cache:foambubble__foam.2cac8162:root:lerna:2510f8df8165;dependency_view:foambubble__foam.2cac8162:root:8118db77d559a658;repo_baseline:foambubble__foam:2cac816272157f3a964b30adf4f29c0b2973cce8;rootfs:node_18;source_overlay:foambubble__foam.2cac8162:root
random,random_seed_71,71,7,swesmith/foambubble__foam.2cac8162,swesmith/caolan__async.23dbf76a,19,12,same_node_diff_rootfs|low_overlap|rootfs_change,44035.024168,39762.43215,4272.592017,0.107453,-4272.592017,1,5,6,True,False,False,False,False,False,False,0.0,11.357465500000002,39751.074685,0.0,0.0,node_runtime:18.19.1:linux:x86_64:glibc:abi109,dependency_view:caolan__async.23dbf76a:root:579fe631d378a055;repo_baseline:caolan__async:23dbf76aeb04c7c3dd56276115b277e3fa9dd5cc;rootfs:node_18-bullseye;source_overlay:caolan__async.23dbf76a:root;test_transform_cache:caolan__async.23dbf76a:root:karma:73168162c1db;test_transform_cache:caolan__async.23dbf76a:root:mocha:73168162c1db
random,random_seed_71,71,8,swesmith/caolan__async.23dbf76a,swesmith/voideditor__void.17e7a5b1,12,61,diff_node_diff_rootfs|same_test_tool|low_overlap|native_abi_change|rootfs_change,335726.408867,309353.138469,26373.270398,0.085253,-26373.270398,0,7,11,False,False,False,False,False,True,False,0.0,11.357465500000002,309341.78100300004,0.0,0.0,,build_cache:voideditor__void.17e7a5b1:root:gulp:0426f7949e03;build_cache:voideditor__void.17e7a5b1:root:next:0426f7949e03;build_cache:voideditor__void.17e7a5b1:root:typescript:0426f7949e03;dependency_view:voideditor__void.17e7a5b1:root:6522748bd07c0bd9;native_binary_bundle:voideditor__void.17e7a5b1:root:@vscode_sqlite3:115;node_runtime:20.19.1:linux:x86_64:glibc:abi115;repo_baseline:voideditor__void:17e7a5b1524345b19ab4ee38ec4f9b1b75a1bd00;rootfs:node_20-bookworm;source_overlay:voideditor__void.17e7a5b1:root;test_transform_cache:voideditor__void.17e7a5b1:root:mocha:0426f7949e03;test_transform_cache:voideditor__void.17e7a5b1:root:playwright:0426f7949e03
random,random_seed_71,71,9,swesmith/voideditor__void.17e7a5b1,swesmith/trpc__trpc.2f40ba93,61,57,diff_node_diff_rootfs|same_build_tool|low_overlap|native_abi_change|rootfs_change,338295.382458,302018.625378,36276.75708,0.120114,-36276.75708,0,11,9,False,False,False,False,True,False,False,0.0,11.357465500000002,302007.267912,0.0,0.0,,build_cache:trpc__trpc.2f40ba93:root:lerna:8fa8b4550448;build_cache:trpc__trpc.2f40ba93:root:next:8fa8b4550448;build_cache:trpc__trpc.2f40ba93:root:turbo:8fa8b4550448;dependency_view:trpc__trpc.2f40ba93:root:781fb8f3cbe882e8;node_runtime:22.23.2:linux:x86_64:glibc:abi127;repo_baseline:trpc__trpc:2f40ba935ad7f7d29eec3f9c45d353450b43e852;rootfs:node_22;source_overlay:trpc__trpc.2f40ba93:root;test_transform_cache:trpc__trpc.2f40ba93:root:vitest:8fa8b4550448
random,random_seed_71,71,10,swesmith/trpc__trpc.2f40ba93,swesmith/emotion-js__emotion.b882bcba,57,16,diff_node_diff_rootfs|low_overlap|native_abi_change|rootfs_change,237941.566138,212417.003664,25524.562474,0.120163,-25524.562474,0,9,8,False,False,False,False,False,False,False,0.0,11.357465500000002,212405.646198,0.0,0.0,,build_cache:emotion-js__emotion.b882bcba:root:changesets:c2de0d725c3c;build_cache:emotion-js__emotion.b882bcba:root:typescript:c2de0d725c3c;dependency_view:emotion-js__emotion.b882bcba:root:0f78ed9b2143da62;node_runtime:18.19.1:linux:x86_64:glibc:abi109;repo_baseline:emotion-js__emotion:b882bcba85132554992e4bd49e94c95939bbf810;rootfs:node_18-slim;source_overlay:emotion-js__emotion.b882bcba:root;test_transform_cache:emotion-js__emotion.b882bcba:root:jest:c2de0d725c3c
random,random_seed_71,71,11,swesmith/emotion-js__emotion.b882bcba,swesmith/homebridge__homebridge.3a341e08,16,23,diff_node_diff_rootfs|same_build_tool|same_test_tool|low_overlap|native_abi_change|rootfs_change,137587.749818,122815.381949,14772.367869,0.120281,-14772.367869,0,8,7,False,False,False,False,True,True,False,0.0,11.357465500000002,122804.024484,0.0,0.0,,build_cache:homebridge__homebridge.3a341e08:root:typescript:cb88c6110fb6;dependency_view:homebridge__homebridge.3a341e08:root:5aba58d9ad81636b;node_runtime:20.19.1:linux:x86_64:glibc:abi115;repo_baseline:homebridge__homebridge:3a341e0838c99abfdf7a2d76e5e1e2a2af7ccb09;rootfs:node_20-slim;source_overlay:homebridge__homebridge.3a341e08:root;test_transform_cache:homebridge__homebridge.3a341e08:root:jest:cb88c6110fb6
random,random_seed_71,71,12,swesmith/homebridge__homebridge.3a341e08,swesmith/bluesky-social__social-app.cbd48c85,23,8,same_node_same_rootfs|same_build_tool|same_test_tool,125078.489473,96190.556682,28887.932791,0.30032,-28887.932791,2,5,5,True,True,False,False,True,True,False,16.393405,0.0494345,96174.113843,0.0,0.0,node_runtime:20.19.1:linux:x86_64:glibc:abi115;rootfs:node_20-slim,build_cache:bluesky-social__social-app.cbd48c85:root:typescript:4a9667753d9f;dependency_view:bluesky-social__social-app.cbd48c85:root:109982c53979748a;repo_baseline:bluesky-social__social-app:cbd48c855a57f1a294f4b7362eaadb505bf5f9f6;source_overlay:bluesky-social__social-app.cbd48c85:root;test_transform_cache:bluesky-social__social-app.cbd48c85:root:jest:4a9667753d9f
random,random_seed_71,71,13,swesmith/bluesky-social__social-app.cbd48c85,swesmith/fabricjs__fabric.js.6742471c,8,18,same_node_same_rootfs|same_build_tool,133198.843194,103525.069773,29673.773421,0.286634,-29673.773421,2,5,7,True,True,False,False,True,False,False,16.393405,0.0494345,103508.626934,0.0,0.0,node_runtime:20.19.1:linux:x86_64:glibc:abi115;rootfs:node_20-slim,build_cache:fabricjs__fabric.js.6742471c:root:typescript:bdce61823eab;dependency_view:fabricjs__fabric.js.6742471c:root:56b6543f933cb2b3;native_binary_bundle:fabricjs__fabric.js.6742471c:root:canvas:115;repo_baseline:fabricjs__fabric.js:6742471c23e5fd8afbb1282246b4b785455c8c17;source_overlay:fabricjs__fabric.js.6742471c:root;test_transform_cache:fabricjs__fabric.js.6742471c:root:playwright:bdce61823eab;test_transform_cache:fabricjs__fabric.js.6742471c:root:vitest:bdce61823eab
random,random_seed_71,71,14,swesmith/fabricjs__fabric.js.6742471c,swesmith/react-hook-form__react-hook-form.3adba2b8,18,44,diff_node_diff_rootfs|same_build_tool|low_overlap|native_abi_change|rootfs_change,246156.2208,219751.516755,26404.704045,0.120157,-26404.704045,0,9,10,False,False,False,False,True,False,False,0.0,11.357465500000002,219740.159289,0.0,0.0,,build_cache:react-hook-form__react-hook-form.3adba2b8:root:rollup:759c3e15fb55;build_cache:react-hook-form__react-hook-form.3adba2b8:root:typescript:759c3e15fb55;dependency_view:react-hook-form__react-hook-form.3adba2b8:root:f10d22bc872be4f0;native_binary_bundle:react-hook-form__react-hook-form.3adba2b8:root:@swc_core:109;node_runtime:18.19.1:linux:x86_64:glibc:abi109;repo_baseline:react-hook-form__react-hook-form:3adba2b816dd50bbca460bbe61df64b50bc6b1da;rootfs:node_18-slim;source_overlay:react-hook-form__react-hook-form.3adba2b8:root;test_transform_cache:react-hook-form__react-hook-form.3adba2b8:root:cypress:759c3e15fb55;test_transform_cache:react-hook-form__react-hook-form.3adba2b8:root:jest:759c3e15fb55
random,random_seed_71,71,15,swesmith/react-hook-form__react-hook-form.3adba2b8,swesmith/babel__babel.2ea3fc8f,44,6,diff_node_diff_rootfs|low_overlap|native_abi_change|rootfs_change,29905.253608,26665.08832,3240.165287,0.121513,-3240.165287,0,10,5,False,False,False,False,False,False,False,0.0,11.357465500000002,26653.730854999998,0.0,0.0,,dependency_view:babel__babel.2ea3fc8f:root:fdd0cb43f8868f9e;node_runtime:20.19.1:linux:x86_64:glibc:abi115;repo_baseline:babel__babel:2ea3fc8f9b33a911840f17fbc407e7bfae2ed66f;rootfs:node_20-bullseye;source_overlay:babel__babel.2ea3fc8f:root
random,random_seed_71,71,16,swesmith/babel__babel.2ea3fc8f,swesmith/Shopify__draggable.8a1eed57,6,52,same_node_diff_rootfs|low_overlap|rootfs_change,327265.920386,302018.625378,25247.295009,0.083595,-25247.295009,1,4,8,True,False,False,False,False,False,False,0.0,11.357465500000002,302007.267912,0.0,0.0,node_runtime:20.19.1:linux:x86_64:glibc:abi115,build_cache:Shopify__draggable.8a1eed57:root:changesets:75fa7c4af02e;build_cache:Shopify__draggable.8a1eed57:root:rollup:75fa7c4af02e;build_cache:Shopify__draggable.8a1eed57:root:typescript:75fa7c4af02e;dependency_view:Shopify__draggable.8a1eed57:root:5951b44524aa69b1;repo_baseline:Shopify__draggable:8a1eed57f3ab2dff9371e8ce60fb39ac85871e8d;rootfs:node_20;source_overlay:Shopify__draggable.8a1eed57:root;test_transform_cache:Shopify__draggable.8a1eed57:root:jest:75fa7c4af02e
random,random_seed_71,71,17,swesmith/Shopify__draggable.8a1eed57,swesmith/FuelLabs__fuels-ts.b3f37c91,52,21,same_node_same_rootfs|same_build_tool,325786.122113,275393.800111,50392.322002,0.182983,-50392.322002,2,7,7,True,True,False,False,True,False,False,16.393405,0.0494345,275377.357271,0.0,0.0,node_runtime:20.19.1:linux:x86_64:glibc:abi115;rootfs:node_20,build_cache:FuelLabs__fuels-ts.b3f37c91:root:changesets:b55338e227a8;build_cache:FuelLabs__fuels-ts.b3f37c91:root:turbo:b55338e227a8;build_cache:FuelLabs__fuels-ts.b3f37c91:root:typescript:b55338e227a8;dependency_view:FuelLabs__fuels-ts.b3f37c91:root:471ddc5c5a27de32;repo_baseline:FuelLabs__fuels-ts:b3f37c91aca4aa9d5e4c0d3967f66237190826ea;source_overlay:FuelLabs__fuels-ts.b3f37c91:root;test_transform_cache:FuelLabs__fuels-ts.b3f37c91:root:vitest:b55338e227a8
random,random_seed_71,71,18,swesmith/FuelLabs__fuels-ts.b3f37c91,swesmith/Redocly__redoc.d41fd46f,21,47,diff_node_diff_rootfs|same_build_tool|low_overlap|native_abi_change|rootfs_change,245276.078683,218965.675579,26310.403104,0.120158,-26310.403104,0,9,9,False,False,False,False,True,False,False,0.0,11.357465500000002,218954.31811300002,0.0,0.0,,build_cache:Redocly__redoc.d41fd46f:root:typescript:68063787fe82;build_cache:Redocly__redoc.d41fd46f:root:webpack:68063787fe82;dependency_view:Redocly__redoc.d41fd46f:root:398d8eda0bb00a78;node_runtime:18.19.1:linux:x86_64:glibc:abi109;repo_baseline:Redocly__redoc:d41fd46f7cbee86bf83dc17b7ec51baf54f72a54;rootfs:node_18-slim;source_overlay:Redocly__redoc.d41fd46f:root;test_transform_cache:Redocly__redoc.d41fd46f:root:cypress:68063787fe82;test_transform_cache:Redocly__redoc.d41fd46f:root:jest:68063787fe82
random,random_seed_71,71,19,swesmith/Redocly__redoc.d41fd46f,swesmith/Automattic__mongoose.5f57a5bb,47,4,same_node_diff_rootfs|low_overlap|rootfs_change,37224.405376,33213.760235,4010.645141,0.120753,-4010.645141,1,8,5,True,False,False,False,False,False,False,0.0,11.357465500000002,33202.40277,0.0,0.0,node_runtime:18.19.1:linux:x86_64:glibc:abi109,dependency_view:Automattic__mongoose.5f57a5bb:root:f4a039d5d472a10b;repo_baseline:Automattic__mongoose:5f57a5bbb2e8dfed8d04be47cdd17728633c44c1;rootfs:node_18-bullseye;source_overlay:Automattic__mongoose.5f57a5bb:root;test_transform_cache:Automattic__mongoose.5f57a5bb:root:mocha:0f744702c7e7
random,random_seed_71,71,20,swesmith/Automattic__mongoose.5f57a5bb,swesmith/remy__nodemon.daad5c16,4,50,same_node_diff_rootfs|same_test_tool|low_overlap|rootfs_change,37218.61291,33213.760235,4004.852674,0.120578,-4004.852674,1,5,5,True,False,False,False,False,True,False,0.0,11.357465500000002,33202.40277,0.0,0.0,node_runtime:18.19.1:linux:x86_64:glibc:abi109,dependency_view:remy__nodemon.daad5c16:root:e2111c2b7033d511;repo_baseline:remy__nodemon:daad5c162919fa6abff53be16832bdf55f2204ad;rootfs:node_18-slim;source_overlay:remy__nodemon.daad5c16:root;test_transform_cache:remy__nodemon.daad5c16:root:mocha:93608e3893b6
random,random_seed_71,71,21,swesmith/remy__nodemon.daad5c16,swesmith/nestjs__nest.346c9543,50,37,diff_node_diff_rootfs|same_test_tool|low_overlap|native_abi_change|rootfs_change,425161.647773,392406.088268,32755.559506,0.083474,-32755.559506,0,6,11,False,False,False,False,False,True,False,0.0,11.357465500000002,392394.73080200003,0.0,0.0,,build_cache:nestjs__nest.346c9543:root:gulp:892e8dc67f5f;build_cache:nestjs__nest.346c9543:root:lerna:892e8dc67f5f;build_cache:nestjs__nest.346c9543:root:next:892e8dc67f5f;build_cache:nestjs__nest.346c9543:root:typescript:892e8dc67f5f;dependency_view:nestjs__nest.346c9543:root:1757422535048d10;native_binary_bundle:nestjs__nest.346c9543:root:@grpc_grpc-js:115;node_runtime:20.19.1:linux:x86_64:glibc:abi115;repo_baseline:nestjs__nest:346c9543120c692f314bdbf55fc9956d2fa6d87e;rootfs:node_20-slim;source_overlay:nestjs__nest.346c9543:root;test_transform_cache:nestjs__nest.346c9543:root:mocha:892e8dc67f5f
random,random_seed_71,71,22,swesmith/nestjs__nest.346c9543,swesmith/reactjs__react-transition-group.2989b5b8,37,46,diff_node_diff_rootfs|same_build_tool|low_overlap|native_abi_change|rootfs_change,338295.382458,302018.625378,36276.75708,0.120114,-36276.75708,0,11,9,False,False,False,False,True,False,False,0.0,11.357465500000002,302007.267912,0.0,0.0,,build_cache:reactjs__react-transition-group.2989b5b8:root:babel:d8eb49b0cb73;build_cache:reactjs__react-transition-group.2989b5b8:root:next:d8eb49b0cb73;build_cache:reactjs__react-transition-group.2989b5b8:root:rollup:d8eb49b0cb73;dependency_view:reactjs__react-transition-group.2989b5b8:root:670f3bc8796f5ef3;node_runtime:18.19.1:linux:x86_64:glibc:abi109;repo_baseline:reactjs__react-transition-group:2989b5b87b4b4d1001f21c8efa503049ffb4fe8d;rootfs:node_18-slim;source_overlay:reactjs__react-transition-group.2989b5b8:root;test_transform_cache:reactjs__react-transition-group.2989b5b8:root:jest:d8eb49b0cb73
random,random_seed_71,71,23,swesmith/reactjs__react-transition-group.2989b5b8,swesmith/Effect-TS__effect.5df4da10,46,15,diff_node_diff_rootfs|low_overlap|native_abi_change|rootfs_change,237941.566138,212417.003664,25524.562474,0.120163,-25524.562474,0,9,8,False,False,False,False,False,False,False,0.0,11.357465500000002,212405.646198,0.0,0.0,,build_cache:Effect-TS__effect.5df4da10:root:changesets:3936ee7940b9;build_cache:Effect-TS__effect.5df4da10:root:typescript:3936ee7940b9;dependency_view:Effect-TS__effect.5df4da10:root:61e1a82d9173e1a4;node_runtime:20.19.1:linux:x86_64:glibc:abi115;repo_baseline:Effect-TS__effect:5df4da10de444f379a166f4b28721e75100bb838;rootfs:node_20-slim;source_overlay:Effect-TS__effect.5df4da10:root;test_transform_cache:Effect-TS__effect.5df4da10:root:vitest:3936ee7940b9
random,random_seed_71,71,24,swesmith/Effect-TS__effect.5df4da10,swesmith/Netflix__falcor.39d64776,15,38,diff_node_diff_rootfs|low_overlap|native_abi_change|rootfs_change,137587.749818,122815.381949,14772.367869,0.120281,-14772.367869,0,8,7,False,False,False,False,False,False,False,0.0,11.357465500000002,122804.024484,0.0,0.0,,build_cache:Netflix__falcor.39d64776:root:gulp:8290bb56acfc;dependency_view:Netflix__falcor.39d64776:root:missing;node_runtime:18.19.1:linux:x86_64:glibc:abi109;repo_baseline:Netflix__falcor:39d64776cf9d87781b2791615dcbae73b2bcd2e1;rootfs:node_18-slim;source_overlay:Netflix__falcor.39d64776:root;test_transform_cache:Netflix__falcor.39d64776:root:jest:8290bb56acfc
random,random_seed_71,71,25,swesmith/Netflix__falcor.39d64776,swesmith/humanlayer__12-factor-agents.d20c7283,38,24,diff_node_diff_rootfs|low_overlap|native_abi_change|rootfs_change,29905.253608,26665.08832,3240.165287,0.121513,-3240.165287,0,7,5,False,False,False,False,False,False,False,0.0,11.357465500000002,26653.730854999998,0.0,0.0,,dependency_view:humanlayer__12-factor-agents.d20c7283:packages_walkthroughgen:231f2c674eecc38e;node_runtime:20.19.1:linux:x86_64:glibc:abi115;repo_baseline:humanlayer__12-factor-agents:d20c728368bf9c189d6d7aab704744decb6ec0cc;rootfs:node_20-slim;source_overlay:humanlayer__12-factor-agents.d20c7283:packages_walkthroughgen
random,random_seed_71,71,26,swesmith/humanlayer__12-factor-agents.d20c7283,swesmith/balderdashy__sails.ffebacc5,24,7,diff_node_diff_rootfs|low_overlap|native_abi_change|rootfs_change,36971.986622,33213.760235,3758.226386,0.113153,-3758.226386,0,5,6,False,False,False,False,False,False,False,0.0,11.357465500000002,33202.40277,0.0,0.0,,dependency_view:balderdashy__sails.ffebacc5:root:05b5a7170832986f;node_runtime:18.19.1:linux:x86_64:glibc:abi109;repo_baseline:balderdashy__sails:ffebacc58c27f878c9373702bc3a3f91a02bca0c;rootfs:node_18-slim;source_overlay:balderdashy__sails.ffebacc5:root;test_transform_cache:balderdashy__sails.ffebacc5:root:mocha:8d9a655c7243
random,random_seed_71,71,27,swesmith/balderdashy__sails.ffebacc5,swesmith/novnc__noVNC.d44f7e04,7,41,diff_node_diff_rootfs|low_overlap|native_abi_change|rootfs_change,37233.933498,33213.760235,4020.173263,0.121039,-4020.173263,0,6,6,False,False,False,False,False,False,False,0.0,11.357465500000002,33202.40277,0.0,0.0,,dependency_view:novnc__noVNC.d44f7e04:root:325dd23a06d3378b;node_runtime:20.19.1:linux:x86_64:glibc:abi115;repo_baseline:novnc__noVNC:d44f7e04fc456844836c7c5ac911d0f4e8dd06e6;rootfs:node_20-slim;source_overlay:novnc__noVNC.d44f7e04:root;test_transform_cache:novnc__noVNC.d44f7e04:root:karma:f5696d664a68
random,random_seed_71,71,28,swesmith/novnc__noVNC.d44f7e04,swesmith/axios__axios.ef36347f,41,5,diff_node_diff_rootfs|same_test_tool|low_overlap|native_abi_change|rootfs_change,238107.948946,218965.675579,19142.273367,0.087421,-19142.273367,0,6,9,False,False,False,False,False,True,False,0.0,11.357465500000002,218954.31811300002,0.0,0.0,,build_cache:axios__axios.ef36347f:root:gulp:0b40dadaf3bd;build_cache:axios__axios.ef36347f:root:rollup:0b40dadaf3bd;dependency_view:axios__axios.ef36347f:root:2346329f530df5bd;node_runtime:18.19.1:linux:x86_64:glibc:abi109;repo_baseline:axios__axios:ef36347fb559383b04c755b07f1a8d11897fab7f;rootfs:node_18-bullseye;source_overlay:axios__axios.ef36347f:root;test_transform_cache:axios__axios.ef36347f:root:karma:0b40dadaf3bd;test_transform_cache:axios__axios.ef36347f:root:mocha:0b40dadaf3bd
random,random_seed_71,71,29,swesmith/axios__axios.ef36347f,swesmith/refined-github__refined-github.d4a7c3fb,5,49,diff_node_diff_rootfs|same_build_tool|low_overlap|native_abi_change|rootfs_change,237941.566138,212417.003664,25524.562474,0.120163,-25524.562474,0,9,8,False,False,False,False,True,False,False,0.0,11.357465500000002,212405.646198,0.0,0.0,,build_cache:refined-github__refined-github.d4a7c3fb:root:rollup:aa1f302ca640;build_cache:refined-github__refined-github.d4a7c3fb:root:typescript:aa1f302ca640;dependency_view:refined-github__refined-github.d4a7c3fb:root:e375b9cbe15b1aee;node_runtime:22.23.2:linux:x86_64:glibc:abi127;repo_baseline:refined-github__refined-github:d4a7c3fbfebff5f39a3760effbea7273dea0d01c;rootfs:node_22-slim;source_overlay:refined-github__refined-github.d4a7c3fb:root;test_transform_cache:refined-github__refined-github.d4a7c3fb:root:vitest:aa1f302ca640
random,random_seed_71,71,30,swesmith/refined-github__refined-github.d4a7c3fb,swesmith/josdejong__mathjs.04e6e2d7,49,29,diff_node_diff_rootfs|same_build_tool|low_overlap|native_abi_change|rootfs_change,252610.591227,225514.347494,27096.243734,0.120153,-27096.243734,0,8,10,False,False,False,False,True,False,False,0.0,11.357465500000002,225502.99002800003,0.0,0.0,,build_cache:josdejong__mathjs.04e6e2d7:root:gulp:4c7f724eabb4;build_cache:josdejong__mathjs.04e6e2d7:root:typescript:4c7f724eabb4;dependency_view:josdejong__mathjs.04e6e2d7:root:653bb0be0a5e4b8c;node_runtime:18.19.1:linux:x86_64:glibc:abi109;repo_baseline:josdejong__mathjs:04e6e2d7a949d6ddc7d7139bf1e3a88e6fe5365b;rootfs:node_18-slim;source_overlay:josdejong__mathjs.04e6e2d7:root;test_transform_cache:josdejong__mathjs.04e6e2d7:root:ava:4c7f724eabb4;test_transform_cache:josdejong__mathjs.04e6e2d7:root:karma:4c7f724eabb4;test_transform_cache:josdejong__mathjs.04e6e2d7:root:mocha:4c7f724eabb4
random,random_seed_71,71,31,swesmith/josdejong__mathjs.04e6e2d7,swesmith/jantimon__html-webpack-plugin.9a39db80,29,26,same_node_same_rootfs|same_build_tool,225432.305793,185908.074393,39524.2314,0.212601,-39524.2314,2,8,6,True,True,False,False,True,False,False,132.289401,0.0494345,185775.735557,0.0,0.0,node_runtime:18.19.1:linux:x86_64:glibc:abi109;rootfs:node_18-slim,build_cache:jantimon__html-webpack-plugin.9a39db80:root:typescript:03abf47fc179;build_cache:jantimon__html-webpack-plugin.9a39db80:root:webpack:03abf47fc179;dependency_view:jantimon__html-webpack-plugin.9a39db80:root:c9d26828be2c203c;repo_baseline:jantimon__html-webpack-plugin:9a39db807c09d8e6145e5047cfe2ec5e928e1dee;source_overlay:jantimon__html-webpack-plugin.9a39db80:root;test_transform_cache:jantimon__html-webpack-plugin.9a39db80:root:jest:03abf47fc179
random,random_seed_71,71,32,swesmith/jantimon__html-webpack-plugin.9a39db80,swesmith/ReactiveX__rxjs.c15b37f8,26,45,diff_node_diff_rootfs|low_overlap|native_abi_change|rootfs_change,130253.277461,116266.710034,13986.567427,0.120297,-13986.567427,0,8,6,False,False,False,False,False,False,False,0.0,11.357465500000002,116255.352569,0.0,0.0,,build_cache:ReactiveX__rxjs.c15b37f8:root:nx:2403aec3ebd5;dependency_view:ReactiveX__rxjs.c15b37f8:root:c5fbb2e88b68c3b9;node_runtime:20.19.1:linux:x86_64:glibc:abi115;repo_baseline:ReactiveX__rxjs:c15b37f81ba5f5abea8c872b0189a70b150df4cb;rootfs:node_20-slim;source_overlay:ReactiveX__rxjs.c15b37f8:root
random,random_seed_71,71,33,swesmith/ReactiveX__rxjs.c15b37f8,swesmith/webpack__webpack.24e3c2d2,45,62,same_node_same_rootfs,125602.383773,96976.397859,28625.985914,0.295185,-28625.985914,2,4,6,True,True,False,False,False,False,False,16.393405,0.0494345,96959.955019,0.0,0.0,node_runtime:20.19.1:linux:x86_64:glibc:abi115;rootfs:node_20-slim,build_cache:webpack__webpack.24e3c2d2:root:typescript:8138d968425d;dependency_view:webpack__webpack.24e3c2d2:root:2a4de1074e7ce9a8;native_binary_bundle:webpack__webpack.24e3c2d2:root:node-gyp:115;repo_baseline:webpack__webpack:24e3c2d2c9f8c6d60810302b2ea70ed86e2863dc;source_overlay:webpack__webpack.24e3c2d2:root;test_transform_cache:webpack__webpack.24e3c2d2:root:jest:8138d968425d
random,random_seed_71,71,34,swesmith/webpack__webpack.24e3c2d2,swesmith/umijs__qiankun.693cdde7,62,59,diff_node_diff_rootfs|low_overlap|native_abi_change|rootfs_change,130253.277461,116266.710034,13986.567427,0.120297,-13986.567427,0,8,6,False,False,False,False,False,False,False,0.0,11.357465500000002,116255.352569,0.0,0.0,,build_cache:umijs__qiankun.693cdde7:root:changesets:39fec7936def;dependency_view:umijs__qiankun.693cdde7:root:af8a3045705a19cc;node_runtime:18.19.1:linux:x86_64:glibc:abi109;repo_baseline:umijs__qiankun:693cdde75049830820ff9490dd267f9701db25e6;rootfs:node_18-slim;source_overlay:umijs__qiankun.693cdde7:root
random,random_seed_71,71,35,swesmith/umijs__qiankun.693cdde7,swesmith/mholt__PapaParse.b10b87ef,59,32,same_node_same_rootfs,24468.518743,6704.830964,17763.687779,2.649386,-17763.687779,2,4,4,True,True,False,False,False,False,False,132.289401,0.0494345,6572.492129,0.0,0.0,node_runtime:18.19.1:linux:x86_64:glibc:abi109;rootfs:node_18-slim,dependency_view:mholt__PapaParse.b10b87ef:root:85db9ec387c60c3e;repo_baseline:mholt__PapaParse:b10b87ef8686c6f88299b50dd25e83606e9c36d4;source_overlay:mholt__PapaParse.b10b87ef:root;test_transform_cache:mholt__PapaParse.b10b87ef:root:mocha:33ffa1b7b9c3
random,random_seed_71,71,36,swesmith/mholt__PapaParse.b10b87ef,swesmith/mochajs__mocha.410ce0d2,32,34,diff_node_diff_rootfs|same_test_tool|low_overlap|native_abi_change|rootfs_change,334877.700397,308567.297293,26310.403104,0.085266,-26310.403104,0,6,10,False,False,False,False,False,True,False,0.0,11.357465500000002,308555.939827,0.0,0.0,,build_cache:mochajs__mocha.410ce0d2:root:rollup:077a5f518284;build_cache:mochajs__mocha.410ce0d2:root:typescript:077a5f518284;build_cache:mochajs__mocha.410ce0d2:root:webpack:077a5f518284;dependency_view:mochajs__mocha.410ce0d2:root:77b617ee60467b9a;node_runtime:22.23.2:linux:x86_64:glibc:abi127;repo_baseline:mochajs__mocha:410ce0d2a0f799aaca2c0bc627294d70c62dd3f4;rootfs:node_22-slim;source_overlay:mochajs__mocha.410ce0d2:root;test_transform_cache:mochajs__mocha.410ce0d2:root:karma:077a5f518284;test_transform_cache:mochajs__mocha.410ce0d2:root:mocha:077a5f518284
random,random_seed_71,71,37,swesmith/mochajs__mocha.410ce0d2,swesmith/brianc__node-postgres.ecff60dc,34,11,diff_node_diff_rootfs|same_build_tool|low_overlap|native_abi_change|rootfs_change,230607.093781,205868.331749,24738.762032,0.120168,-24738.762032,0,10,7,False,False,False,False,True,False,False,0.0,11.357465500000002,205856.974283,0.0,0.0,,build_cache:brianc__node-postgres.ecff60dc:root:lerna:f43ed1faaa9b;build_cache:brianc__node-postgres.ecff60dc:root:typescript:f43ed1faaa9b;dependency_view:brianc__node-postgres.ecff60dc:root:ac69cf7675d96f1d;node_runtime:20.19.1:linux:x86_64:glibc:abi115;repo_baseline:brianc__node-postgres:ecff60dc8aa0bd1ad5ea8f4623af0756a86dc110;rootfs:node_20-slim;source_overlay:brianc__node-postgres.ecff60dc:root
random,random_seed_71,71,38,swesmith/brianc__node-postgres.ecff60dc,swesmith/svg__svgo.c06d8f68,11,55,same_node_same_rootfs|same_build_tool,225170.358916,185792.178397,39378.18052,0.211947,-39378.18052,2,5,6,True,True,False,False,True,False,False,16.393405,0.0494345,185775.735557,0.0,0.0,node_runtime:20.19.1:linux:x86_64:glibc:abi115;rootfs:node_20-slim,build_cache:svg__svgo.c06d8f68:root:rollup:2b58ff2876b3;build_cache:svg__svgo.c06d8f68:root:typescript:2b58ff2876b3;dependency_view:svg__svgo.c06d8f68:root:e3122b4a0e1aa47b;repo_baseline:svg__svgo:c06d8f6899788defae9594537063c2f4307803e4;source_overlay:svg__svgo.c06d8f68:root;test_transform_cache:svg__svgo.c06d8f68:root:jest:2b58ff2876b3
random,random_seed_71,71,39,swesmith/svg__svgo.c06d8f68,swesmith/antvis__G6.91c0ac85,55,3,same_node_diff_rootfs|low_overlap|rootfs_change,131086.665343,117052.55121,14034.114132,0.119896,-14034.114132,1,7,6,True,False,False,False,False,False,False,0.0,11.357465500000002,117041.193745,0.0,0.0,node_runtime:20.19.1:linux:x86_64:glibc:abi115,build_cache:antvis__G6.91c0ac85:root:turbo:632cb8ca84bf;dependency_view:antvis__G6.91c0ac85:root:45c81ff4acc7aa0f;native_binary_bundle:antvis__G6.91c0ac85:root:@swc_core:115;repo_baseline:antvis__G6:91c0ac85e4e636a05bd1a3c5e56a4928d1242a9b;rootfs:node_20;source_overlay:antvis__G6.91c0ac85:root
random,random_seed_71,71,40,swesmith/antvis__G6.91c0ac85,swesmith/jaredpalmer__formik.91475adb,3,27,diff_node_diff_rootfs|same_build_tool|low_overlap|native_abi_change|rootfs_change,237679.619261,212417.003664,25262.615598,0.118929,-25262.615598,0,7,8,False,False,False,False,True,False,False,0.0,11.357465500000002,212405.646198,0.0,0.0,,build_cache:jaredpalmer__formik.91475adb:root:changesets:be61650024fa;build_cache:jaredpalmer__formik.91475adb:root:turbo:be61650024fa;dependency_view:jaredpalmer__formik.91475adb:root:0ea1f56b0c1e2753;node_runtime:18.19.1:linux:x86_64:glibc:abi109;repo_baseline:jaredpalmer__formik:91475adbf33579561e580eceea0c031f4ec2e992;rootfs:node_18-slim;source_overlay:jaredpalmer__formik.91475adb:root;test_transform_cache:jaredpalmer__formik.91475adb:root:playwright:be61650024fa
random,random_seed_71,71,41,swesmith/jaredpalmer__formik.91475adb,swesmith/ueberdosis__tiptap.2d6de06c,27,58,diff_node_diff_rootfs|same_build_tool|low_overlap|native_abi_change|rootfs_change,245276.078683,218965.675579,26310.403104,0.120158,-26310.403104,0,8,9,False,False,False,False,True,False,False,0.0,11.357465500000002,218954.31811300002,0.0,0.0,,build_cache:ueberdosis__tiptap.2d6de06c:root:changesets:85ad102bc603;build_cache:ueberdosis__tiptap.2d6de06c:root:turbo:85ad102bc603;dependency_view:ueberdosis__tiptap.2d6de06c:root:0bd9814a60fd8695;node_runtime:20.19.1:linux:x86_64:glibc:abi115;repo_baseline:ueberdosis__tiptap:2d6de06c34c239e78fedd6bd2a0bcea42d0fdbfa;rootfs:node_20;source_overlay:ueberdosis__tiptap.2d6de06c:root;test_transform_cache:ueberdosis__tiptap.2d6de06c:root:cypress:85ad102bc603;test_transform_cache:ueberdosis__tiptap.2d6de06c:root:vitest:85ad102bc603
random,random_seed_71,71,42,swesmith/ueberdosis__tiptap.2d6de06c,swesmith/enzymejs__enzyme.61e1b47c,58,17,diff_node_diff_rootfs|low_overlap|native_abi_change|rootfs_change,144922.262363,129364.053864,15558.208498,0.120267,-15558.208498,0,9,8,False,False,False,False,False,False,False,0.0,11.357465500000002,129352.696399,0.0,0.0,,build_cache:enzymejs__enzyme.61e1b47c:root:lerna:4103008f3c25;dependency_view:enzymejs__enzyme.61e1b47c:root:414c164bd62a9324;node_runtime:18.19.1:linux:x86_64:glibc:abi109;repo_baseline:enzymejs__enzyme:61e1b47c4bdc4509b2ac286c0d3ae3df172d26f0;rootfs:node_18-slim;source_overlay:enzymejs__enzyme.61e1b47c:root;test_transform_cache:enzymejs__enzyme.61e1b47c:root:karma:4103008f3c25;test_transform_cache:enzymejs__enzyme.61e1b47c:root:mocha:4103008f3c25
random,random_seed_71,71,43,swesmith/enzymejs__enzyme.61e1b47c,swesmith/foliojs__pdfkit.d0108157,17,20,same_node_same_rootfs,125864.330649,97092.293855,28772.036795,0.296337,-28772.036795,2,6,6,True,True,False,False,False,False,False,132.289401,0.0494345,96959.955019,0.0,0.0,node_runtime:18.19.1:linux:x86_64:glibc:abi109;rootfs:node_18-slim,build_cache:foliojs__pdfkit.d0108157:root:rollup:bbc97774e07e;dependency_view:foliojs__pdfkit.d0108157:root:11c27c17439e5efb;native_binary_bundle:foliojs__pdfkit.d0108157:root:canvas:109;repo_baseline:foliojs__pdfkit:d0108157f13d763ad5287a2293436b5a1aecf055;source_overlay:foliojs__pdfkit.d0108157:root;test_transform_cache:foliojs__pdfkit.d0108157:root:jest:bbc97774e07e
random,random_seed_71,71,44,swesmith/foliojs__pdfkit.d0108157,swesmith/marmelab__react-admin.823caa0b,20,31,diff_node_diff_rootfs|same_test_tool|low_overlap|native_abi_change|rootfs_change,144922.262363,129364.053864,15558.208498,0.120267,-15558.208498,0,8,8,False,False,False,False,False,True,False,0.0,11.357465500000002,129352.696399,0.0,0.0,,build_cache:marmelab__react-admin.823caa0b:root:lerna:2ae6a8efe6cf;dependency_view:marmelab__react-admin.823caa0b:root:f178fcbaf6a59b3b;node_runtime:20.19.1:linux:x86_64:glibc:abi115;repo_baseline:marmelab__react-admin:823caa0b6489fc8133685525e22d30ddf57643fa;rootfs:node_20-bullseye-slim;source_overlay:marmelab__react-admin.823caa0b:root;test_transform_cache:marmelab__react-admin.823caa0b:root:cypress:2ae6a8efe6cf;test_transform_cache:marmelab__react-admin.823caa0b:root:jest:2ae6a8efe6cf
random,random_seed_71,71,45,swesmith/marmelab__react-admin.823caa0b,swesmith/vitejs__vite.8b47ff76,31,60,diff_node_diff_rootfs|low_overlap|native_abi_change|rootfs_change,137587.749818,122815.381949,14772.367869,0.120281,-14772.367869,0,8,7,False,False,False,False,False,False,False,0.0,11.357465500000002,122804.024484,0.0,0.0,,build_cache:vitejs__vite.8b47ff76:root:typescript:c0d87b3d7479;dependency_view:vitejs__vite.8b47ff76:root:7fb655fa88697a9a;node_runtime:22.23.2:linux:x86_64:glibc:abi127;repo_baseline:vitejs__vite:8b47ff76d28630b4dc39c77fbd2762b4c36ad23d;rootfs:node_22-bullseye-slim;source_overlay:vitejs__vite.8b47ff76:root;test_transform_cache:vitejs__vite.8b47ff76:root:vitest:c0d87b3d7479
random,random_seed_71,71,46,swesmith/vitejs__vite.8b47ff76,swesmith/OpenCut-app__OpenCut.e84c0cfd,60,42,diff_node_diff_rootfs|low_overlap|native_abi_change|rootfs_change,130253.277461,116266.710034,13986.567427,0.120297,-13986.567427,0,7,6,False,False,False,False,False,False,False,0.0,11.357465500000002,116255.352569,0.0,0.0,,build_cache:OpenCut-app__OpenCut.e84c0cfd:root:turbo:f3e6c1048a0e;dependency_view:OpenCut-app__OpenCut.e84c0cfd:root:34da0118cee1c5ca;node_runtime:unknown.x-unavailable:linux:x86_64:glibc:abiunknown;repo_baseline:OpenCut-app__OpenCut:e84c0cfda6784abb9bcb72aae757233cd8951780;rootfs:unknown;source_overlay:OpenCut-app__OpenCut.e84c0cfd:root
random,random_seed_71,71,47,swesmith/OpenCut-app__OpenCut.e84c0cfd,swesmith/nightwatchjs__nightwatch.54c8550c,42,39,diff_node_diff_rootfs|low_overlap|native_abi_change|rootfs_change,37826.487558,33999.601411,3826.886147,0.112557,-3826.886147,0,6,7,False,False,False,False,False,False,False,0.0,11.357465500000002,33988.243946,0.0,0.0,,dependency_view:nightwatchjs__nightwatch.54c8550c:root:4a947b8a3bf39687;native_binary_bundle:nightwatchjs__nightwatch.54c8550c:root:@swc_core:109;node_runtime:18.19.1:linux:x86_64:glibc:abi109;repo_baseline:nightwatchjs__nightwatch:54c8550c75a16c61827c0bad043c7ffa073a52e6;rootfs:node_18-slim;source_overlay:nightwatchjs__nightwatch.54c8550c:root;test_transform_cache:nightwatchjs__nightwatch.54c8550c:root:mocha:34743ed160a3
random,random_seed_71,71,48,swesmith/nightwatchjs__nightwatch.54c8550c,swesmith/bootstrap-vue__bootstrap-vue.9a246f45,39,9,same_node_diff_rootfs|low_overlap|rootfs_change,133988.364361,122815.381949,11172.982411,0.090974,-11172.982411,1,6,6,True,False,False,False,False,False,False,0.0,11.357465500000002,122804.024484,0.0,0.0,node_runtime:18.19.1:linux:x86_64:glibc:abi109,build_cache:bootstrap-vue__bootstrap-vue.9a246f45:root:rollup:594eccebc247;dependency_view:bootstrap-vue__bootstrap-vue.9a246f45:root:d41e6daa3c100016;repo_baseline:bootstrap-vue__bootstrap-vue:9a246f45fc813f161df291fc7d6197febf8afaf4;rootfs:node_18-bullseye-slim;source_overlay:bootstrap-vue__bootstrap-vue.9a246f45:root;test_transform_cache:bootstrap-vue__bootstrap-vue.9a246f45:root:jest:594eccebc247
random,random_seed_71,71,49,swesmith/bootstrap-vue__bootstrap-vue.9a246f45,swesmith/josdejong__jsoneditor.0319b213,9,28,diff_node_diff_rootfs|low_overlap|native_abi_change|rootfs_change,237941.566138,212417.003664,25524.562474,0.120163,-25524.562474,0,7,8,False,False,False,False,False,False,False,0.0,11.357465500000002,212405.646198,0.0,0.0,,build_cache:josdejong__jsoneditor.0319b213:root:babel:be56cc981d38;build_cache:josdejong__jsoneditor.0319b213:root:gulp:be56cc981d38;dependency_view:josdejong__jsoneditor.0319b213:root:fba013e11b2e4bd9;node_runtime:20.19.1:linux:x86_64:glibc:abi115;repo_baseline:josdejong__jsoneditor:0319b2131df47f1220d74e3ff174d5c02973ec7d;rootfs:node_20-slim;source_overlay:josdejong__jsoneditor.0319b213:root;test_transform_cache:josdejong__jsoneditor.0319b213:root:mocha:be56cc981d38
random,random_seed_71,71,50,swesmith/josdejong__jsoneditor.0319b213,swesmith/microsoft__vscode.4166e90a,28,33,diff_node_diff_rootfs|same_build_tool|same_test_tool|low_overlap|native_abi_change|rootfs_change,246124.787153,219751.516755,26373.270398,0.120014,-26373.270398,0,8,10,False,False,False,False,True,True,False,0.0,11.357465500000002,219740.159289,0.0,0.0,,build_cache:microsoft__vscode.4166e90a:root:gulp:742f21cec0ed;build_cache:microsoft__vscode.4166e90a:root:next:742f21cec0ed;dependency_view:microsoft__vscode.4166e90a:root:ebafff009f16e711;native_binary_bundle:microsoft__vscode.4166e90a:root:@vscode_sqlite3:127;node_runtime:22.23.2:linux:x86_64:glibc:abi127;repo_baseline:microsoft__vscode:4166e90ac290db7f77800a4f6702903ea4eed476;rootfs:node_22-bookworm;source_overlay:microsoft__vscode.4166e90a:root;test_transform_cache:microsoft__vscode.4166e90a:root:mocha:742f21cec0ed;test_transform_cache:microsoft__vscode.4166e90a:root:playwright:742f21cec0ed
random,random_seed_71,71,51,swesmith/microsoft__vscode.4166e90a,swesmith/iamkun__dayjs.c8a26460,33,25,diff_node_diff_rootfs|low_overlap|native_abi_change|rootfs_change,144922.262363,129364.053864,15558.208498,0.120267,-15558.208498,0,10,8,False,False,False,False,False,False,False,0.0,11.357465500000002,129352.696399,0.0,0.0,,build_cache:iamkun__dayjs.c8a26460:root:babel:9ed6e5f7fd04;dependency_view:iamkun__dayjs.c8a26460:root:c68f1e093a72eecf;node_runtime:18.19.1:linux:x86_64:glibc:abi109;repo_baseline:iamkun__dayjs:c8a26460d89a2ee9a7d3b9cafa124ea856ee883f;rootfs:node_18-bullseye;source_overlay:iamkun__dayjs.c8a26460:root;test_transform_cache:iamkun__dayjs.c8a26460:root:jest:9ed6e5f7fd04;test_transform_cache:iamkun__dayjs.c8a26460:root:karma:9ed6e5f7fd04
random,random_seed_71,71,52,swesmith/iamkun__dayjs.c8a26460,swesmith/redux-saga__redux-saga.a4ace10d,25,48,same_node_diff_rootfs|same_test_tool|low_overlap|rootfs_change,137572.429229,122815.381949,14757.04728,0.120156,-14757.04728,1,7,6,True,False,False,False,False,True,False,0.0,11.357465500000002,122804.024484,0.0,0.0,node_runtime:18.19.1:linux:x86_64:glibc:abi109,build_cache:redux-saga__redux-saga.a4ace10d:root:changesets:c91a6dc103c2;dependency_view:redux-saga__redux-saga.a4ace10d:root:c1bcbd93da3b0eeb;repo_baseline:redux-saga__redux-saga:a4ace10dc3ff182828cd3ee7469f6667e08ceb62;rootfs:node_18-slim;source_overlay:redux-saga__redux-saga.a4ace10d:root;test_transform_cache:redux-saga__redux-saga.a4ace10d:root:jest:c91a6dc103c2
random,random_seed_71,71,53,swesmith/redux-saga__redux-saga.a4ace10d,swesmith/bpampuch__pdfmake.719e7314,48,10,same_node_same_rootfs,225432.305793,185908.074393,39524.2314,0.212601,-39524.2314,2,5,6,True,True,False,False,False,False,False,132.289401,0.0494345,185775.735557,0.0,0.0,node_runtime:18.19.1:linux:x86_64:glibc:abi109;rootfs:node_18-slim,build_cache:bpampuch__pdfmake.719e7314:root:babel:530210e657f9;build_cache:bpampuch__pdfmake.719e7314:root:webpack:530210e657f9;dependency_view:bpampuch__pdfmake.719e7314:root:cbdd674906fcd63a;repo_baseline:bpampuch__pdfmake:719e73140cce75a792f7f419c27fc33a230e73d2;source_overlay:bpampuch__pdfmake.719e7314:root;test_transform_cache:bpampuch__pdfmake.719e7314:root:mocha:530210e657f9
random,random_seed_71,71,54,swesmith/bpampuch__pdfmake.719e7314,swesmith/directus__directus.ac922d18,10,14,diff_node_diff_rootfs|low_overlap|native_abi_change|rootfs_change,29905.253608,26665.08832,3240.165287,0.121513,-3240.165287,0,8,5,False,False,False,False,False,False,False,0.0,11.357465500000002,26653.730854999998,0.0,0.0,,dependency_view:directus__directus.ac922d18:root:2b92fcea821d0732;node_runtime:22.23.2:linux:x86_64:glibc:abi127;repo_baseline:directus__directus:ac922d18f6039582a18737a6dc6d1d9a08a194e8;rootfs:node_22-slim;source_overlay:directus__directus.ac922d18:root
random,random_seed_71,71,55,swesmith/directus__directus.ac922d18,swesmith/marko-js__marko.24b9402c,14,30,diff_node_diff_rootfs|low_overlap|native_abi_change|rootfs_change,231360.197994,213202.84484,18157.353155,0.085165,-18157.353155,0,5,9,False,False,False,False,False,False,False,0.0,11.357465500000002,213191.487374,0.0,0.0,,build_cache:marko-js__marko.24b9402c:root:changesets:ae9158e5e102;build_cache:marko-js__marko.24b9402c:root:typescript:ae9158e5e102;dependency_view:marko-js__marko.24b9402c:root:4dafb814ddc2f538;native_binary_bundle:marko-js__marko.24b9402c:root:esbuild:115;node_runtime:20.19.1:linux:x86_64:glibc:abi115;repo_baseline:marko-js__marko:24b9402cd54c3a74f200da0f79dd19350995a9ba;rootfs:node_20-slim;source_overlay:marko-js__marko.24b9402c:root;test_transform_cache:marko-js__marko.24b9402c:root:mocha:ae9158e5e102
random,random_seed_71,71,56,swesmith/marko-js__marko.24b9402c,swesmith/segmentio__evergreen.9b774aee,30,51,diff_node_diff_rootfs|same_build_tool|low_overlap|native_abi_change|rootfs_change,338295.382458,302018.625378,36276.75708,0.120114,-36276.75708,0,9,9,False,False,False,False,True,False,False,0.0,11.357465500000002,302007.267912,0.0,0.0,,build_cache:segmentio__evergreen.9b774aee:root:babel:871730dbe504;build_cache:segmentio__evergreen.9b774aee:root:rollup:871730dbe504;build_cache:segmentio__evergreen.9b774aee:root:typescript:871730dbe504;dependency_view:segmentio__evergreen.9b774aee:root:c290fc2f869fd91a;node_runtime:18.19.1:linux:x86_64:glibc:abi109;repo_baseline:segmentio__evergreen:9b774aee2d794f6cf2f73a054bd33066ca5898a9;rootfs:node_18-slim;source_overlay:segmentio__evergreen.9b774aee:root;test_transform_cache:segmentio__evergreen.9b774aee:root:jest:871730dbe504
random,random_seed_71,71,57,swesmith/segmentio__evergreen.9b774aee,swesmith/coder__code-server.e90504b8,51,13,diff_node_diff_rootfs|low_overlap|native_abi_change|rootfs_change,29905.253608,26665.08832,3240.165287,0.121513,-3240.165287,0,9,5,False,False,False,False,False,False,False,0.0,11.357465500000002,26653.730854999998,0.0,0.0,,dependency_view:coder__code-server.e90504b8:root:cc86648d271cc663;node_runtime:22.23.2:linux:x86_64:glibc:abi127;repo_baseline:coder__code-server:e90504b8cf1d73c36d902bbaaec7bab33f15c42e;rootfs:node_22-bookworm-slim;source_overlay:coder__code-server.e90504b8:root
random,random_seed_71,71,58,swesmith/coder__code-server.e90504b8,swesmith/strapi__strapi.e5b87a54,13,53,diff_node_diff_rootfs|low_overlap|native_abi_change|rootfs_change,134590.446543,123601.223125,10989.223418,0.088909,-10989.223418,0,5,8,False,False,False,False,False,False,False,0.0,11.357465500000002,123589.86566,0.0,0.0,,build_cache:strapi__strapi.e5b87a54:root:nx:dc747f5541b9;dependency_view:strapi__strapi.e5b87a54:root:6fe14b23a9f92e6c;native_binary_bundle:strapi__strapi.e5b87a54:root:@swc_core:115;node_runtime:20.19.1:linux:x86_64:glibc:abi115;repo_baseline:strapi__strapi:e5b87a54008c9de2b3286a4774635dcf69895d9b;rootfs:node_20-slim;source_overlay:strapi__strapi.e5b87a54:root;test_transform_cache:strapi__strapi.e5b87a54:root:jest:dc747f5541b9
random,random_seed_71,71,59,swesmith/strapi__strapi.e5b87a54,swesmith/nock__nock.e7418da2,53,40,same_node_diff_rootfs|same_test_tool|low_overlap|rootfs_change,44558.917921,39762.43215,4796.48577,0.120629,-4796.48577,1,7,6,True,False,False,False,False,True,False,0.0,11.357465500000002,39751.074685,0.0,0.0,node_runtime:20.19.1:linux:x86_64:glibc:abi115,dependency_view:nock__nock.e7418da2:root:541f81ce3f744a6f;repo_baseline:nock__nock:e7418da29feb4a7bf0aa1612bfb9d32a4051651e;rootfs:node_20;source_overlay:nock__nock.e7418da2:root;test_transform_cache:nock__nock.e7418da2:root:jest:bf94886cefe6;test_transform_cache:nock__nock.e7418da2:root:mocha:bf94886cefe6
random,random_seed_71,71,60,swesmith/nock__nock.e7418da2,swesmith/welldone-software__why-did-you-render.3ec3512d,40,64,same_node_diff_rootfs|same_test_tool|low_overlap|rootfs_change,141322.876906,129364.053864,11958.823041,0.092443,-11958.823041,1,6,7,True,False,False,False,False,True,False,0.0,11.357465500000002,129352.696399,0.0,0.0,node_runtime:20.19.1:linux:x86_64:glibc:abi115,build_cache:welldone-software__why-did-you-render.3ec3512d:root:rollup:3d9083a10a5d;dependency_view:welldone-software__why-did-you-render.3ec3512d:root:773c5e8f586ea9c4;repo_baseline:welldone-software__why-did-you-render:3ec3512d750c49448fe2241e26d05db9e42f0c21;rootfs:node_20-slim;source_overlay:welldone-software__why-did-you-render.3ec3512d:root;test_transform_cache:welldone-software__why-did-you-render.3ec3512d:root:cypress:3d9083a10a5d;test_transform_cache:welldone-software__why-did-you-render.3ec3512d:root:jest:3d9083a10a5d
random,random_seed_71,71,61,swesmith/welldone-software__why-did-you-render.3ec3512d,swesmith/sveltejs__svelte.6c9717a9,64,54,diff_node_diff_rootfs|low_overlap|native_abi_change|rootfs_change,137587.749818,122815.381949,14772.367869,0.120281,-14772.367869,0,8,7,False,False,False,False,False,False,False,0.0,11.357465500000002,122804.024484,0.0,0.0,,build_cache:sveltejs__svelte.6c9717a9:root:changesets:85b839d59475;dependency_view:sveltejs__svelte.6c9717a9:root:b0c07bc3f3203c46;node_runtime:18.19.1:linux:x86_64:glibc:abi109;repo_baseline:sveltejs__svelte:6c9717a91f2f6ae10641d1cf502ba13d227fbe45;rootfs:node_18-bullseye;source_overlay:sveltejs__svelte.6c9717a9:root;test_transform_cache:sveltejs__svelte.6c9717a9:root:vitest:85b839d59475
random,random_seed_71,71,62,swesmith/sveltejs__svelte.6c9717a9,swesmith/websockets__ws.726c3732,54,63,same_node_diff_rootfs|low_overlap|rootfs_change,37224.405376,33213.760235,4010.645141,0.120753,-4010.645141,1,6,5,True,False,False,False,False,False,False,0.0,11.357465500000002,33202.40277,0.0,0.0,node_runtime:18.19.1:linux:x86_64:glibc:abi109,dependency_view:websockets__ws.726c3732:root:76eb131f76afa769;repo_baseline:websockets__ws:726c3732b3e5319219ed73cac4826fd36917e2e1;rootfs:node_18-slim;source_overlay:websockets__ws.726c3732:root;test_transform_cache:websockets__ws.726c3732:root:mocha:aaedef2a72b6
random,random_seed_71,71,63,swesmith/websockets__ws.726c3732,swesmith/necolas__react-native-web.a9de220b,63,36,same_node_diff_rootfs|low_overlap|rootfs_change,37218.61291,33213.760235,4004.852674,0.120578,-4004.852674,1,5,5,True,False,False,False,False,False,False,0.0,11.357465500000002,33202.40277,0.0,0.0,node_runtime:18.19.1:linux:x86_64:glibc:abi109,dependency_view:necolas__react-native-web.a9de220b:root:40742e8c9629eceb;repo_baseline:necolas__react-native-web:a9de220ba9e65bdea540fb5322ffb1da2b0bf442;rootfs:node_18;source_overlay:necolas__react-native-web.a9de220b:root;test_transform_cache:necolas__react-native-web.a9de220b:root:jest:ff4b31c887fd
similarity,similarity,,1,swesmith/advplyr__audiobookshelf.626596b1,swesmith/bootstrap-vue__bootstrap-vue.9a246f45,1,9,same_node_same_rootfs,121494.424605,96306.452679,25187.971926,0.26154,-25187.971926,2,8,5,True,True,False,False,False,False,False,132.289401,0.0494345,96174.113843,0.0,0.0,node_runtime:18.19.1:linux:x86_64:glibc:abi109;rootfs:node_18-bullseye-slim,build_cache:bootstrap-vue__bootstrap-vue.9a246f45:root:rollup:594eccebc247;dependency_view:bootstrap-vue__bootstrap-vue.9a246f45:root:d41e6daa3c100016;repo_baseline:bootstrap-vue__bootstrap-vue:9a246f45fc813f161df291fc7d6197febf8afaf4;source_overlay:bootstrap-vue__bootstrap-vue.9a246f45:root;test_transform_cache:bootstrap-vue__bootstrap-vue.9a246f45:root:jest:594eccebc247
similarity,similarity,,2,swesmith/bootstrap-vue__bootstrap-vue.9a246f45,swesmith/Automattic__mongoose.5f57a5bb,9,4,same_node_diff_rootfs|low_overlap|rootfs_change,37224.405376,33213.760235,4010.645141,0.120753,-4010.645141,1,6,5,True,False,False,False,False,False,False,0.0,11.357465500000002,33202.40277,0.0,0.0,node_runtime:18.19.1:linux:x86_64:glibc:abi109,dependency_view:Automattic__mongoose.5f57a5bb:root:f4a039d5d472a10b;repo_baseline:Automattic__mongoose:5f57a5bbb2e8dfed8d04be47cdd17728633c44c1;rootfs:node_18-bullseye;source_overlay:Automattic__mongoose.5f57a5bb:root;test_transform_cache:Automattic__mongoose.5f57a5bb:root:mocha:0f744702c7e7
similarity,similarity,,3,swesmith/Automattic__mongoose.5f57a5bb,swesmith/axios__axios.ef36347f,4,5,same_node_same_rootfs|same_test_tool,225598.688601,192456.746308,33141.942293,0.172205,-33141.942293,2,4,7,True,True,False,False,False,True,False,132.289401,0.0494345,192324.40747200002,0.0,0.0,node_runtime:18.19.1:linux:x86_64:glibc:abi109;rootfs:node_18-bullseye,build_cache:axios__axios.ef36347f:root:gulp:0b40dadaf3bd;build_cache:axios__axios.ef36347f:root:rollup:0b40dadaf3bd;dependency_view:axios__axios.ef36347f:root:2346329f530df5bd;repo_baseline:axios__axios:ef36347fb559383b04c755b07f1a8d11897fab7f;source_overlay:axios__axios.ef36347f:root;test_transform_cache:axios__axios.ef36347f:root:karma:0b40dadaf3bd;test_transform_cache:axios__axios.ef36347f:root:mocha:0b40dadaf3bd
similarity,similarity,,4,swesmith/axios__axios.ef36347f,swesmith/caolan__async.23dbf76a,5,12,same_node_same_rootfs|same_test_tool,32064.978165,13253.50288,18811.475285,1.419359,-18811.475285,2,7,5,True,True,False,False,False,True,False,132.289401,0.0494345,13121.164044000001,0.0,0.0,node_runtime:18.19.1:linux:x86_64:glibc:abi109;rootfs:node_18-bullseye,dependency_view:caolan__async.23dbf76a:root:579fe631d378a055;repo_baseline:caolan__async:23dbf76aeb04c7c3dd56276115b277e3fa9dd5cc;source_overlay:caolan__async.23dbf76a:root;test_transform_cache:caolan__async.23dbf76a:root:karma:73168162c1db;test_transform_cache:caolan__async.23dbf76a:root:mocha:73168162c1db
similarity,similarity,,5,swesmith/caolan__async.23dbf76a,swesmith/iamkun__dayjs.c8a26460,12,25,same_node_same_rootfs|same_test_tool,128828.93715,102855.124594,25973.812556,0.252528,-25973.812556,2,5,6,True,True,False,False,False,True,False,132.289401,0.0494345,102722.785758,0.0,0.0,node_runtime:18.19.1:linux:x86_64:glibc:abi109;rootfs:node_18-bullseye,build_cache:iamkun__dayjs.c8a26460:root:babel:9ed6e5f7fd04;dependency_view:iamkun__dayjs.c8a26460:root:c68f1e093a72eecf;repo_baseline:iamkun__dayjs:c8a26460d89a2ee9a7d3b9cafa124ea856ee883f;source_overlay:iamkun__dayjs.c8a26460:root;test_transform_cache:iamkun__dayjs.c8a26460:root:jest:9ed6e5f7fd04;test_transform_cache:iamkun__dayjs.c8a26460:root:karma:9ed6e5f7fd04
similarity,similarity,,6,swesmith/iamkun__dayjs.c8a26460,swesmith/sveltejs__svelte.6c9717a9,25,54,same_node_same_rootfs,125078.489473,96306.452679,28772.036795,0.298755,-28772.036795,2,6,5,True,True,False,False,False,False,False,132.289401,0.0494345,96174.113843,0.0,0.0,node_runtime:18.19.1:linux:x86_64:glibc:abi109;rootfs:node_18-bullseye,build_cache:sveltejs__svelte.6c9717a9:root:changesets:85b839d59475;dependency_view:sveltejs__svelte.6c9717a9:root:b0c07bc3f3203c46;repo_baseline:sveltejs__svelte:6c9717a91f2f6ae10641d1cf502ba13d227fbe45;source_overlay:sveltejs__svelte.6c9717a9:root;test_transform_cache:sveltejs__svelte.6c9717a9:root:vitest:85b839d59475
similarity,similarity,,7,swesmith/sveltejs__svelte.6c9717a9,swesmith/Netflix__falcor.39d64776,54,38,same_node_diff_rootfs|low_overlap|rootfs_change,137572.429229,122815.381949,14757.04728,0.120156,-14757.04728,1,6,6,True,False,False,False,False,False,False,0.0,11.357465500000002,122804.024484,0.0,0.0,node_runtime:18.19.1:linux:x86_64:glibc:abi109,build_cache:Netflix__falcor.39d64776:root:gulp:8290bb56acfc;dependency_view:Netflix__falcor.39d64776:root:missing;repo_baseline:Netflix__falcor:39d64776cf9d87781b2791615dcbae73b2bcd2e1;rootfs:node_18-slim;source_overlay:Netflix__falcor.39d64776:root;test_transform_cache:Netflix__falcor.39d64776:root:jest:8290bb56acfc
similarity,similarity,,8,swesmith/Netflix__falcor.39d64776,swesmith/Redocly__redoc.d41fd46f,38,47,same_node_same_rootfs|same_test_tool,232766.818338,192456.746308,40310.07203,0.20945,-40310.07203,2,5,7,True,True,False,False,False,True,False,132.289401,0.0494345,192324.40747200002,0.0,0.0,node_runtime:18.19.1:linux:x86_64:glibc:abi109;rootfs:node_18-slim,build_cache:Redocly__redoc.d41fd46f:root:typescript:68063787fe82;build_cache:Redocly__redoc.d41fd46f:root:webpack:68063787fe82;dependency_view:Redocly__redoc.d41fd46f:root:398d8eda0bb00a78;repo_baseline:Redocly__redoc:d41fd46f7cbee86bf83dc17b7ec51baf54f72a54;source_overlay:Redocly__redoc.d41fd46f:root;test_transform_cache:Redocly__redoc.d41fd46f:root:cypress:68063787fe82;test_transform_cache:Redocly__redoc.d41fd46f:root:jest:68063787fe82
similarity,similarity,,9,swesmith/Redocly__redoc.d41fd46f,swesmith/ajayyy__SponsorBlock.dfddffbc,47,2,same_node_same_rootfs|same_build_tool|same_test_tool,125078.489473,96306.452679,28772.036795,0.298755,-28772.036795,2,7,5,True,True,False,False,True,True,False,132.289401,0.0494345,96174.113843,0.0,0.0,node_runtime:18.19.1:linux:x86_64:glibc:abi109;rootfs:node_18-slim,build_cache:ajayyy__SponsorBlock.dfddffbc:root:webpack:d8254aa65fa6;dependency_view:ajayyy__SponsorBlock.dfddffbc:root:72aaad849c194625;repo_baseline:ajayyy__SponsorBlock:dfddffbc5128dbc55b4dc7c83cdcd18787f48ba4;source_overlay:ajayyy__SponsorBlock.dfddffbc:root;test_transform_cache:ajayyy__SponsorBlock.dfddffbc:root:jest:d8254aa65fa6
similarity,similarity,,10,swesmith/ajayyy__SponsorBlock.dfddffbc,swesmith/balderdashy__sails.ffebacc5,2,7,same_node_same_rootfs,24730.46562,6704.830964,18025.634655,2.688455,-18025.634655,2,5,4,True,True,False,False,False,False,False,132.289401,0.0494345,6572.492129,0.0,0.0,node_runtime:18.19.1:linux:x86_64:glibc:abi109;rootfs:node_18-slim,dependency_view:balderdashy__sails.ffebacc5:root:05b5a7170832986f;repo_baseline:balderdashy__sails:ffebacc58c27f878c9373702bc3a3f91a02bca0c;source_overlay:balderdashy__sails.ffebacc5:root;test_transform_cache:balderdashy__sails.ffebacc5:root:mocha:8d9a655c7243
similarity,similarity,,11,swesmith/balderdashy__sails.ffebacc5,swesmith/bpampuch__pdfmake.719e7314,7,10,same_node_same_rootfs|same_test_tool,218264.176056,185908.074393,32356.101663,0.174044,-32356.101663,2,4,6,True,True,False,False,False,True,False,132.289401,0.0494345,185775.735557,0.0,0.0,node_runtime:18.19.1:linux:x86_64:glibc:abi109;rootfs:node_18-slim,build_cache:bpampuch__pdfmake.719e7314:root:babel:530210e657f9;build_cache:bpampuch__pdfmake.719e7314:root:webpack:530210e657f9;dependency_view:bpampuch__pdfmake.719e7314:root:cbdd674906fcd63a;repo_baseline:bpampuch__pdfmake:719e73140cce75a792f7f419c27fc33a230e73d2;source_overlay:bpampuch__pdfmake.719e7314:root;test_transform_cache:bpampuch__pdfmake.719e7314:root:mocha:530210e657f9
similarity,similarity,,12,swesmith/bpampuch__pdfmake.719e7314,swesmith/emotion-js__emotion.b882bcba,10,16,same_node_same_rootfs,225432.305793,185908.074393,39524.2314,0.212601,-39524.2314,2,6,6,True,True,False,False,False,False,False,132.289401,0.0494345,185775.735557,0.0,0.0,node_runtime:18.19.1:linux:x86_64:glibc:abi109;rootfs:node_18-slim,build_cache:emotion-js__emotion.b882bcba:root:changesets:c2de0d725c3c;build_cache:emotion-js__emotion.b882bcba:root:typescript:c2de0d725c3c;dependency_view:emotion-js__emotion.b882bcba:root:0f78ed9b2143da62;repo_baseline:emotion-js__emotion:b882bcba85132554992e4bd49e94c95939bbf810;source_overlay:emotion-js__emotion.b882bcba:root;test_transform_cache:emotion-js__emotion.b882bcba:root:jest:c2de0d725c3c
similarity,similarity,,13,swesmith/emotion-js__emotion.b882bcba,swesmith/enzymejs__enzyme.61e1b47c,16,17,same_node_same_rootfs,132413.002018,102855.124594,29557.877425,0.287374,-29557.877425,2,6,6,True,True,False,False,False,False,False,132.289401,0.0494345,102722.785758,0.0,0.0,node_runtime:18.19.1:linux:x86_64:glibc:abi109;rootfs:node_18-slim,build_cache:enzymejs__enzyme.61e1b47c:root:lerna:4103008f3c25;dependency_view:enzymejs__enzyme.61e1b47c:root:414c164bd62a9324;repo_baseline:enzymejs__enzyme:61e1b47c4bdc4509b2ac286c0d3ae3df172d26f0;source_overlay:enzymejs__enzyme.61e1b47c:root;test_transform_cache:enzymejs__enzyme.61e1b47c:root:karma:4103008f3c25;test_transform_cache:enzymejs__enzyme.61e1b47c:root:mocha:4103008f3c25
similarity,similarity,,14,swesmith/enzymejs__enzyme.61e1b47c,swesmith/foliojs__pdfkit.d0108157,17,20,same_node_same_rootfs,125864.330649,97092.293855,28772.036795,0.296337,-28772.036795,2,6,6,True,True,False,False,False,False,False,132.289401,0.0494345,96959.955019,0.0,0.0,node_runtime:18.19.1:linux:x86_64:glibc:abi109;rootfs:node_18-slim,build_cache:foliojs__pdfkit.d0108157:root:rollup:bbc97774e07e;dependency_view:foliojs__pdfkit.d0108157:root:11c27c17439e5efb;native_binary_bundle:foliojs__pdfkit.d0108157:root:canvas:109;repo_baseline:foliojs__pdfkit:d0108157f13d763ad5287a2293436b5a1aecf055;source_overlay:foliojs__pdfkit.d0108157:root;test_transform_cache:foliojs__pdfkit.d0108157:root:jest:bbc97774e07e
similarity,similarity,,15,swesmith/foliojs__pdfkit.d0108157,swesmith/jantimon__html-webpack-plugin.9a39db80,20,26,same_node_same_rootfs|same_test_tool,225432.305793,185908.074393,39524.2314,0.212601,-39524.2314,2,6,6,True,True,False,False,False,True,False,132.289401,0.0494345,185775.735557,0.0,0.0,node_runtime:18.19.1:linux:x86_64:glibc:abi109;rootfs:node_18-slim,build_cache:jantimon__html-webpack-plugin.9a39db80:root:typescript:03abf47fc179;build_cache:jantimon__html-webpack-plugin.9a39db80:root:webpack:03abf47fc179;dependency_view:jantimon__html-webpack-plugin.9a39db80:root:c9d26828be2c203c;repo_baseline:jantimon__html-webpack-plugin:9a39db807c09d8e6145e5047cfe2ec5e928e1dee;source_overlay:jantimon__html-webpack-plugin.9a39db80:root;test_transform_cache:jantimon__html-webpack-plugin.9a39db80:root:jest:03abf47fc179
similarity,similarity,,16,swesmith/jantimon__html-webpack-plugin.9a39db80,swesmith/jaredpalmer__formik.91475adb,26,27,same_node_same_rootfs,225432.305793,185908.074393,39524.2314,0.212601,-39524.2314,2,6,6,True,True,False,False,False,False,False,132.289401,0.0494345,185775.735557,0.0,0.0,node_runtime:18.19.1:linux:x86_64:glibc:abi109;rootfs:node_18-slim,build_cache:jaredpalmer__formik.91475adb:root:changesets:be61650024fa;build_cache:jaredpalmer__formik.91475adb:root:turbo:be61650024fa;dependency_view:jaredpalmer__formik.91475adb:root:0ea1f56b0c1e2753;repo_baseline:jaredpalmer__formik:91475adbf33579561e580eceea0c031f4ec2e992;source_overlay:jaredpalmer__formik.91475adb:root;test_transform_cache:jaredpalmer__formik.91475adb:root:playwright:be61650024fa
similarity,similarity,,17,swesmith/jaredpalmer__formik.91475adb,swesmith/josdejong__mathjs.04e6e2d7,27,29,same_node_same_rootfs,240101.330883,199005.418223,41095.91266,0.206507,-41095.91266,2,6,8,True,True,False,False,False,False,False,132.289401,0.0494345,198873.07938700003,0.0,0.0,node_runtime:18.19.1:linux:x86_64:glibc:abi109;rootfs:node_18-slim,build_cache:josdejong__mathjs.04e6e2d7:root:gulp:4c7f724eabb4;build_cache:josdejong__mathjs.04e6e2d7:root:typescript:4c7f724eabb4;dependency_view:josdejong__mathjs.04e6e2d7:root:653bb0be0a5e4b8c;repo_baseline:josdejong__mathjs:04e6e2d7a949d6ddc7d7139bf1e3a88e6fe5365b;source_overlay:josdejong__mathjs.04e6e2d7:root;test_transform_cache:josdejong__mathjs.04e6e2d7:root:ava:4c7f724eabb4;test_transform_cache:josdejong__mathjs.04e6e2d7:root:karma:4c7f724eabb4;test_transform_cache:josdejong__mathjs.04e6e2d7:root:mocha:4c7f724eabb4
similarity,similarity,,18,swesmith/josdejong__mathjs.04e6e2d7,swesmith/mholt__PapaParse.b10b87ef,29,32,same_node_same_rootfs|same_test_tool,24730.46562,6704.830964,18025.634655,2.688455,-18025.634655,2,8,4,True,True,False,False,False,True,False,132.289401,0.0494345,6572.492129,0.0,0.0,node_runtime:18.19.1:linux:x86_64:glibc:abi109;rootfs:node_18-slim,dependency_view:mholt__PapaParse.b10b87ef:root:85db9ec387c60c3e;repo_baseline:mholt__PapaParse:b10b87ef8686c6f88299b50dd25e83606e9c36d4;source_overlay:mholt__PapaParse.b10b87ef:root;test_transform_cache:mholt__PapaParse.b10b87ef:root:mocha:33ffa1b7b9c3
similarity,similarity,,19,swesmith/mholt__PapaParse.b10b87ef,swesmith/nightwatchjs__nightwatch.54c8550c,32,39,same_node_same_rootfs|same_test_tool,25510.51433,7490.67214,18019.842189,2.405638,-18019.842189,2,4,5,True,True,False,False,False,True,False,132.289401,0.0494345,7358.333305,0.0,0.0,node_runtime:18.19.1:linux:x86_64:glibc:abi109;rootfs:node_18-slim,dependency_view:nightwatchjs__nightwatch.54c8550c:root:4a947b8a3bf39687;native_binary_bundle:nightwatchjs__nightwatch.54c8550c:root:@swc_core:109;repo_baseline:nightwatchjs__nightwatch:54c8550c75a16c61827c0bad043c7ffa073a52e6;source_overlay:nightwatchjs__nightwatch.54c8550c:root;test_transform_cache:nightwatchjs__nightwatch.54c8550c:root:mocha:34743ed160a3
similarity,similarity,,20,swesmith/nightwatchjs__nightwatch.54c8550c,swesmith/react-hook-form__react-hook-form.3adba2b8,39,44,same_node_same_rootfs|same_native_bundle,226150.17595,192573.005121,33577.170829,0.174361,-33577.170829,2,5,8,True,True,False,False,False,False,True,132.289401,116.30824750000001,192324.40747200002,0.0,0.0,node_runtime:18.19.1:linux:x86_64:glibc:abi109;rootfs:node_18-slim,build_cache:react-hook-form__react-hook-form.3adba2b8:root:rollup:759c3e15fb55;build_cache:react-hook-form__react-hook-form.3adba2b8:root:typescript:759c3e15fb55;dependency_view:react-hook-form__react-hook-form.3adba2b8:root:f10d22bc872be4f0;native_binary_bundle:react-hook-form__react-hook-form.3adba2b8:root:@swc_core:109;repo_baseline:react-hook-form__react-hook-form:3adba2b816dd50bbca460bbe61df64b50bc6b1da;source_overlay:react-hook-form__react-hook-form.3adba2b8:root;test_transform_cache:react-hook-form__react-hook-form.3adba2b8:root:cypress:759c3e15fb55;test_transform_cache:react-hook-form__react-hook-form.3adba2b8:root:jest:759c3e15fb55
similarity,similarity,,21,swesmith/react-hook-form__react-hook-form.3adba2b8,swesmith/reactjs__react-transition-group.2989b5b8,44,46,same_node_same_rootfs|same_build_tool|same_test_tool,325786.122113,275509.696106,50276.426006,0.182485,-50276.426006,2,8,7,True,True,False,False,True,True,False,132.289401,0.0494345,275377.357271,0.0,0.0,node_runtime:18.19.1:linux:x86_64:glibc:abi109;rootfs:node_18-slim,build_cache:reactjs__react-transition-group.2989b5b8:root:babel:d8eb49b0cb73;build_cache:reactjs__react-transition-group.2989b5b8:root:next:d8eb49b0cb73;build_cache:reactjs__react-transition-group.2989b5b8:root:rollup:d8eb49b0cb73;dependency_view:reactjs__react-transition-group.2989b5b8:root:670f3bc8796f5ef3;repo_baseline:reactjs__react-transition-group:2989b5b87b4b4d1001f21c8efa503049ffb4fe8d;source_overlay:reactjs__react-transition-group.2989b5b8:root;test_transform_cache:reactjs__react-transition-group.2989b5b8:root:jest:d8eb49b0cb73
similarity,similarity,,22,swesmith/reactjs__react-transition-group.2989b5b8,swesmith/redux-saga__redux-saga.a4ace10d,46,48,same_node_same_rootfs|same_test_tool,125078.489473,96306.452679,28772.036795,0.298755,-28772.036795,2,7,5,True,True,False,False,False,True,False,132.289401,0.0494345,96174.113843,0.0,0.0,node_runtime:18.19.1:linux:x86_64:glibc:abi109;rootfs:node_18-slim,build_cache:redux-saga__redux-saga.a4ace10d:root:changesets:c91a6dc103c2;dependency_view:redux-saga__redux-saga.a4ace10d:root:c1bcbd93da3b0eeb;repo_baseline:redux-saga__redux-saga:a4ace10dc3ff182828cd3ee7469f6667e08ceb62;source_overlay:redux-saga__redux-saga.a4ace10d:root;test_transform_cache:redux-saga__redux-saga.a4ace10d:root:jest:c91a6dc103c2
similarity,similarity,,23,swesmith/redux-saga__redux-saga.a4ace10d,swesmith/remy__nodemon.daad5c16,48,50,same_node_same_rootfs,24730.46562,6704.830964,18025.634655,2.688455,-18025.634655,2,5,4,True,True,False,False,False,False,False,132.289401,0.0494345,6572.492129,0.0,0.0,node_runtime:18.19.1:linux:x86_64:glibc:abi109;rootfs:node_18-slim,dependency_view:remy__nodemon.daad5c16:root:e2111c2b7033d511;repo_baseline:remy__nodemon:daad5c162919fa6abff53be16832bdf55f2204ad;source_overlay:remy__nodemon.daad5c16:root;test_transform_cache:remy__nodemon.daad5c16:root:mocha:93608e3893b6
similarity,similarity,,24,swesmith/remy__nodemon.daad5c16,swesmith/segmentio__evergreen.9b774aee,50,51,same_node_same_rootfs,315033.927507,275509.696106,39524.2314,0.143459,-39524.2314,2,4,7,True,True,False,False,False,False,False,132.289401,0.0494345,275377.357271,0.0,0.0,node_runtime:18.19.1:linux:x86_64:glibc:abi109;rootfs:node_18-slim,build_cache:segmentio__evergreen.9b774aee:root:babel:871730dbe504;build_cache:segmentio__evergreen.9b774aee:root:rollup:871730dbe504;build_cache:segmentio__evergreen.9b774aee:root:typescript:871730dbe504;dependency_view:segmentio__evergreen.9b774aee:root:c290fc2f869fd91a;repo_baseline:segmentio__evergreen:9b774aee2d794f6cf2f73a054bd33066ca5898a9;source_overlay:segmentio__evergreen.9b774aee:root;test_transform_cache:segmentio__evergreen.9b774aee:root:jest:871730dbe504
similarity,similarity,,25,swesmith/segmentio__evergreen.9b774aee,swesmith/umijs__qiankun.693cdde7,51,59,same_node_same_rootfs,117744.017116,89757.780764,27986.236353,0.311797,-27986.236353,2,7,4,True,True,False,False,False,False,False,132.289401,0.0494345,89625.441928,0.0,0.0,node_runtime:18.19.1:linux:x86_64:glibc:abi109;rootfs:node_18-slim,build_cache:umijs__qiankun.693cdde7:root:changesets:39fec7936def;dependency_view:umijs__qiankun.693cdde7:root:af8a3045705a19cc;repo_baseline:umijs__qiankun:693cdde75049830820ff9490dd267f9701db25e6;source_overlay:umijs__qiankun.693cdde7:root
similarity,similarity,,26,swesmith/umijs__qiankun.693cdde7,swesmith/websockets__ws.726c3732,59,63,same_node_same_rootfs,24468.518743,6704.830964,17763.687779,2.649386,-17763.687779,2,4,4,True,True,False,False,False,False,False,132.289401,0.0494345,6572.492129,0.0,0.0,node_runtime:18.19.1:linux:x86_64:glibc:abi109;rootfs:node_18-slim,dependency_view:websockets__ws.726c3732:root:76eb131f76afa769;repo_baseline:websockets__ws:726c3732b3e5319219ed73cac4826fd36917e2e1;source_overlay:websockets__ws.726c3732:root;test_transform_cache:websockets__ws.726c3732:root:mocha:aaedef2a72b6
similarity,similarity,,27,swesmith/websockets__ws.726c3732,swesmith/foambubble__foam.2cac8162,63,19,same_node_diff_rootfs|low_overlap|rootfs_change,126653.892004,116266.710034,10387.181969,0.089339,-10387.181969,1,5,5,True,False,False,False,False,False,False,0.0,11.357465500000002,116255.352569,0.0,0.0,node_runtime:18.19.1:linux:x86_64:glibc:abi109,build_cache:foambubble__foam.2cac8162:root:lerna:2510f8df8165;dependency_view:foambubble__foam.2cac8162:root:8118db77d559a658;repo_baseline:foambubble__foam:2cac816272157f3a964b30adf4f29c0b2973cce8;rootfs:node_18;source_overlay:foambubble__foam.2cac8162:root
similarity,similarity,,28,swesmith/foambubble__foam.2cac8162,swesmith/necolas__react-native-web.a9de220b,19,36,same_node_same_rootfs,24468.518743,6704.830964,17763.687779,2.649386,-17763.687779,2,4,4,True,True,False,False,False,False,False,132.289401,0.0494345,6572.492129,0.0,0.0,node_runtime:18.19.1:linux:x86_64:glibc:abi109;rootfs:node_18,dependency_view:necolas__react-native-web.a9de220b:root:40742e8c9629eceb;repo_baseline:necolas__react-native-web:a9de220ba9e65bdea540fb5322ffb1da2b0bf442;source_overlay:necolas__react-native-web.a9de220b:root;test_transform_cache:necolas__react-native-web.a9de220b:root:jest:ff4b31c887fd
similarity,similarity,,29,swesmith/necolas__react-native-web.a9de220b,swesmith/Effect-TS__effect.5df4da10,36,15,diff_node_diff_rootfs|low_overlap|native_abi_change|rootfs_change,230773.436401,212417.003664,18356.432737,0.086417,-18356.432737,0,6,8,False,False,False,False,False,False,False,0.0,11.357465500000002,212405.646198,0.0,0.0,,build_cache:Effect-TS__effect.5df4da10:root:changesets:3936ee7940b9;build_cache:Effect-TS__effect.5df4da10:root:typescript:3936ee7940b9;dependency_view:Effect-TS__effect.5df4da10:root:61e1a82d9173e1a4;node_runtime:20.19.1:linux:x86_64:glibc:abi115;repo_baseline:Effect-TS__effect:5df4da10de444f379a166f4b28721e75100bb838;rootfs:node_20-slim;source_overlay:Effect-TS__effect.5df4da10:root;test_transform_cache:Effect-TS__effect.5df4da10:root:vitest:3936ee7940b9
similarity,similarity,,30,swesmith/Effect-TS__effect.5df4da10,swesmith/ReactiveX__rxjs.c15b37f8,15,45,same_node_same_rootfs,117744.017116,89641.884767,28102.132349,0.313493,-28102.132349,2,6,4,True,True,False,False,False,False,False,16.393405,0.0494345,89625.441928,0.0,0.0,node_runtime:20.19.1:linux:x86_64:glibc:abi115;rootfs:node_20-slim,build_cache:ReactiveX__rxjs.c15b37f8:root:nx:2403aec3ebd5;dependency_view:ReactiveX__rxjs.c15b37f8:root:c5fbb2e88b68c3b9;repo_baseline:ReactiveX__rxjs:c15b37f81ba5f5abea8c872b0189a70b150df4cb;source_overlay:ReactiveX__rxjs.c15b37f8:root
similarity,similarity,,31,swesmith/ReactiveX__rxjs.c15b37f8,swesmith/bluesky-social__social-app.cbd48c85,45,8,same_node_same_rootfs,124816.542597,96190.556682,28625.985914,0.297597,-28625.985914,2,4,5,True,True,False,False,False,False,False,16.393405,0.0494345,96174.113843,0.0,0.0,node_runtime:20.19.1:linux:x86_64:glibc:abi115;rootfs:node_20-slim,build_cache:bluesky-social__social-app.cbd48c85:root:typescript:4a9667753d9f;dependency_view:bluesky-social__social-app.cbd48c85:root:109982c53979748a;repo_baseline:bluesky-social__social-app:cbd48c855a57f1a294f4b7362eaadb505bf5f9f6;source_overlay:bluesky-social__social-app.cbd48c85:root;test_transform_cache:bluesky-social__social-app.cbd48c85:root:jest:4a9667753d9f
similarity,similarity,,32,swesmith/bluesky-social__social-app.cbd48c85,swesmith/brianc__node-postgres.ecff60dc,8,11,same_node_same_rootfs|same_build_tool,218097.833436,179243.506481,38854.326955,0.216768,-38854.326955,2,5,5,True,True,False,False,True,False,False,16.393405,0.0494345,179227.063642,0.0,0.0,node_runtime:20.19.1:linux:x86_64:glibc:abi115;rootfs:node_20-slim,build_cache:brianc__node-postgres.ecff60dc:root:lerna:f43ed1faaa9b;build_cache:brianc__node-postgres.ecff60dc:root:typescript:f43ed1faaa9b;dependency_view:brianc__node-postgres.ecff60dc:root:ac69cf7675d96f1d;repo_baseline:brianc__node-postgres:ecff60dc8aa0bd1ad5ea8f4623af0756a86dc110;source_overlay:brianc__node-postgres.ecff60dc:root
similarity,similarity,,33,swesmith/brianc__node-postgres.ecff60dc,swesmith/fabricjs__fabric.js.6742471c,11,18,same_node_same_rootfs|same_build_tool,132674.949441,103525.069773,29149.879667,0.281573,-29149.879667,2,5,7,True,True,False,False,True,False,False,16.393405,0.0494345,103508.626934,0.0,0.0,node_runtime:20.19.1:linux:x86_64:glibc:abi115;rootfs:node_20-slim,build_cache:fabricjs__fabric.js.6742471c:root:typescript:bdce61823eab;dependency_view:fabricjs__fabric.js.6742471c:root:56b6543f933cb2b3;native_binary_bundle:fabricjs__fabric.js.6742471c:root:canvas:115;repo_baseline:fabricjs__fabric.js:6742471c23e5fd8afbb1282246b4b785455c8c17;source_overlay:fabricjs__fabric.js.6742471c:root;test_transform_cache:fabricjs__fabric.js.6742471c:root:playwright:bdce61823eab;test_transform_cache:fabricjs__fabric.js.6742471c:root:vitest:bdce61823eab
similarity,similarity,,34,swesmith/fabricjs__fabric.js.6742471c,swesmith/homebridge__homebridge.3a341e08,18,23,same_node_same_rootfs|same_build_tool,125078.489473,96190.556682,28887.932791,0.30032,-28887.932791,2,7,5,True,True,False,False,True,False,False,16.393405,0.0494345,96174.113843,0.0,0.0,node_runtime:20.19.1:linux:x86_64:glibc:abi115;rootfs:node_20-slim,build_cache:homebridge__homebridge.3a341e08:root:typescript:cb88c6110fb6;dependency_view:homebridge__homebridge.3a341e08:root:5aba58d9ad81636b;repo_baseline:homebridge__homebridge:3a341e0838c99abfdf7a2d76e5e1e2a2af7ccb09;source_overlay:homebridge__homebridge.3a341e08:root;test_transform_cache:homebridge__homebridge.3a341e08:root:jest:cb88c6110fb6
similarity,similarity,,35,swesmith/homebridge__homebridge.3a341e08,swesmith/humanlayer__12-factor-agents.d20c7283,23,24,same_node_same_rootfs,17395.993263,40.263053,17355.73021,431.058469,-17355.73021,2,5,3,True,True,False,False,False,False,False,16.393405,0.0494345,23.820214,0.0,0.0,node_runtime:20.19.1:linux:x86_64:glibc:abi115;rootfs:node_20-slim,dependency_view:humanlayer__12-factor-agents.d20c7283:packages_walkthroughgen:231f2c674eecc38e;repo_baseline:humanlayer__12-factor-agents:d20c728368bf9c189d6d7aab704744decb6ec0cc;source_overlay:humanlayer__12-factor-agents.d20c7283:packages_walkthroughgen
similarity,similarity,,36,swesmith/humanlayer__12-factor-agents.d20c7283,swesmith/josdejong__jsoneditor.0319b213,24,28,same_node_same_rootfs,218002.229179,185792.178397,32210.050783,0.173366,-32210.050783,2,3,6,True,True,False,False,False,False,False,16.393405,0.0494345,185775.735557,0.0,0.0,node_runtime:20.19.1:linux:x86_64:glibc:abi115;rootfs:node_20-slim,build_cache:josdejong__jsoneditor.0319b213:root:babel:be56cc981d38;build_cache:josdejong__jsoneditor.0319b213:root:gulp:be56cc981d38;dependency_view:josdejong__jsoneditor.0319b213:root:fba013e11b2e4bd9;repo_baseline:josdejong__jsoneditor:0319b2131df47f1220d74e3ff174d5c02973ec7d;source_overlay:josdejong__jsoneditor.0319b213:root;test_transform_cache:josdejong__jsoneditor.0319b213:root:mocha:be56cc981d38
similarity,similarity,,37,swesmith/josdejong__jsoneditor.0319b213,swesmith/marko-js__marko.24b9402c,28,30,same_node_same_rootfs|same_test_tool,226218.146969,186578.019572,39640.127396,0.212459,-39640.127396,2,6,7,True,True,False,False,False,True,False,16.393405,0.0494345,186561.576733,0.0,0.0,node_runtime:20.19.1:linux:x86_64:glibc:abi115;rootfs:node_20-slim,build_cache:marko-js__marko.24b9402c:root:changesets:ae9158e5e102;build_cache:marko-js__marko.24b9402c:root:typescript:ae9158e5e102;dependency_view:marko-js__marko.24b9402c:root:4dafb814ddc2f538;native_binary_bundle:marko-js__marko.24b9402c:root:esbuild:115;repo_baseline:marko-js__marko:24b9402cd54c3a74f200da0f79dd19350995a9ba;source_overlay:marko-js__marko.24b9402c:root;test_transform_cache:marko-js__marko.24b9402c:root:mocha:ae9158e5e102
similarity,similarity,,38,swesmith/marko-js__marko.24b9402c,swesmith/nestjs__nest.346c9543,30,37,same_node_same_rootfs|same_build_tool|same_test_tool,426691.425781,365111.680638,61579.745144,0.16866,-61579.745144,2,7,9,True,True,False,False,True,True,False,16.393405,116.30824750000001,364978.978985,0.0,0.0,node_runtime:20.19.1:linux:x86_64:glibc:abi115;rootfs:node_20-slim,build_cache:nestjs__nest.346c9543:root:gulp:892e8dc67f5f;build_cache:nestjs__nest.346c9543:root:lerna:892e8dc67f5f;build_cache:nestjs__nest.346c9543:root:next:892e8dc67f5f;build_cache:nestjs__nest.346c9543:root:typescript:892e8dc67f5f;dependency_view:nestjs__nest.346c9543:root:1757422535048d10;native_binary_bundle:nestjs__nest.346c9543:root:@grpc_grpc-js:115;repo_baseline:nestjs__nest:346c9543120c692f314bdbf55fc9956d2fa6d87e;source_overlay:nestjs__nest.346c9543:root;test_transform_cache:nestjs__nest.346c9543:root:mocha:892e8dc67f5f
similarity,similarity,,39,swesmith/nestjs__nest.346c9543,swesmith/novnc__noVNC.d44f7e04,37,41,same_node_same_rootfs,24730.46562,6588.934969,18141.530651,2.753333,-18141.530651,2,9,4,True,True,False,False,False,False,False,16.393405,0.0494345,6572.492129,0.0,0.0,node_runtime:20.19.1:linux:x86_64:glibc:abi115;rootfs:node_20-slim,dependency_view:novnc__noVNC.d44f7e04:root:325dd23a06d3378b;repo_baseline:novnc__noVNC:d44f7e04fc456844836c7c5ac911d0f4e8dd06e6;source_overlay:novnc__noVNC.d44f7e04:root;test_transform_cache:novnc__noVNC.d44f7e04:root:karma:f5696d664a68
similarity,similarity,,40,swesmith/novnc__noVNC.d44f7e04,swesmith/payloadcms__payload.8f660355,41,43,same_node_same_rootfs,227956.212129,194698.373839,33257.838289,0.170817,-33257.838289,2,4,10,True,True,False,False,False,False,False,16.393405,0.0494345,194681.93099999998,0.0,0.0,node_runtime:20.19.1:linux:x86_64:glibc:abi115;rootfs:node_20-slim,build_cache:payloadcms__payload.8f660355:root:next:096d4a336345;build_cache:payloadcms__payload.8f660355:root:turbo:096d4a336345;dependency_view:payloadcms__payload.8f660355:root:a2f282bd4e00dd49;native_binary_bundle:payloadcms__payload.8f660355:root:@swc_core:115;native_binary_bundle:payloadcms__payload.8f660355:root:node-gyp:115;native_binary_bundle:payloadcms__payload.8f660355:root:sharp:115;repo_baseline:payloadcms__payload:8f66035522f568d42098a7ad525e7bf700662b9a;source_overlay:payloadcms__payload.8f660355:root;test_transform_cache:payloadcms__payload.8f660355:root:playwright:096d4a336345;test_transform_cache:payloadcms__payload.8f660355:root:vitest:096d4a336345
similarity,similarity,,41,swesmith/payloadcms__payload.8f660355,swesmith/strapi__strapi.e5b87a54,43,53,same_node_same_rootfs|same_native_bundle,125629.976822,96306.815496,29323.161327,0.304476,-29323.161327,2,10,6,True,True,False,False,False,False,True,16.393405,116.30824750000001,96174.113843,0.0,0.0,node_runtime:20.19.1:linux:x86_64:glibc:abi115;rootfs:node_20-slim,build_cache:strapi__strapi.e5b87a54:root:nx:dc747f5541b9;dependency_view:strapi__strapi.e5b87a54:root:6fe14b23a9f92e6c;native_binary_bundle:strapi__strapi.e5b87a54:root:@swc_core:115;repo_baseline:strapi__strapi:e5b87a54008c9de2b3286a4774635dcf69895d9b;source_overlay:strapi__strapi.e5b87a54:root;test_transform_cache:strapi__strapi.e5b87a54:root:jest:dc747f5541b9
similarity,similarity,,42,swesmith/strapi__strapi.e5b87a54,swesmith/svg__svgo.c06d8f68,53,55,same_node_same_rootfs|same_test_tool,225432.305793,185792.178397,39640.127396,0.213357,-39640.127396,2,6,6,True,True,False,False,False,True,False,16.393405,0.0494345,185775.735557,0.0,0.0,node_runtime:20.19.1:linux:x86_64:glibc:abi115;rootfs:node_20-slim,build_cache:svg__svgo.c06d8f68:root:rollup:2b58ff2876b3;build_cache:svg__svgo.c06d8f68:root:typescript:2b58ff2876b3;dependency_view:svg__svgo.c06d8f68:root:e3122b4a0e1aa47b;repo_baseline:svg__svgo:c06d8f6899788defae9594537063c2f4307803e4;source_overlay:svg__svgo.c06d8f68:root;test_transform_cache:svg__svgo.c06d8f68:root:jest:2b58ff2876b3
similarity,similarity,,43,swesmith/svg__svgo.c06d8f68,swesmith/tinacms__tinacms.dffb104f,55,56,same_node_same_rootfs,225432.305793,185792.178397,39640.127396,0.213357,-39640.127396,2,6,6,True,True,False,False,False,False,False,16.393405,0.0494345,185775.735557,0.0,0.0,node_runtime:20.19.1:linux:x86_64:glibc:abi115;rootfs:node_20-slim,build_cache:tinacms__tinacms.dffb104f:root:changesets:765d0508e257;build_cache:tinacms__tinacms.dffb104f:root:turbo:765d0508e257;dependency_view:tinacms__tinacms.dffb104f:root:45f79d9b7f2dc887;repo_baseline:tinacms__tinacms:dffb104f1850cabc15f495a5868a33a66295965a;source_overlay:tinacms__tinacms.dffb104f:root;test_transform_cache:tinacms__tinacms.dffb104f:root:playwright:765d0508e257
similarity,similarity,,44,swesmith/tinacms__tinacms.dffb104f,swesmith/webpack__webpack.24e3c2d2,56,62,same_node_same_rootfs,125864.330649,96976.397859,28887.932791,0.297886,-28887.932791,2,6,6,True,True,False,False,False,False,False,16.393405,0.0494345,96959.955019,0.0,0.0,node_runtime:20.19.1:linux:x86_64:glibc:abi115;rootfs:node_20-slim,build_cache:webpack__webpack.24e3c2d2:root:typescript:8138d968425d;dependency_view:webpack__webpack.24e3c2d2:root:2a4de1074e7ce9a8;native_binary_bundle:webpack__webpack.24e3c2d2:root:node-gyp:115;repo_baseline:webpack__webpack:24e3c2d2c9f8c6d60810302b2ea70ed86e2863dc;source_overlay:webpack__webpack.24e3c2d2:root;test_transform_cache:webpack__webpack.24e3c2d2:root:jest:8138d968425d
similarity,similarity,,45,swesmith/webpack__webpack.24e3c2d2,swesmith/welldone-software__why-did-you-render.3ec3512d,62,64,same_node_same_rootfs|same_test_tool,132413.002018,102739.228597,29673.773421,0.288826,-29673.773421,2,6,6,True,True,False,False,False,True,False,16.393405,0.0494345,102722.785758,0.0,0.0,node_runtime:20.19.1:linux:x86_64:glibc:abi115;rootfs:node_20-slim,build_cache:welldone-software__why-did-you-render.3ec3512d:root:rollup:3d9083a10a5d;dependency_view:welldone-software__why-did-you-render.3ec3512d:root:773c5e8f586ea9c4;repo_baseline:welldone-software__why-did-you-render:3ec3512d750c49448fe2241e26d05db9e42f0c21;source_overlay:welldone-software__why-did-you-render.3ec3512d:root;test_transform_cache:welldone-software__why-did-you-render.3ec3512d:root:cypress:3d9083a10a5d;test_transform_cache:welldone-software__why-did-you-render.3ec3512d:root:jest:3d9083a10a5d
similarity,similarity,,46,swesmith/welldone-software__why-did-you-render.3ec3512d,swesmith/FuelLabs__fuels-ts.b3f37c91,64,21,same_node_diff_rootfs|low_overlap|rootfs_change,338280.061869,302018.625378,36261.436491,0.120064,-36261.436491,1,7,8,True,False,False,False,False,False,False,0.0,11.357465500000002,302007.267912,0.0,0.0,node_runtime:20.19.1:linux:x86_64:glibc:abi115,build_cache:FuelLabs__fuels-ts.b3f37c91:root:changesets:b55338e227a8;build_cache:FuelLabs__fuels-ts.b3f37c91:root:turbo:b55338e227a8;build_cache:FuelLabs__fuels-ts.b3f37c91:root:typescript:b55338e227a8;dependency_view:FuelLabs__fuels-ts.b3f37c91:root:471ddc5c5a27de32;repo_baseline:FuelLabs__fuels-ts:b3f37c91aca4aa9d5e4c0d3967f66237190826ea;rootfs:node_20;source_overlay:FuelLabs__fuels-ts.b3f37c91:root;test_transform_cache:FuelLabs__fuels-ts.b3f37c91:root:vitest:b55338e227a8
similarity,similarity,,47,swesmith/FuelLabs__fuels-ts.b3f37c91,swesmith/NativeScript__NativeScript.3d6a4392,21,35,same_node_same_rootfs,118529.858292,90427.725944,28102.132349,0.310769,-28102.132349,2,7,5,True,True,False,False,False,False,False,16.393405,0.0494345,90411.283104,0.0,0.0,node_runtime:20.19.1:linux:x86_64:glibc:abi115;rootfs:node_20,build_cache:NativeScript__NativeScript.3d6a4392:root:nx:66d2167c1bf8;dependency_view:NativeScript__NativeScript.3d6a4392:root:085e1f7ccbe42f25;native_binary_bundle:NativeScript__NativeScript.3d6a4392:root:@swc_core:115;repo_baseline:NativeScript__NativeScript:3d6a4392f6008e4f43f8f5439a256c50e3707101;source_overlay:NativeScript__NativeScript.3d6a4392:root
similarity,similarity,,48,swesmith/NativeScript__NativeScript.3d6a4392,swesmith/Shopify__draggable.8a1eed57,35,52,same_node_same_rootfs,325524.175236,275393.800111,50130.375126,0.182032,-50130.375126,2,5,7,True,True,False,False,False,False,False,16.393405,0.0494345,275377.357271,0.0,0.0,node_runtime:20.19.1:linux:x86_64:glibc:abi115;rootfs:node_20,build_cache:Shopify__draggable.8a1eed57:root:changesets:75fa7c4af02e;build_cache:Shopify__draggable.8a1eed57:root:rollup:75fa7c4af02e;build_cache:Shopify__draggable.8a1eed57:root:typescript:75fa7c4af02e;dependency_view:Shopify__draggable.8a1eed57:root:5951b44524aa69b1;repo_baseline:Shopify__draggable:8a1eed57f3ab2dff9371e8ce60fb39ac85871e8d;source_overlay:Shopify__draggable.8a1eed57:root;test_transform_cache:Shopify__draggable.8a1eed57:root:jest:75fa7c4af02e
similarity,similarity,,49,swesmith/Shopify__draggable.8a1eed57,swesmith/antvis__G6.91c0ac85,52,3,same_node_same_rootfs,118529.858292,90427.725944,28102.132349,0.310769,-28102.132349,2,7,5,True,True,False,False,False,False,False,16.393405,0.0494345,90411.283104,0.0,0.0,node_runtime:20.19.1:linux:x86_64:glibc:abi115;rootfs:node_20,build_cache:antvis__G6.91c0ac85:root:turbo:632cb8ca84bf;dependency_view:antvis__G6.91c0ac85:root:45c81ff4acc7aa0f;native_binary_bundle:antvis__G6.91c0ac85:root:@swc_core:115;repo_baseline:antvis__G6:91c0ac85e4e636a05bd1a3c5e56a4928d1242a9b;source_overlay:antvis__G6.91c0ac85:root
similarity,similarity,,50,swesmith/antvis__G6.91c0ac85,swesmith/nock__nock.e7418da2,3,40,same_node_same_rootfs,31541.084412,13137.606884,18403.477528,1.400824,-18403.477528,2,5,5,True,True,False,False,False,False,False,16.393405,0.0494345,13121.164044000001,0.0,0.0,node_runtime:20.19.1:linux:x86_64:glibc:abi115;rootfs:node_20,dependency_view:nock__nock.e7418da2:root:541f81ce3f744a6f;repo_baseline:nock__nock:e7418da29feb4a7bf0aa1612bfb9d32a4051651e;source_overlay:nock__nock.e7418da2:root;test_transform_cache:nock__nock.e7418da2:root:jest:bf94886cefe6;test_transform_cache:nock__nock.e7418da2:root:mocha:bf94886cefe6
similarity,similarity,,51,swesmith/nock__nock.e7418da2,swesmith/ueberdosis__tiptap.2d6de06c,40,58,same_node_same_rootfs,225598.688601,192340.850312,33257.838289,0.172911,-33257.838289,2,5,7,True,True,False,False,False,False,False,16.393405,0.0494345,192324.40747200002,0.0,0.0,node_runtime:20.19.1:linux:x86_64:glibc:abi115;rootfs:node_20,build_cache:ueberdosis__tiptap.2d6de06c:root:changesets:85ad102bc603;build_cache:ueberdosis__tiptap.2d6de06c:root:turbo:85ad102bc603;dependency_view:ueberdosis__tiptap.2d6de06c:root:0bd9814a60fd8695;repo_baseline:ueberdosis__tiptap:2d6de06c34c239e78fedd6bd2a0bcea42d0fdbfa;source_overlay:ueberdosis__tiptap.2d6de06c:root;test_transform_cache:ueberdosis__tiptap.2d6de06c:root:cypress:85ad102bc603;test_transform_cache:ueberdosis__tiptap.2d6de06c:root:vitest:85ad102bc603
similarity,similarity,,52,swesmith/ueberdosis__tiptap.2d6de06c,swesmith/babel__babel.2ea3fc8f,58,6,same_node_diff_rootfs|low_overlap|rootfs_change,29889.933019,26665.08832,3224.844699,0.120939,-3224.844699,1,8,4,True,False,False,False,False,False,False,0.0,11.357465500000002,26653.730854999998,0.0,0.0,node_runtime:20.19.1:linux:x86_64:glibc:abi115,dependency_view:babel__babel.2ea3fc8f:root:fdd0cb43f8868f9e;repo_baseline:babel__babel:2ea3fc8f9b33a911840f17fbc407e7bfae2ed66f;rootfs:node_20-bullseye;source_overlay:babel__babel.2ea3fc8f:root
similarity,similarity,,53,swesmith/babel__babel.2ea3fc8f,swesmith/marmelab__react-admin.823caa0b,6,31,same_node_diff_rootfs|low_overlap|rootfs_change,140798.983152,129364.053864,11434.929288,0.088393,-11434.929288,1,4,7,True,False,False,False,False,False,False,0.0,11.357465500000002,129352.696399,0.0,0.0,node_runtime:20.19.1:linux:x86_64:glibc:abi115,build_cache:marmelab__react-admin.823caa0b:root:lerna:2ae6a8efe6cf;dependency_view:marmelab__react-admin.823caa0b:root:f178fcbaf6a59b3b;repo_baseline:marmelab__react-admin:823caa0b6489fc8133685525e22d30ddf57643fa;rootfs:node_20-bullseye-slim;source_overlay:marmelab__react-admin.823caa0b:root;test_transform_cache:marmelab__react-admin.823caa0b:root:cypress:2ae6a8efe6cf;test_transform_cache:marmelab__react-admin.823caa0b:root:jest:2ae6a8efe6cf
similarity,similarity,,54,swesmith/marmelab__react-admin.823caa0b,swesmith/voideditor__void.17e7a5b1,31,61,same_node_diff_rootfs|low_overlap|rootfs_change,346463.282884,309353.138469,37110.144415,0.11996,-37110.144415,1,7,10,True,False,False,False,False,False,False,0.0,11.357465500000002,309341.78100300004,0.0,0.0,node_runtime:20.19.1:linux:x86_64:glibc:abi115,build_cache:voideditor__void.17e7a5b1:root:gulp:0426f7949e03;build_cache:voideditor__void.17e7a5b1:root:next:0426f7949e03;build_cache:voideditor__void.17e7a5b1:root:typescript:0426f7949e03;dependency_view:voideditor__void.17e7a5b1:root:6522748bd07c0bd9;native_binary_bundle:voideditor__void.17e7a5b1:root:@vscode_sqlite3:115;repo_baseline:voideditor__void:17e7a5b1524345b19ab4ee38ec4f9b1b75a1bd00;rootfs:node_20-bookworm;source_overlay:voideditor__void.17e7a5b1:root;test_transform_cache:voideditor__void.17e7a5b1:root:mocha:0426f7949e03;test_transform_cache:voideditor__void.17e7a5b1:root:playwright:0426f7949e03
similarity,similarity,,55,swesmith/voideditor__void.17e7a5b1,swesmith/GitbookIO__gitbook.81f8ddcf,61,22,diff_node_diff_rootfs|low_overlap|native_abi_change|rootfs_change,230607.093781,205868.331749,24738.762032,0.120168,-24738.762032,0,11,7,False,False,False,False,False,False,False,0.0,11.357465500000002,205856.974283,0.0,0.0,,build_cache:GitbookIO__gitbook.81f8ddcf:root:changesets:88b89ad9c0ff;build_cache:GitbookIO__gitbook.81f8ddcf:root:turbo:88b89ad9c0ff;dependency_view:GitbookIO__gitbook.81f8ddcf:root:b1ab37fbc3435ed4;node_runtime:unknown.x-unavailable:linux:x86_64:glibc:abiunknown;repo_baseline:GitbookIO__gitbook:81f8ddcf27ec398a33b6f676a81e9a791b673ce2;rootfs:unknown;source_overlay:GitbookIO__gitbook.81f8ddcf:root
similarity,similarity,,56,swesmith/GitbookIO__gitbook.81f8ddcf,swesmith/OpenCut-app__OpenCut.e84c0cfd,22,42,same_node_same_rootfs|same_build_tool,117743.976928,89748.9313,27995.045629,0.311926,-27995.045629,2,5,4,True,True,False,False,True,False,False,123.439937,0.0494345,89625.441928,0.0,0.0,node_runtime:unknown.x-unavailable:linux:x86_64:glibc:abiunknown;rootfs:unknown,build_cache:OpenCut-app__OpenCut.e84c0cfd:root:turbo:f3e6c1048a0e;dependency_view:OpenCut-app__OpenCut.e84c0cfd:root:34da0118cee1c5ca;repo_baseline:OpenCut-app__OpenCut:e84c0cfda6784abb9bcb72aae757233cd8951780;source_overlay:OpenCut-app__OpenCut.e84c0cfd:root
similarity,similarity,,57,swesmith/OpenCut-app__OpenCut.e84c0cfd,swesmith/coder__code-server.e90504b8,42,13,diff_node_diff_rootfs|low_overlap|native_abi_change|rootfs_change,29905.21342,26665.08832,3240.1251,0.121512,-3240.1251,0,6,5,False,False,False,False,False,False,False,0.0,11.357465500000002,26653.730854999998,0.0,0.0,,dependency_view:coder__code-server.e90504b8:root:cc86648d271cc663;node_runtime:22.23.2:linux:x86_64:glibc:abi127;repo_baseline:coder__code-server:e90504b8cf1d73c36d902bbaaec7bab33f15c42e;rootfs:node_22-bookworm-slim;source_overlay:coder__code-server.e90504b8:root
similarity,similarity,,58,swesmith/coder__code-server.e90504b8,swesmith/directus__directus.ac922d18,13,14,same_node_diff_rootfs|low_overlap|rootfs_change,29884.100365,26665.08832,3219.012044,0.12072,-3219.012044,1,4,4,True,False,False,False,False,False,False,0.0,11.357465500000002,26653.730854999998,0.0,0.0,node_runtime:22.23.2:linux:x86_64:glibc:abi127,dependency_view:directus__directus.ac922d18:root:2b92fcea821d0732;repo_baseline:directus__directus:ac922d18f6039582a18737a6dc6d1d9a08a194e8;rootfs:node_22-slim;source_overlay:directus__directus.ac922d18:root
similarity,similarity,,59,swesmith/directus__directus.ac922d18,swesmith/mochajs__mocha.410ce0d2,14,34,same_node_same_rootfs,321844.546299,282049.518557,39795.027741,0.141092,-39795.027741,2,3,8,True,True,False,False,False,False,False,123.439937,0.0494345,281926.029186,0.0,0.0,node_runtime:22.23.2:linux:x86_64:glibc:abi127;rootfs:node_22-slim,build_cache:mochajs__mocha.410ce0d2:root:rollup:077a5f518284;build_cache:mochajs__mocha.410ce0d2:root:typescript:077a5f518284;build_cache:mochajs__mocha.410ce0d2:root:webpack:077a5f518284;dependency_view:mochajs__mocha.410ce0d2:root:77b617ee60467b9a;repo_baseline:mochajs__mocha:410ce0d2a0f799aaca2c0bc627294d70c62dd3f4;source_overlay:mochajs__mocha.410ce0d2:root;test_transform_cache:mochajs__mocha.410ce0d2:root:karma:077a5f518284;test_transform_cache:mochajs__mocha.410ce0d2:root:mocha:077a5f518284
similarity,similarity,,60,swesmith/mochajs__mocha.410ce0d2,swesmith/refined-github__refined-github.d4a7c3fb,34,49,same_node_same_rootfs|same_build_tool,225432.305793,185899.224929,39533.080864,0.212659,-39533.080864,2,8,6,True,True,False,False,True,False,False,123.439937,0.0494345,185775.735557,0.0,0.0,node_runtime:22.23.2:linux:x86_64:glibc:abi127;rootfs:node_22-slim,build_cache:refined-github__refined-github.d4a7c3fb:root:rollup:aa1f302ca640;build_cache:refined-github__refined-github.d4a7c3fb:root:typescript:aa1f302ca640;dependency_view:refined-github__refined-github.d4a7c3fb:root:e375b9cbe15b1aee;repo_baseline:refined-github__refined-github:d4a7c3fbfebff5f39a3760effbea7273dea0d01c;source_overlay:refined-github__refined-github.d4a7c3fb:root;test_transform_cache:refined-github__refined-github.d4a7c3fb:root:vitest:aa1f302ca640
similarity,similarity,,61,swesmith/refined-github__refined-github.d4a7c3fb,swesmith/microsoft__vscode.4166e90a,49,33,same_node_diff_rootfs|low_overlap|rootfs_change,246109.466564,219751.516755,26357.949809,0.119944,-26357.949809,1,7,9,True,False,False,False,False,False,False,0.0,11.357465500000002,219740.159289,0.0,0.0,node_runtime:22.23.2:linux:x86_64:glibc:abi127,build_cache:microsoft__vscode.4166e90a:root:gulp:742f21cec0ed;build_cache:microsoft__vscode.4166e90a:root:next:742f21cec0ed;dependency_view:microsoft__vscode.4166e90a:root:ebafff009f16e711;native_binary_bundle:microsoft__vscode.4166e90a:root:@vscode_sqlite3:127;repo_baseline:microsoft__vscode:4166e90ac290db7f77800a4f6702903ea4eed476;rootfs:node_22-bookworm;source_overlay:microsoft__vscode.4166e90a:root;test_transform_cache:microsoft__vscode.4166e90a:root:mocha:742f21cec0ed;test_transform_cache:microsoft__vscode.4166e90a:root:playwright:742f21cec0ed
similarity,similarity,,62,swesmith/microsoft__vscode.4166e90a,swesmith/trpc__trpc.2f40ba93,33,57,same_node_diff_rootfs|same_build_tool|low_overlap|rootfs_change,338280.061869,302018.625378,36261.436491,0.120064,-36261.436491,1,9,8,True,False,False,False,True,False,False,0.0,11.357465500000002,302007.267912,0.0,0.0,node_runtime:22.23.2:linux:x86_64:glibc:abi127,build_cache:trpc__trpc.2f40ba93:root:lerna:8fa8b4550448;build_cache:trpc__trpc.2f40ba93:root:next:8fa8b4550448;build_cache:trpc__trpc.2f40ba93:root:turbo:8fa8b4550448;dependency_view:trpc__trpc.2f40ba93:root:781fb8f3cbe882e8;repo_baseline:trpc__trpc:2f40ba935ad7f7d29eec3f9c45d353450b43e852;rootfs:node_22;source_overlay:trpc__trpc.2f40ba93:root;test_transform_cache:trpc__trpc.2f40ba93:root:vitest:8fa8b4550448
similarity,similarity,,63,swesmith/trpc__trpc.2f40ba93,swesmith/vitejs__vite.8b47ff76,57,60,same_node_diff_rootfs|same_test_tool|low_overlap|rootfs_change,137572.429229,122815.381949,14757.04728,0.120156,-14757.04728,1,8,6,True,False,False,False,False,True,False,0.0,11.357465500000002,122804.024484,0.0,0.0,node_runtime:22.23.2:linux:x86_64:glibc:abi127,build_cache:vitejs__vite.8b47ff76:root:typescript:c0d87b3d7479;dependency_view:vitejs__vite.8b47ff76:root:7fb655fa88697a9a;repo_baseline:vitejs__vite:8b47ff76d28630b4dc39c77fbd2762b4c36ad23d;rootfs:node_22-bullseye-slim;source_overlay:vitejs__vite.8b47ff76:root;test_transform_cache:vitejs__vite.8b47ff76:root:vitest:c0d87b3d7479
nodelite,nodelite,,1,swesmith/advplyr__audiobookshelf.626596b1,swesmith/babel__babel.2ea3fc8f,1,6,diff_node_diff_rootfs|low_overlap|native_abi_change|rootfs_change,29899.461142,26665.08832,3234.372821,0.121296,-3234.372821,0,10,5,False,False,False,False,False,False,False,0.0,11.357465500000002,26653.730854999998,0.0,0.0,,dependency_view:babel__babel.2ea3fc8f:root:fdd0cb43f8868f9e;node_runtime:20.19.1:linux:x86_64:glibc:abi115;repo_baseline:babel__babel:2ea3fc8f9b33a911840f17fbc407e7bfae2ed66f;rootfs:node_20-bullseye;source_overlay:babel__babel.2ea3fc8f:root
nodelite,nodelite,,2,swesmith/babel__babel.2ea3fc8f,swesmith/humanlayer__12-factor-agents.d20c7283,6,24,same_node_diff_rootfs|low_overlap|rootfs_change,29884.100365,26665.08832,3219.012044,0.12072,-3219.012044,1,4,4,True,False,False,False,False,False,False,0.0,11.357465500000002,26653.730854999998,0.0,0.0,node_runtime:20.19.1:linux:x86_64:glibc:abi115,dependency_view:humanlayer__12-factor-agents.d20c7283:packages_walkthroughgen:231f2c674eecc38e;repo_baseline:humanlayer__12-factor-agents:d20c728368bf9c189d6d7aab704744decb6ec0cc;rootfs:node_20-slim;source_overlay:humanlayer__12-factor-agents.d20c7283:packages_walkthroughgen
nodelite,nodelite,,3,swesmith/humanlayer__12-factor-agents.d20c7283,swesmith/novnc__noVNC.d44f7e04,24,41,same_node_same_rootfs,24462.726277,6588.934969,17873.791309,2.712698,-17873.791309,2,3,4,True,True,False,False,False,False,False,16.393405,0.0494345,6572.492129,0.0,0.0,node_runtime:20.19.1:linux:x86_64:glibc:abi115;rootfs:node_20-slim,dependency_view:novnc__noVNC.d44f7e04:root:325dd23a06d3378b;repo_baseline:novnc__noVNC:d44f7e04fc456844836c7c5ac911d0f4e8dd06e6;source_overlay:novnc__noVNC.d44f7e04:root;test_transform_cache:novnc__noVNC.d44f7e04:root:karma:f5696d664a68
nodelite,nodelite,,4,swesmith/novnc__noVNC.d44f7e04,swesmith/coder__code-server.e90504b8,41,13,diff_node_diff_rootfs|low_overlap|native_abi_change|rootfs_change,29899.461142,26665.08832,3234.372821,0.121296,-3234.372821,0,6,5,False,False,False,False,False,False,False,0.0,11.357465500000002,26653.730854999998,0.0,0.0,,dependency_view:coder__code-server.e90504b8:root:cc86648d271cc663;node_runtime:22.23.2:linux:x86_64:glibc:abi127;repo_baseline:coder__code-server:e90504b8cf1d73c36d902bbaaec7bab33f15c42e;rootfs:node_22-bookworm-slim;source_overlay:coder__code-server.e90504b8:root
nodelite,nodelite,,5,swesmith/coder__code-server.e90504b8,swesmith/directus__directus.ac922d18,13,14,same_node_diff_rootfs|low_overlap|rootfs_change,29884.100365,26665.08832,3219.012044,0.12072,-3219.012044,1,4,4,True,False,False,False,False,False,False,0.0,11.357465500000002,26653.730854999998,0.0,0.0,node_runtime:22.23.2:linux:x86_64:glibc:abi127,dependency_view:directus__directus.ac922d18:root:2b92fcea821d0732;repo_baseline:directus__directus:ac922d18f6039582a18737a6dc6d1d9a08a194e8;rootfs:node_22-slim;source_overlay:directus__directus.ac922d18:root
nodelite,nodelite,,6,swesmith/directus__directus.ac922d18,swesmith/Automattic__mongoose.5f57a5bb,14,4,diff_node_diff_rootfs|low_overlap|native_abi_change|rootfs_change,36971.986622,33213.760235,3758.226386,0.113153,-3758.226386,0,5,6,False,False,False,False,False,False,False,0.0,11.357465500000002,33202.40277,0.0,0.0,,dependency_view:Automattic__mongoose.5f57a5bb:root:f4a039d5d472a10b;node_runtime:18.19.1:linux:x86_64:glibc:abi109;repo_baseline:Automattic__mongoose:5f57a5bbb2e8dfed8d04be47cdd17728633c44c1;rootfs:node_18-bullseye;source_overlay:Automattic__mongoose.5f57a5bb:root;test_transform_cache:Automattic__mongoose.5f57a5bb:root:mocha:0f744702c7e7
nodelite,nodelite,,7,swesmith/Automattic__mongoose.5f57a5bb,swesmith/caolan__async.23dbf76a,4,12,same_node_same_rootfs|same_test_tool,32059.185698,13253.50288,18805.682819,1.418922,-18805.682819,2,4,5,True,True,False,False,False,True,False,132.289401,0.0494345,13121.164044000001,0.0,0.0,node_runtime:18.19.1:linux:x86_64:glibc:abi109;rootfs:node_18-bullseye,dependency_view:caolan__async.23dbf76a:root:579fe631d378a055;repo_baseline:caolan__async:23dbf76aeb04c7c3dd56276115b277e3fa9dd5cc;source_overlay:caolan__async.23dbf76a:root;test_transform_cache:caolan__async.23dbf76a:root:karma:73168162c1db;test_transform_cache:caolan__async.23dbf76a:root:mocha:73168162c1db
nodelite,nodelite,,8,swesmith/caolan__async.23dbf76a,swesmith/balderdashy__sails.ffebacc5,12,7,same_node_diff_rootfs|same_test_tool|low_overlap|rootfs_change,37218.61291,33213.760235,4004.852674,0.120578,-4004.852674,1,6,5,True,False,False,False,False,True,False,0.0,11.357465500000002,33202.40277,0.0,0.0,node_runtime:18.19.1:linux:x86_64:glibc:abi109,dependency_view:balderdashy__sails.ffebacc5:root:05b5a7170832986f;repo_baseline:balderdashy__sails:ffebacc58c27f878c9373702bc3a3f91a02bca0c;rootfs:node_18-slim;source_overlay:balderdashy__sails.ffebacc5:root;test_transform_cache:balderdashy__sails.ffebacc5:root:mocha:8d9a655c7243
nodelite,nodelite,,9,swesmith/balderdashy__sails.ffebacc5,swesmith/mholt__PapaParse.b10b87ef,7,32,same_node_same_rootfs|same_test_tool,24724.673154,6704.830964,18019.842189,2.687591,-18019.842189,2,4,4,True,True,False,False,False,True,False,132.289401,0.0494345,6572.492129,0.0,0.0,node_runtime:18.19.1:linux:x86_64:glibc:abi109;rootfs:node_18-slim,dependency_view:mholt__PapaParse.b10b87ef:root:85db9ec387c60c3e;repo_baseline:mholt__PapaParse:b10b87ef8686c6f88299b50dd25e83606e9c36d4;source_overlay:mholt__PapaParse.b10b87ef:root;test_transform_cache:mholt__PapaParse.b10b87ef:root:mocha:33ffa1b7b9c3
nodelite,nodelite,,10,swesmith/mholt__PapaParse.b10b87ef,swesmith/remy__nodemon.daad5c16,32,50,same_node_same_rootfs|same_test_tool,24724.673154,6704.830964,18019.842189,2.687591,-18019.842189,2,4,4,True,True,False,False,False,True,False,132.289401,0.0494345,6572.492129,0.0,0.0,node_runtime:18.19.1:linux:x86_64:glibc:abi109;rootfs:node_18-slim,dependency_view:remy__nodemon.daad5c16:root:e2111c2b7033d511;repo_baseline:remy__nodemon:daad5c162919fa6abff53be16832bdf55f2204ad;source_overlay:remy__nodemon.daad5c16:root;test_transform_cache:remy__nodemon.daad5c16:root:mocha:93608e3893b6
nodelite,nodelite,,11,swesmith/remy__nodemon.daad5c16,swesmith/websockets__ws.726c3732,50,63,same_node_same_rootfs|same_test_tool,24724.673154,6704.830964,18019.842189,2.687591,-18019.842189,2,4,4,True,True,False,False,False,True,False,132.289401,0.0494345,6572.492129,0.0,0.0,node_runtime:18.19.1:linux:x86_64:glibc:abi109;rootfs:node_18-slim,dependency_view:websockets__ws.726c3732:root:76eb131f76afa769;repo_baseline:websockets__ws:726c3732b3e5319219ed73cac4826fd36917e2e1;source_overlay:websockets__ws.726c3732:root;test_transform_cache:websockets__ws.726c3732:root:mocha:aaedef2a72b6
nodelite,nodelite,,12,swesmith/websockets__ws.726c3732,swesmith/nightwatchjs__nightwatch.54c8550c,63,39,same_node_same_rootfs|same_test_tool,25510.51433,7490.67214,18019.842189,2.405638,-18019.842189,2,4,5,True,True,False,False,False,True,False,132.289401,0.0494345,7358.333305,0.0,0.0,node_runtime:18.19.1:linux:x86_64:glibc:abi109;rootfs:node_18-slim,dependency_view:nightwatchjs__nightwatch.54c8550c:root:4a947b8a3bf39687;native_binary_bundle:nightwatchjs__nightwatch.54c8550c:root:@swc_core:109;repo_baseline:nightwatchjs__nightwatch:54c8550c75a16c61827c0bad043c7ffa073a52e6;source_overlay:nightwatchjs__nightwatch.54c8550c:root;test_transform_cache:nightwatchjs__nightwatch.54c8550c:root:mocha:34743ed160a3
nodelite,nodelite,,13,swesmith/nightwatchjs__nightwatch.54c8550c,swesmith/necolas__react-native-web.a9de220b,39,36,same_node_diff_rootfs|low_overlap|rootfs_change,37218.61291,33213.760235,4004.852674,0.120578,-4004.852674,1,6,5,True,False,False,False,False,False,False,0.0,11.357465500000002,33202.40277,0.0,0.0,node_runtime:18.19.1:linux:x86_64:glibc:abi109,dependency_view:necolas__react-native-web.a9de220b:root:40742e8c9629eceb;repo_baseline:necolas__react-native-web:a9de220ba9e65bdea540fb5322ffb1da2b0bf442;rootfs:node_18;source_overlay:necolas__react-native-web.a9de220b:root;test_transform_cache:necolas__react-native-web.a9de220b:root:jest:ff4b31c887fd
nodelite,nodelite,,14,swesmith/necolas__react-native-web.a9de220b,swesmith/nock__nock.e7418da2,36,40,diff_node_diff_rootfs|same_test_tool|low_overlap|native_abi_change|rootfs_change,44568.446043,39762.43215,4806.013893,0.120868,-4806.013893,0,6,7,False,False,False,False,False,True,False,0.0,11.357465500000002,39751.074685,0.0,0.0,,dependency_view:nock__nock.e7418da2:root:541f81ce3f744a6f;node_runtime:20.19.1:linux:x86_64:glibc:abi115;repo_baseline:nock__nock:e7418da29feb4a7bf0aa1612bfb9d32a4051651e;rootfs:node_20;source_overlay:nock__nock.e7418da2:root;test_transform_cache:nock__nock.e7418da2:root:jest:bf94886cefe6;test_transform_cache:nock__nock.e7418da2:root:mocha:bf94886cefe6
nodelite,nodelite,,15,swesmith/nock__nock.e7418da2,swesmith/NativeScript__NativeScript.3d6a4392,40,35,same_node_same_rootfs,114945.793424,90427.725944,24518.06748,0.271134,-24518.06748,2,5,5,True,True,False,False,False,False,False,16.393405,0.0494345,90411.283104,0.0,0.0,node_runtime:20.19.1:linux:x86_64:glibc:abi115;rootfs:node_20,build_cache:NativeScript__NativeScript.3d6a4392:root:nx:66d2167c1bf8;dependency_view:NativeScript__NativeScript.3d6a4392:root:085e1f7ccbe42f25;native_binary_bundle:NativeScript__NativeScript.3d6a4392:root:@swc_core:115;repo_baseline:NativeScript__NativeScript:3d6a4392f6008e4f43f8f5439a256c50e3707101;source_overlay:NativeScript__NativeScript.3d6a4392:root
nodelite,nodelite,,16,swesmith/NativeScript__NativeScript.3d6a4392,swesmith/antvis__G6.91c0ac85,35,3,same_node_same_rootfs|same_native_bundle,118295.464277,89758.143581,28537.320697,0.317936,-28537.320697,2,5,5,True,True,False,False,False,False,True,16.393405,116.30824750000001,89625.441928,0.0,0.0,node_runtime:20.19.1:linux:x86_64:glibc:abi115;rootfs:node_20,build_cache:antvis__G6.91c0ac85:root:turbo:632cb8ca84bf;dependency_view:antvis__G6.91c0ac85:root:45c81ff4acc7aa0f;native_binary_bundle:antvis__G6.91c0ac85:root:@swc_core:115;repo_baseline:antvis__G6:91c0ac85e4e636a05bd1a3c5e56a4928d1242a9b;source_overlay:antvis__G6.91c0ac85:root
nodelite,nodelite,,17,swesmith/antvis__G6.91c0ac85,swesmith/ReactiveX__rxjs.c15b37f8,3,45,same_node_diff_rootfs|low_overlap|rootfs_change,130237.916685,116266.710034,13971.20665,0.120165,-13971.20665,1,6,5,True,False,False,False,False,False,False,0.0,11.357465500000002,116255.352569,0.0,0.0,node_runtime:20.19.1:linux:x86_64:glibc:abi115,build_cache:ReactiveX__rxjs.c15b37f8:root:nx:2403aec3ebd5;dependency_view:ReactiveX__rxjs.c15b37f8:root:c5fbb2e88b68c3b9;repo_baseline:ReactiveX__rxjs:c15b37f81ba5f5abea8c872b0189a70b150df4cb;rootfs:node_20-slim;source_overlay:ReactiveX__rxjs.c15b37f8:root
nodelite,nodelite,,18,swesmith/ReactiveX__rxjs.c15b37f8,swesmith/bluesky-social__social-app.cbd48c85,45,8,same_node_same_rootfs,124816.542597,96190.556682,28625.985914,0.297597,-28625.985914,2,4,5,True,True,False,False,False,False,False,16.393405,0.0494345,96174.113843,0.0,0.0,node_runtime:20.19.1:linux:x86_64:glibc:abi115;rootfs:node_20-slim,build_cache:bluesky-social__social-app.cbd48c85:root:typescript:4a9667753d9f;dependency_view:bluesky-social__social-app.cbd48c85:root:109982c53979748a;repo_baseline:bluesky-social__social-app:cbd48c855a57f1a294f4b7362eaadb505bf5f9f6;source_overlay:bluesky-social__social-app.cbd48c85:root;test_transform_cache:bluesky-social__social-app.cbd48c85:root:jest:4a9667753d9f
nodelite,nodelite,,19,swesmith/bluesky-social__social-app.cbd48c85,swesmith/homebridge__homebridge.3a341e08,8,23,same_node_same_rootfs|same_build_tool|same_test_tool,125078.489473,96190.556682,28887.932791,0.30032,-28887.932791,2,5,5,True,True,False,False,True,True,False,16.393405,0.0494345,96174.113843,0.0,0.0,node_runtime:20.19.1:linux:x86_64:glibc:abi115;rootfs:node_20-slim,build_cache:homebridge__homebridge.3a341e08:root:typescript:cb88c6110fb6;dependency_view:homebridge__homebridge.3a341e08:root:5aba58d9ad81636b;repo_baseline:homebridge__homebridge:3a341e0838c99abfdf7a2d76e5e1e2a2af7ccb09;source_overlay:homebridge__homebridge.3a341e08:root;test_transform_cache:homebridge__homebridge.3a341e08:root:jest:cb88c6110fb6
nodelite,nodelite,,20,swesmith/homebridge__homebridge.3a341e08,swesmith/strapi__strapi.e5b87a54,23,53,same_node_same_rootfs|same_test_tool,125864.330649,96976.397859,28887.932791,0.297886,-28887.932791,2,5,6,True,True,False,False,False,True,False,16.393405,0.0494345,96959.955019,0.0,0.0,node_runtime:20.19.1:linux:x86_64:glibc:abi115;rootfs:node_20-slim,build_cache:strapi__strapi.e5b87a54:root:nx:dc747f5541b9;dependency_view:strapi__strapi.e5b87a54:root:6fe14b23a9f92e6c;native_binary_bundle:strapi__strapi.e5b87a54:root:@swc_core:115;repo_baseline:strapi__strapi:e5b87a54008c9de2b3286a4774635dcf69895d9b;source_overlay:strapi__strapi.e5b87a54:root;test_transform_cache:strapi__strapi.e5b87a54:root:jest:dc747f5541b9
nodelite,nodelite,,21,swesmith/strapi__strapi.e5b87a54,swesmith/webpack__webpack.24e3c2d2,53,62,same_node_same_rootfs|same_test_tool,125629.976822,96306.815496,29323.161327,0.304476,-29323.161327,2,6,6,True,True,False,False,False,True,False,16.393405,116.30824750000001,96174.113843,0.0,0.0,node_runtime:20.19.1:linux:x86_64:glibc:abi115;rootfs:node_20-slim,build_cache:webpack__webpack.24e3c2d2:root:typescript:8138d968425d;dependency_view:webpack__webpack.24e3c2d2:root:2a4de1074e7ce9a8;native_binary_bundle:webpack__webpack.24e3c2d2:root:node-gyp:115;repo_baseline:webpack__webpack:24e3c2d2c9f8c6d60810302b2ea70ed86e2863dc;source_overlay:webpack__webpack.24e3c2d2:root;test_transform_cache:webpack__webpack.24e3c2d2:root:jest:8138d968425d
nodelite,nodelite,,22,swesmith/webpack__webpack.24e3c2d2,swesmith/OpenCut-app__OpenCut.e84c0cfd,62,42,diff_node_diff_rootfs|low_overlap|native_abi_change|rootfs_change,130253.277461,116266.710034,13986.567427,0.120297,-13986.567427,0,8,6,False,False,False,False,False,False,False,0.0,11.357465500000002,116255.352569,0.0,0.0,,build_cache:OpenCut-app__OpenCut.e84c0cfd:root:turbo:f3e6c1048a0e;dependency_view:OpenCut-app__OpenCut.e84c0cfd:root:34da0118cee1c5ca;node_runtime:unknown.x-unavailable:linux:x86_64:glibc:abiunknown;repo_baseline:OpenCut-app__OpenCut:e84c0cfda6784abb9bcb72aae757233cd8951780;rootfs:unknown;source_overlay:OpenCut-app__OpenCut.e84c0cfd:root
nodelite,nodelite,,23,swesmith/OpenCut-app__OpenCut.e84c0cfd,swesmith/foambubble__foam.2cac8162,42,19,diff_node_diff_rootfs|low_overlap|native_abi_change|rootfs_change,130253.237273,116266.710034,13986.527239,0.120297,-13986.527239,0,6,6,False,False,False,False,False,False,False,0.0,11.357465500000002,116255.352569,0.0,0.0,,build_cache:foambubble__foam.2cac8162:root:lerna:2510f8df8165;dependency_view:foambubble__foam.2cac8162:root:8118db77d559a658;node_runtime:18.19.1:linux:x86_64:glibc:abi109;repo_baseline:foambubble__foam:2cac816272157f3a964b30adf4f29c0b2973cce8;rootfs:node_18;source_overlay:foambubble__foam.2cac8162:root
nodelite,nodelite,,24,swesmith/foambubble__foam.2cac8162,swesmith/umijs__qiankun.693cdde7,19,59,same_node_diff_rootfs|low_overlap|rootfs_change,130237.916685,116266.710034,13971.20665,0.120165,-13971.20665,1,5,5,True,False,False,False,False,False,False,0.0,11.357465500000002,116255.352569,0.0,0.0,node_runtime:18.19.1:linux:x86_64:glibc:abi109,build_cache:umijs__qiankun.693cdde7:root:changesets:39fec7936def;dependency_view:umijs__qiankun.693cdde7:root:af8a3045705a19cc;repo_baseline:umijs__qiankun:693cdde75049830820ff9490dd267f9701db25e6;rootfs:node_18-slim;source_overlay:umijs__qiankun.693cdde7:root
nodelite,nodelite,,25,swesmith/umijs__qiankun.693cdde7,swesmith/Netflix__falcor.39d64776,59,38,same_node_same_rootfs,124816.542597,96306.452679,28510.089918,0.296035,-28510.089918,2,4,5,True,True,False,False,False,False,False,132.289401,0.0494345,96174.113843,0.0,0.0,node_runtime:18.19.1:linux:x86_64:glibc:abi109;rootfs:node_18-slim,build_cache:Netflix__falcor.39d64776:root:gulp:8290bb56acfc;dependency_view:Netflix__falcor.39d64776:root:missing;repo_baseline:Netflix__falcor:39d64776cf9d87781b2791615dcbae73b2bcd2e1;source_overlay:Netflix__falcor.39d64776:root;test_transform_cache:Netflix__falcor.39d64776:root:jest:8290bb56acfc
nodelite,nodelite,,26,swesmith/Netflix__falcor.39d64776,swesmith/ajayyy__SponsorBlock.dfddffbc,38,2,same_node_same_rootfs|same_test_tool,125078.489473,96306.452679,28772.036795,0.298755,-28772.036795,2,5,5,True,True,False,False,False,True,False,132.289401,0.0494345,96174.113843,0.0,0.0,node_runtime:18.19.1:linux:x86_64:glibc:abi109;rootfs:node_18-slim,build_cache:ajayyy__SponsorBlock.dfddffbc:root:webpack:d8254aa65fa6;dependency_view:ajayyy__SponsorBlock.dfddffbc:root:72aaad849c194625;repo_baseline:ajayyy__SponsorBlock:dfddffbc5128dbc55b4dc7c83cdcd18787f48ba4;source_overlay:ajayyy__SponsorBlock.dfddffbc:root;test_transform_cache:ajayyy__SponsorBlock.dfddffbc:root:jest:d8254aa65fa6
nodelite,nodelite,,27,swesmith/ajayyy__SponsorBlock.dfddffbc,swesmith/redux-saga__redux-saga.a4ace10d,2,48,same_node_same_rootfs|same_test_tool,125078.489473,96306.452679,28772.036795,0.298755,-28772.036795,2,5,5,True,True,False,False,False,True,False,132.289401,0.0494345,96174.113843,0.0,0.0,node_runtime:18.19.1:linux:x86_64:glibc:abi109;rootfs:node_18-slim,build_cache:redux-saga__redux-saga.a4ace10d:root:changesets:c91a6dc103c2;dependency_view:redux-saga__redux-saga.a4ace10d:root:c1bcbd93da3b0eeb;repo_baseline:redux-saga__redux-saga:a4ace10dc3ff182828cd3ee7469f6667e08ceb62;source_overlay:redux-saga__redux-saga.a4ace10d:root;test_transform_cache:redux-saga__redux-saga.a4ace10d:root:jest:c91a6dc103c2
nodelite,nodelite,,28,swesmith/redux-saga__redux-saga.a4ace10d,swesmith/foliojs__pdfkit.d0108157,48,20,same_node_same_rootfs|same_test_tool,125864.330649,97092.293855,28772.036795,0.296337,-28772.036795,2,5,6,True,True,False,False,False,True,False,132.289401,0.0494345,96959.955019,0.0,0.0,node_runtime:18.19.1:linux:x86_64:glibc:abi109;rootfs:node_18-slim,build_cache:foliojs__pdfkit.d0108157:root:rollup:bbc97774e07e;dependency_view:foliojs__pdfkit.d0108157:root:11c27c17439e5efb;native_binary_bundle:foliojs__pdfkit.d0108157:root:canvas:109;repo_baseline:foliojs__pdfkit:d0108157f13d763ad5287a2293436b5a1aecf055;source_overlay:foliojs__pdfkit.d0108157:root;test_transform_cache:foliojs__pdfkit.d0108157:root:jest:bbc97774e07e
nodelite,nodelite,,29,swesmith/foliojs__pdfkit.d0108157,swesmith/enzymejs__enzyme.61e1b47c,20,17,same_node_same_rootfs,132413.002018,102855.124594,29557.877425,0.287374,-29557.877425,2,6,6,True,True,False,False,False,False,False,132.289401,0.0494345,102722.785758,0.0,0.0,node_runtime:18.19.1:linux:x86_64:glibc:abi109;rootfs:node_18-slim,build_cache:enzymejs__enzyme.61e1b47c:root:lerna:4103008f3c25;dependency_view:enzymejs__enzyme.61e1b47c:root:414c164bd62a9324;repo_baseline:enzymejs__enzyme:61e1b47c4bdc4509b2ac286c0d3ae3df172d26f0;source_overlay:enzymejs__enzyme.61e1b47c:root;test_transform_cache:enzymejs__enzyme.61e1b47c:root:karma:4103008f3c25;test_transform_cache:enzymejs__enzyme.61e1b47c:root:mocha:4103008f3c25
nodelite,nodelite,,30,swesmith/enzymejs__enzyme.61e1b47c,swesmith/bootstrap-vue__bootstrap-vue.9a246f45,17,9,same_node_diff_rootfs|low_overlap|rootfs_change,137572.429229,122815.381949,14757.04728,0.120156,-14757.04728,1,7,6,True,False,False,False,False,False,False,0.0,11.357465500000002,122804.024484,0.0,0.0,node_runtime:18.19.1:linux:x86_64:glibc:abi109,build_cache:bootstrap-vue__bootstrap-vue.9a246f45:root:rollup:594eccebc247;dependency_view:bootstrap-vue__bootstrap-vue.9a246f45:root:d41e6daa3c100016;repo_baseline:bootstrap-vue__bootstrap-vue:9a246f45fc813f161df291fc7d6197febf8afaf4;rootfs:node_18-bullseye-slim;source_overlay:bootstrap-vue__bootstrap-vue.9a246f45:root;test_transform_cache:bootstrap-vue__bootstrap-vue.9a246f45:root:jest:594eccebc247
nodelite,nodelite,,31,swesmith/bootstrap-vue__bootstrap-vue.9a246f45,swesmith/sveltejs__svelte.6c9717a9,9,54,same_node_diff_rootfs|low_overlap|rootfs_change,137572.429229,122815.381949,14757.04728,0.120156,-14757.04728,1,6,6,True,False,False,False,False,False,False,0.0,11.357465500000002,122804.024484,0.0,0.0,node_runtime:18.19.1:linux:x86_64:glibc:abi109,build_cache:sveltejs__svelte.6c9717a9:root:changesets:85b839d59475;dependency_view:sveltejs__svelte.6c9717a9:root:b0c07bc3f3203c46;repo_baseline:sveltejs__svelte:6c9717a91f2f6ae10641d1cf502ba13d227fbe45;rootfs:node_18-bullseye;source_overlay:sveltejs__svelte.6c9717a9:root;test_transform_cache:sveltejs__svelte.6c9717a9:root:vitest:85b839d59475
nodelite,nodelite,,32,swesmith/sveltejs__svelte.6c9717a9,swesmith/iamkun__dayjs.c8a26460,54,25,same_node_same_rootfs,132413.002018,102855.124594,29557.877425,0.287374,-29557.877425,2,5,6,True,True,False,False,False,False,False,132.289401,0.0494345,102722.785758,0.0,0.0,node_runtime:18.19.1:linux:x86_64:glibc:abi109;rootfs:node_18-bullseye,build_cache:iamkun__dayjs.c8a26460:root:babel:9ed6e5f7fd04;dependency_view:iamkun__dayjs.c8a26460:root:c68f1e093a72eecf;repo_baseline:iamkun__dayjs:c8a26460d89a2ee9a7d3b9cafa124ea856ee883f;source_overlay:iamkun__dayjs.c8a26460:root;test_transform_cache:iamkun__dayjs.c8a26460:root:jest:9ed6e5f7fd04;test_transform_cache:iamkun__dayjs.c8a26460:root:karma:9ed6e5f7fd04
nodelite,nodelite,,33,swesmith/iamkun__dayjs.c8a26460,swesmith/vitejs__vite.8b47ff76,25,60,diff_node_diff_rootfs|low_overlap|native_abi_change|rootfs_change,137587.749818,122815.381949,14772.367869,0.120281,-14772.367869,0,8,7,False,False,False,False,False,False,False,0.0,11.357465500000002,122804.024484,0.0,0.0,,build_cache:vitejs__vite.8b47ff76:root:typescript:c0d87b3d7479;dependency_view:vitejs__vite.8b47ff76:root:7fb655fa88697a9a;node_runtime:22.23.2:linux:x86_64:glibc:abi127;repo_baseline:vitejs__vite:8b47ff76d28630b4dc39c77fbd2762b4c36ad23d;rootfs:node_22-bullseye-slim;source_overlay:vitejs__vite.8b47ff76:root;test_transform_cache:vitejs__vite.8b47ff76:root:vitest:c0d87b3d7479
nodelite,nodelite,,34,swesmith/vitejs__vite.8b47ff76,swesmith/marmelab__react-admin.823caa0b,60,31,diff_node_diff_rootfs|low_overlap|native_abi_change|rootfs_change,144922.262363,129364.053864,15558.208498,0.120267,-15558.208498,0,7,8,False,False,False,False,False,False,False,0.0,11.357465500000002,129352.696399,0.0,0.0,,build_cache:marmelab__react-admin.823caa0b:root:lerna:2ae6a8efe6cf;dependency_view:marmelab__react-admin.823caa0b:root:f178fcbaf6a59b3b;node_runtime:20.19.1:linux:x86_64:glibc:abi115;repo_baseline:marmelab__react-admin:823caa0b6489fc8133685525e22d30ddf57643fa;rootfs:node_20-bullseye-slim;source_overlay:marmelab__react-admin.823caa0b:root;test_transform_cache:marmelab__react-admin.823caa0b:root:cypress:2ae6a8efe6cf;test_transform_cache:marmelab__react-admin.823caa0b:root:jest:2ae6a8efe6cf
nodelite,nodelite,,35,swesmith/marmelab__react-admin.823caa0b,swesmith/welldone-software__why-did-you-render.3ec3512d,31,64,same_node_diff_rootfs|same_test_tool|low_overlap|rootfs_change,144906.941774,129364.053864,15542.88791,0.120148,-15542.88791,1,7,7,True,False,False,False,False,True,False,0.0,11.357465500000002,129352.696399,0.0,0.0,node_runtime:20.19.1:linux:x86_64:glibc:abi115,build_cache:welldone-software__why-did-you-render.3ec3512d:root:rollup:3d9083a10a5d;dependency_view:welldone-software__why-did-you-render.3ec3512d:root:773c5e8f586ea9c4;repo_baseline:welldone-software__why-did-you-render:3ec3512d750c49448fe2241e26d05db9e42f0c21;rootfs:node_20-slim;source_overlay:welldone-software__why-did-you-render.3ec3512d:root;test_transform_cache:welldone-software__why-did-you-render.3ec3512d:root:cypress:3d9083a10a5d;test_transform_cache:welldone-software__why-did-you-render.3ec3512d:root:jest:3d9083a10a5d
nodelite,nodelite,,36,swesmith/welldone-software__why-did-you-render.3ec3512d,swesmith/fabricjs__fabric.js.6742471c,64,18,same_node_same_rootfs,133198.843194,103525.069773,29673.773421,0.286634,-29673.773421,2,6,7,True,True,False,False,False,False,False,16.393405,0.0494345,103508.626934,0.0,0.0,node_runtime:20.19.1:linux:x86_64:glibc:abi115;rootfs:node_20-slim,build_cache:fabricjs__fabric.js.6742471c:root:typescript:bdce61823eab;dependency_view:fabricjs__fabric.js.6742471c:root:56b6543f933cb2b3;native_binary_bundle:fabricjs__fabric.js.6742471c:root:canvas:115;repo_baseline:fabricjs__fabric.js:6742471c23e5fd8afbb1282246b4b785455c8c17;source_overlay:fabricjs__fabric.js.6742471c:root;test_transform_cache:fabricjs__fabric.js.6742471c:root:playwright:bdce61823eab;test_transform_cache:fabricjs__fabric.js.6742471c:root:vitest:bdce61823eab
nodelite,nodelite,,37,swesmith/fabricjs__fabric.js.6742471c,swesmith/brianc__node-postgres.ecff60dc,18,11,same_node_same_rootfs|same_build_tool,218097.833436,179243.506481,38854.326955,0.216768,-38854.326955,2,7,5,True,True,False,False,True,False,False,16.393405,0.0494345,179227.063642,0.0,0.0,node_runtime:20.19.1:linux:x86_64:glibc:abi115;rootfs:node_20-slim,build_cache:brianc__node-postgres.ecff60dc:root:lerna:f43ed1faaa9b;build_cache:brianc__node-postgres.ecff60dc:root:typescript:f43ed1faaa9b;dependency_view:brianc__node-postgres.ecff60dc:root:ac69cf7675d96f1d;repo_baseline:brianc__node-postgres:ecff60dc8aa0bd1ad5ea8f4623af0756a86dc110;source_overlay:brianc__node-postgres.ecff60dc:root
nodelite,nodelite,,38,swesmith/brianc__node-postgres.ecff60dc,swesmith/Effect-TS__effect.5df4da10,11,15,same_node_same_rootfs|same_build_tool,225170.358916,185792.178397,39378.18052,0.211947,-39378.18052,2,5,6,True,True,False,False,True,False,False,16.393405,0.0494345,185775.735557,0.0,0.0,node_runtime:20.19.1:linux:x86_64:glibc:abi115;rootfs:node_20-slim,build_cache:Effect-TS__effect.5df4da10:root:changesets:3936ee7940b9;build_cache:Effect-TS__effect.5df4da10:root:typescript:3936ee7940b9;dependency_view:Effect-TS__effect.5df4da10:root:61e1a82d9173e1a4;repo_baseline:Effect-TS__effect:5df4da10de444f379a166f4b28721e75100bb838;source_overlay:Effect-TS__effect.5df4da10:root;test_transform_cache:Effect-TS__effect.5df4da10:root:vitest:3936ee7940b9
nodelite,nodelite,,39,swesmith/Effect-TS__effect.5df4da10,swesmith/josdejong__jsoneditor.0319b213,15,28,same_node_same_rootfs,225432.305793,185792.178397,39640.127396,0.213357,-39640.127396,2,6,6,True,True,False,False,False,False,False,16.393405,0.0494345,185775.735557,0.0,0.0,node_runtime:20.19.1:linux:x86_64:glibc:abi115;rootfs:node_20-slim,build_cache:josdejong__jsoneditor.0319b213:root:babel:be56cc981d38;build_cache:josdejong__jsoneditor.0319b213:root:gulp:be56cc981d38;dependency_view:josdejong__jsoneditor.0319b213:root:fba013e11b2e4bd9;repo_baseline:josdejong__jsoneditor:0319b2131df47f1220d74e3ff174d5c02973ec7d;source_overlay:josdejong__jsoneditor.0319b213:root;test_transform_cache:josdejong__jsoneditor.0319b213:root:mocha:be56cc981d38
nodelite,nodelite,,40,swesmith/josdejong__jsoneditor.0319b213,swesmith/svg__svgo.c06d8f68,28,55,same_node_same_rootfs,225432.305793,185792.178397,39640.127396,0.213357,-39640.127396,2,6,6,True,True,False,False,False,False,False,16.393405,0.0494345,185775.735557,0.0,0.0,node_runtime:20.19.1:linux:x86_64:glibc:abi115;rootfs:node_20-slim,build_cache:svg__svgo.c06d8f68:root:rollup:2b58ff2876b3;build_cache:svg__svgo.c06d8f68:root:typescript:2b58ff2876b3;dependency_view:svg__svgo.c06d8f68:root:e3122b4a0e1aa47b;repo_baseline:svg__svgo:c06d8f6899788defae9594537063c2f4307803e4;source_overlay:svg__svgo.c06d8f68:root;test_transform_cache:svg__svgo.c06d8f68:root:jest:2b58ff2876b3
nodelite,nodelite,,41,swesmith/svg__svgo.c06d8f68,swesmith/tinacms__tinacms.dffb104f,55,56,same_node_same_rootfs,225432.305793,185792.178397,39640.127396,0.213357,-39640.127396,2,6,6,True,True,False,False,False,False,False,16.393405,0.0494345,185775.735557,0.0,0.0,node_runtime:20.19.1:linux:x86_64:glibc:abi115;rootfs:node_20-slim,build_cache:tinacms__tinacms.dffb104f:root:changesets:765d0508e257;build_cache:tinacms__tinacms.dffb104f:root:turbo:765d0508e257;dependency_view:tinacms__tinacms.dffb104f:root:45f79d9b7f2dc887;repo_baseline:tinacms__tinacms:dffb104f1850cabc15f495a5868a33a66295965a;source_overlay:tinacms__tinacms.dffb104f:root;test_transform_cache:tinacms__tinacms.dffb104f:root:playwright:765d0508e257
nodelite,nodelite,,42,swesmith/tinacms__tinacms.dffb104f,swesmith/marko-js__marko.24b9402c,56,30,same_node_same_rootfs|same_build_tool,226218.146969,186578.019572,39640.127396,0.212459,-39640.127396,2,6,7,True,True,False,False,True,False,False,16.393405,0.0494345,186561.576733,0.0,0.0,node_runtime:20.19.1:linux:x86_64:glibc:abi115;rootfs:node_20-slim,build_cache:marko-js__marko.24b9402c:root:changesets:ae9158e5e102;build_cache:marko-js__marko.24b9402c:root:typescript:ae9158e5e102;dependency_view:marko-js__marko.24b9402c:root:4dafb814ddc2f538;native_binary_bundle:marko-js__marko.24b9402c:root:esbuild:115;repo_baseline:marko-js__marko:24b9402cd54c3a74f200da0f79dd19350995a9ba;source_overlay:marko-js__marko.24b9402c:root;test_transform_cache:marko-js__marko.24b9402c:root:mocha:ae9158e5e102
nodelite,nodelite,,43,swesmith/marko-js__marko.24b9402c,swesmith/GitbookIO__gitbook.81f8ddcf,30,22,diff_node_diff_rootfs|same_build_tool|low_overlap|native_abi_change|rootfs_change,230607.093781,205868.331749,24738.762032,0.120168,-24738.762032,0,9,7,False,False,False,False,True,False,False,0.0,11.357465500000002,205856.974283,0.0,0.0,,build_cache:GitbookIO__gitbook.81f8ddcf:root:changesets:88b89ad9c0ff;build_cache:GitbookIO__gitbook.81f8ddcf:root:turbo:88b89ad9c0ff;dependency_view:GitbookIO__gitbook.81f8ddcf:root:b1ab37fbc3435ed4;node_runtime:unknown.x-unavailable:linux:x86_64:glibc:abiunknown;repo_baseline:GitbookIO__gitbook:81f8ddcf27ec398a33b6f676a81e9a791b673ce2;rootfs:unknown;source_overlay:GitbookIO__gitbook.81f8ddcf:root
nodelite,nodelite,,44,swesmith/GitbookIO__gitbook.81f8ddcf,swesmith/bpampuch__pdfmake.719e7314,22,10,diff_node_diff_rootfs|low_overlap|native_abi_change|rootfs_change,237679.619261,212417.003664,25262.615598,0.118929,-25262.615598,0,7,8,False,False,False,False,False,False,False,0.0,11.357465500000002,212405.646198,0.0,0.0,,build_cache:bpampuch__pdfmake.719e7314:root:babel:530210e657f9;build_cache:bpampuch__pdfmake.719e7314:root:webpack:530210e657f9;dependency_view:bpampuch__pdfmake.719e7314:root:cbdd674906fcd63a;node_runtime:18.19.1:linux:x86_64:glibc:abi109;repo_baseline:bpampuch__pdfmake:719e73140cce75a792f7f419c27fc33a230e73d2;rootfs:node_18-slim;source_overlay:bpampuch__pdfmake.719e7314:root;test_transform_cache:bpampuch__pdfmake.719e7314:root:mocha:530210e657f9
nodelite,nodelite,,45,swesmith/bpampuch__pdfmake.719e7314,swesmith/emotion-js__emotion.b882bcba,10,16,same_node_same_rootfs,225432.305793,185908.074393,39524.2314,0.212601,-39524.2314,2,6,6,True,True,False,False,False,False,False,132.289401,0.0494345,185775.735557,0.0,0.0,node_runtime:18.19.1:linux:x86_64:glibc:abi109;rootfs:node_18-slim,build_cache:emotion-js__emotion.b882bcba:root:changesets:c2de0d725c3c;build_cache:emotion-js__emotion.b882bcba:root:typescript:c2de0d725c3c;dependency_view:emotion-js__emotion.b882bcba:root:0f78ed9b2143da62;repo_baseline:emotion-js__emotion:b882bcba85132554992e4bd49e94c95939bbf810;source_overlay:emotion-js__emotion.b882bcba:root;test_transform_cache:emotion-js__emotion.b882bcba:root:jest:c2de0d725c3c
nodelite,nodelite,,46,swesmith/emotion-js__emotion.b882bcba,swesmith/jantimon__html-webpack-plugin.9a39db80,16,26,same_node_same_rootfs|same_build_tool|same_test_tool,225432.305793,185908.074393,39524.2314,0.212601,-39524.2314,2,6,6,True,True,False,False,True,True,False,132.289401,0.0494345,185775.735557,0.0,0.0,node_runtime:18.19.1:linux:x86_64:glibc:abi109;rootfs:node_18-slim,build_cache:jantimon__html-webpack-plugin.9a39db80:root:typescript:03abf47fc179;build_cache:jantimon__html-webpack-plugin.9a39db80:root:webpack:03abf47fc179;dependency_view:jantimon__html-webpack-plugin.9a39db80:root:c9d26828be2c203c;repo_baseline:jantimon__html-webpack-plugin:9a39db807c09d8e6145e5047cfe2ec5e928e1dee;source_overlay:jantimon__html-webpack-plugin.9a39db80:root;test_transform_cache:jantimon__html-webpack-plugin.9a39db80:root:jest:03abf47fc179
nodelite,nodelite,,47,swesmith/jantimon__html-webpack-plugin.9a39db80,swesmith/jaredpalmer__formik.91475adb,26,27,same_node_same_rootfs,225432.305793,185908.074393,39524.2314,0.212601,-39524.2314,2,6,6,True,True,False,False,False,False,False,132.289401,0.0494345,185775.735557,0.0,0.0,node_runtime:18.19.1:linux:x86_64:glibc:abi109;rootfs:node_18-slim,build_cache:jaredpalmer__formik.91475adb:root:changesets:be61650024fa;build_cache:jaredpalmer__formik.91475adb:root:turbo:be61650024fa;dependency_view:jaredpalmer__formik.91475adb:root:0ea1f56b0c1e2753;repo_baseline:jaredpalmer__formik:91475adbf33579561e580eceea0c031f4ec2e992;source_overlay:jaredpalmer__formik.91475adb:root;test_transform_cache:jaredpalmer__formik.91475adb:root:playwright:be61650024fa
nodelite,nodelite,,48,swesmith/jaredpalmer__formik.91475adb,swesmith/Redocly__redoc.d41fd46f,27,47,same_node_same_rootfs,232766.818338,192456.746308,40310.07203,0.20945,-40310.07203,2,6,7,True,True,False,False,False,False,False,132.289401,0.0494345,192324.40747200002,0.0,0.0,node_runtime:18.19.1:linux:x86_64:glibc:abi109;rootfs:node_18-slim,build_cache:Redocly__redoc.d41fd46f:root:typescript:68063787fe82;build_cache:Redocly__redoc.d41fd46f:root:webpack:68063787fe82;dependency_view:Redocly__redoc.d41fd46f:root:398d8eda0bb00a78;repo_baseline:Redocly__redoc:d41fd46f7cbee86bf83dc17b7ec51baf54f72a54;source_overlay:Redocly__redoc.d41fd46f:root;test_transform_cache:Redocly__redoc.d41fd46f:root:cypress:68063787fe82;test_transform_cache:Redocly__redoc.d41fd46f:root:jest:68063787fe82
nodelite,nodelite,,49,swesmith/Redocly__redoc.d41fd46f,swesmith/react-hook-form__react-hook-form.3adba2b8,47,44,same_node_same_rootfs|same_build_tool|same_test_tool,233552.659514,193242.587484,40310.07203,0.208598,-40310.07203,2,7,8,True,True,False,False,True,True,False,132.289401,0.0494345,193110.248648,0.0,0.0,node_runtime:18.19.1:linux:x86_64:glibc:abi109;rootfs:node_18-slim,build_cache:react-hook-form__react-hook-form.3adba2b8:root:rollup:759c3e15fb55;build_cache:react-hook-form__react-hook-form.3adba2b8:root:typescript:759c3e15fb55;dependency_view:react-hook-form__react-hook-form.3adba2b8:root:f10d22bc872be4f0;native_binary_bundle:react-hook-form__react-hook-form.3adba2b8:root:@swc_core:109;repo_baseline:react-hook-form__react-hook-form:3adba2b816dd50bbca460bbe61df64b50bc6b1da;source_overlay:react-hook-form__react-hook-form.3adba2b8:root;test_transform_cache:react-hook-form__react-hook-form.3adba2b8:root:cypress:759c3e15fb55;test_transform_cache:react-hook-form__react-hook-form.3adba2b8:root:jest:759c3e15fb55
nodelite,nodelite,,50,swesmith/react-hook-form__react-hook-form.3adba2b8,swesmith/refined-github__refined-github.d4a7c3fb,44,49,diff_node_diff_rootfs|same_build_tool|low_overlap|native_abi_change|rootfs_change,237941.566138,212417.003664,25524.562474,0.120163,-25524.562474,0,10,8,False,False,False,False,True,False,False,0.0,11.357465500000002,212405.646198,0.0,0.0,,build_cache:refined-github__refined-github.d4a7c3fb:root:rollup:aa1f302ca640;build_cache:refined-github__refined-github.d4a7c3fb:root:typescript:aa1f302ca640;dependency_view:refined-github__refined-github.d4a7c3fb:root:e375b9cbe15b1aee;node_runtime:22.23.2:linux:x86_64:glibc:abi127;repo_baseline:refined-github__refined-github:d4a7c3fbfebff5f39a3760effbea7273dea0d01c;rootfs:node_22-slim;source_overlay:refined-github__refined-github.d4a7c3fb:root;test_transform_cache:refined-github__refined-github.d4a7c3fb:root:vitest:aa1f302ca640
nodelite,nodelite,,51,swesmith/refined-github__refined-github.d4a7c3fb,swesmith/axios__axios.ef36347f,49,5,diff_node_diff_rootfs|same_build_tool|low_overlap|native_abi_change|rootfs_change,245276.078683,218965.675579,26310.403104,0.120158,-26310.403104,0,8,9,False,False,False,False,True,False,False,0.0,11.357465500000002,218954.31811300002,0.0,0.0,,build_cache:axios__axios.ef36347f:root:gulp:0b40dadaf3bd;build_cache:axios__axios.ef36347f:root:rollup:0b40dadaf3bd;dependency_view:axios__axios.ef36347f:root:2346329f530df5bd;node_runtime:18.19.1:linux:x86_64:glibc:abi109;repo_baseline:axios__axios:ef36347fb559383b04c755b07f1a8d11897fab7f;rootfs:node_18-bullseye;source_overlay:axios__axios.ef36347f:root;test_transform_cache:axios__axios.ef36347f:root:karma:0b40dadaf3bd;test_transform_cache:axios__axios.ef36347f:root:mocha:0b40dadaf3bd
nodelite,nodelite,,52,swesmith/axios__axios.ef36347f,swesmith/ueberdosis__tiptap.2d6de06c,5,58,diff_node_diff_rootfs|low_overlap|native_abi_change|rootfs_change,245276.078683,218965.675579,26310.403104,0.120158,-26310.403104,0,9,9,False,False,False,False,False,False,False,0.0,11.357465500000002,218954.31811300002,0.0,0.0,,build_cache:ueberdosis__tiptap.2d6de06c:root:changesets:85ad102bc603;build_cache:ueberdosis__tiptap.2d6de06c:root:turbo:85ad102bc603;dependency_view:ueberdosis__tiptap.2d6de06c:root:0bd9814a60fd8695;node_runtime:20.19.1:linux:x86_64:glibc:abi115;repo_baseline:ueberdosis__tiptap:2d6de06c34c239e78fedd6bd2a0bcea42d0fdbfa;rootfs:node_20;source_overlay:ueberdosis__tiptap.2d6de06c:root;test_transform_cache:ueberdosis__tiptap.2d6de06c:root:cypress:85ad102bc603;test_transform_cache:ueberdosis__tiptap.2d6de06c:root:vitest:85ad102bc603
nodelite,nodelite,,53,swesmith/ueberdosis__tiptap.2d6de06c,swesmith/microsoft__vscode.4166e90a,58,33,diff_node_diff_rootfs|low_overlap|native_abi_change|rootfs_change,246124.787153,219751.516755,26373.270398,0.120014,-26373.270398,0,9,10,False,False,False,False,False,False,False,0.0,11.357465500000002,219740.159289,0.0,0.0,,build_cache:microsoft__vscode.4166e90a:root:gulp:742f21cec0ed;build_cache:microsoft__vscode.4166e90a:root:next:742f21cec0ed;dependency_view:microsoft__vscode.4166e90a:root:ebafff009f16e711;native_binary_bundle:microsoft__vscode.4166e90a:root:@vscode_sqlite3:127;node_runtime:22.23.2:linux:x86_64:glibc:abi127;repo_baseline:microsoft__vscode:4166e90ac290db7f77800a4f6702903ea4eed476;rootfs:node_22-bookworm;source_overlay:microsoft__vscode.4166e90a:root;test_transform_cache:microsoft__vscode.4166e90a:root:mocha:742f21cec0ed;test_transform_cache:microsoft__vscode.4166e90a:root:playwright:742f21cec0ed
nodelite,nodelite,,54,swesmith/microsoft__vscode.4166e90a,swesmith/payloadcms__payload.8f660355,33,43,diff_node_diff_rootfs|same_build_tool|same_test_tool|low_overlap|native_abi_change|rootfs_change,247916.505034,221323.199106,26593.305927,0.120156,-26593.305927,0,10,12,False,False,False,False,True,True,False,0.0,11.357465500000002,221311.84164099998,0.0,0.0,,build_cache:payloadcms__payload.8f660355:root:next:096d4a336345;build_cache:payloadcms__payload.8f660355:root:turbo:096d4a336345;dependency_view:payloadcms__payload.8f660355:root:a2f282bd4e00dd49;native_binary_bundle:payloadcms__payload.8f660355:root:@swc_core:115;native_binary_bundle:payloadcms__payload.8f660355:root:node-gyp:115;native_binary_bundle:payloadcms__payload.8f660355:root:sharp:115;node_runtime:20.19.1:linux:x86_64:glibc:abi115;repo_baseline:payloadcms__payload:8f66035522f568d42098a7ad525e7bf700662b9a;rootfs:node_20-slim;source_overlay:payloadcms__payload.8f660355:root;test_transform_cache:payloadcms__payload.8f660355:root:playwright:096d4a336345;test_transform_cache:payloadcms__payload.8f660355:root:vitest:096d4a336345
nodelite,nodelite,,55,swesmith/payloadcms__payload.8f660355,swesmith/josdejong__mathjs.04e6e2d7,43,29,diff_node_diff_rootfs|low_overlap|native_abi_change|rootfs_change,252610.591227,225514.347494,27096.243734,0.120153,-27096.243734,0,12,10,False,False,False,False,False,False,False,0.0,11.357465500000002,225502.99002800003,0.0,0.0,,build_cache:josdejong__mathjs.04e6e2d7:root:gulp:4c7f724eabb4;build_cache:josdejong__mathjs.04e6e2d7:root:typescript:4c7f724eabb4;dependency_view:josdejong__mathjs.04e6e2d7:root:653bb0be0a5e4b8c;node_runtime:18.19.1:linux:x86_64:glibc:abi109;repo_baseline:josdejong__mathjs:04e6e2d7a949d6ddc7d7139bf1e3a88e6fe5365b;rootfs:node_18-slim;source_overlay:josdejong__mathjs.04e6e2d7:root;test_transform_cache:josdejong__mathjs.04e6e2d7:root:ava:4c7f724eabb4;test_transform_cache:josdejong__mathjs.04e6e2d7:root:karma:4c7f724eabb4;test_transform_cache:josdejong__mathjs.04e6e2d7:root:mocha:4c7f724eabb4
nodelite,nodelite,,56,swesmith/josdejong__mathjs.04e6e2d7,swesmith/reactjs__react-transition-group.2989b5b8,29,46,same_node_same_rootfs,325786.122113,275509.696106,50276.426006,0.182485,-50276.426006,2,8,7,True,True,False,False,False,False,False,132.289401,0.0494345,275377.357271,0.0,0.0,node_runtime:18.19.1:linux:x86_64:glibc:abi109;rootfs:node_18-slim,build_cache:reactjs__react-transition-group.2989b5b8:root:babel:d8eb49b0cb73;build_cache:reactjs__react-transition-group.2989b5b8:root:next:d8eb49b0cb73;build_cache:reactjs__react-transition-group.2989b5b8:root:rollup:d8eb49b0cb73;dependency_view:reactjs__react-transition-group.2989b5b8:root:670f3bc8796f5ef3;repo_baseline:reactjs__react-transition-group:2989b5b87b4b4d1001f21c8efa503049ffb4fe8d;source_overlay:reactjs__react-transition-group.2989b5b8:root;test_transform_cache:reactjs__react-transition-group.2989b5b8:root:jest:d8eb49b0cb73
nodelite,nodelite,,57,swesmith/reactjs__react-transition-group.2989b5b8,swesmith/segmentio__evergreen.9b774aee,46,51,same_node_same_rootfs|same_build_tool|same_test_tool,325786.122113,275509.696106,50276.426006,0.182485,-50276.426006,2,7,7,True,True,False,False,True,True,False,132.289401,0.0494345,275377.357271,0.0,0.0,node_runtime:18.19.1:linux:x86_64:glibc:abi109;rootfs:node_18-slim,build_cache:segmentio__evergreen.9b774aee:root:babel:871730dbe504;build_cache:segmentio__evergreen.9b774aee:root:rollup:871730dbe504;build_cache:segmentio__evergreen.9b774aee:root:typescript:871730dbe504;dependency_view:segmentio__evergreen.9b774aee:root:c290fc2f869fd91a;repo_baseline:segmentio__evergreen:9b774aee2d794f6cf2f73a054bd33066ca5898a9;source_overlay:segmentio__evergreen.9b774aee:root;test_transform_cache:segmentio__evergreen.9b774aee:root:jest:871730dbe504
nodelite,nodelite,,58,swesmith/segmentio__evergreen.9b774aee,swesmith/FuelLabs__fuels-ts.b3f37c91,51,21,diff_node_diff_rootfs|same_build_tool|low_overlap|native_abi_change|rootfs_change,338295.382458,302018.625378,36276.75708,0.120114,-36276.75708,0,9,9,False,False,False,False,True,False,False,0.0,11.357465500000002,302007.267912,0.0,0.0,,build_cache:FuelLabs__fuels-ts.b3f37c91:root:changesets:b55338e227a8;build_cache:FuelLabs__fuels-ts.b3f37c91:root:turbo:b55338e227a8;build_cache:FuelLabs__fuels-ts.b3f37c91:root:typescript:b55338e227a8;dependency_view:FuelLabs__fuels-ts.b3f37c91:root:471ddc5c5a27de32;node_runtime:20.19.1:linux:x86_64:glibc:abi115;repo_baseline:FuelLabs__fuels-ts:b3f37c91aca4aa9d5e4c0d3967f66237190826ea;rootfs:node_20;source_overlay:FuelLabs__fuels-ts.b3f37c91:root;test_transform_cache:FuelLabs__fuels-ts.b3f37c91:root:vitest:b55338e227a8
nodelite,nodelite,,59,swesmith/FuelLabs__fuels-ts.b3f37c91,swesmith/Shopify__draggable.8a1eed57,21,52,same_node_same_rootfs|same_build_tool,325786.122113,275393.800111,50392.322002,0.182983,-50392.322002,2,7,7,True,True,False,False,True,False,False,16.393405,0.0494345,275377.357271,0.0,0.0,node_runtime:20.19.1:linux:x86_64:glibc:abi115;rootfs:node_20,build_cache:Shopify__draggable.8a1eed57:root:changesets:75fa7c4af02e;build_cache:Shopify__draggable.8a1eed57:root:rollup:75fa7c4af02e;build_cache:Shopify__draggable.8a1eed57:root:typescript:75fa7c4af02e;dependency_view:Shopify__draggable.8a1eed57:root:5951b44524aa69b1;repo_baseline:Shopify__draggable:8a1eed57f3ab2dff9371e8ce60fb39ac85871e8d;source_overlay:Shopify__draggable.8a1eed57:root;test_transform_cache:Shopify__draggable.8a1eed57:root:jest:75fa7c4af02e
nodelite,nodelite,,60,swesmith/Shopify__draggable.8a1eed57,swesmith/trpc__trpc.2f40ba93,52,57,diff_node_diff_rootfs|low_overlap|native_abi_change|rootfs_change,338295.382458,302018.625378,36276.75708,0.120114,-36276.75708,0,9,9,False,False,False,False,False,False,False,0.0,11.357465500000002,302007.267912,0.0,0.0,,build_cache:trpc__trpc.2f40ba93:root:lerna:8fa8b4550448;build_cache:trpc__trpc.2f40ba93:root:next:8fa8b4550448;build_cache:trpc__trpc.2f40ba93:root:turbo:8fa8b4550448;dependency_view:trpc__trpc.2f40ba93:root:781fb8f3cbe882e8;node_runtime:22.23.2:linux:x86_64:glibc:abi127;repo_baseline:trpc__trpc:2f40ba935ad7f7d29eec3f9c45d353450b43e852;rootfs:node_22;source_overlay:trpc__trpc.2f40ba93:root;test_transform_cache:trpc__trpc.2f40ba93:root:vitest:8fa8b4550448
nodelite,nodelite,,61,swesmith/trpc__trpc.2f40ba93,swesmith/mochajs__mocha.410ce0d2,57,34,same_node_diff_rootfs|low_overlap|rootfs_change,345614.574414,308567.297293,37047.277121,0.120062,-37047.277121,1,8,9,True,False,False,False,False,False,False,0.0,11.357465500000002,308555.939827,0.0,0.0,node_runtime:22.23.2:linux:x86_64:glibc:abi127,build_cache:mochajs__mocha.410ce0d2:root:rollup:077a5f518284;build_cache:mochajs__mocha.410ce0d2:root:typescript:077a5f518284;build_cache:mochajs__mocha.410ce0d2:root:webpack:077a5f518284;dependency_view:mochajs__mocha.410ce0d2:root:77b617ee60467b9a;repo_baseline:mochajs__mocha:410ce0d2a0f799aaca2c0bc627294d70c62dd3f4;rootfs:node_22-slim;source_overlay:mochajs__mocha.410ce0d2:root;test_transform_cache:mochajs__mocha.410ce0d2:root:karma:077a5f518284;test_transform_cache:mochajs__mocha.410ce0d2:root:mocha:077a5f518284
nodelite,nodelite,,62,swesmith/mochajs__mocha.410ce0d2,swesmith/voideditor__void.17e7a5b1,34,61,diff_node_diff_rootfs|same_build_tool|same_test_tool|low_overlap|native_abi_change|rootfs_change,346478.603472,309353.138469,37125.465004,0.12001,-37125.465004,0,10,11,False,False,False,False,True,True,False,0.0,11.357465500000002,309341.78100300004,0.0,0.0,,build_cache:voideditor__void.17e7a5b1:root:gulp:0426f7949e03;build_cache:voideditor__void.17e7a5b1:root:next:0426f7949e03;build_cache:voideditor__void.17e7a5b1:root:typescript:0426f7949e03;dependency_view:voideditor__void.17e7a5b1:root:6522748bd07c0bd9;native_binary_bundle:voideditor__void.17e7a5b1:root:@vscode_sqlite3:115;node_runtime:20.19.1:linux:x86_64:glibc:abi115;repo_baseline:voideditor__void:17e7a5b1524345b19ab4ee38ec4f9b1b75a1bd00;rootfs:node_20-bookworm;source_overlay:voideditor__void.17e7a5b1:root;test_transform_cache:voideditor__void.17e7a5b1:root:mocha:0426f7949e03;test_transform_cache:voideditor__void.17e7a5b1:root:playwright:0426f7949e03
nodelite,nodelite,,63,swesmith/voideditor__void.17e7a5b1,swesmith/nestjs__nest.346c9543,61,37,same_node_diff_rootfs|same_build_tool|same_test_tool|low_overlap|rootfs_change,439514.020306,392406.088268,47107.932038,0.120049,-47107.932038,1,10,10,True,False,False,False,True,True,False,0.0,11.357465500000002,392394.73080200003,0.0,0.0,node_runtime:20.19.1:linux:x86_64:glibc:abi115,build_cache:nestjs__nest.346c9543:root:gulp:892e8dc67f5f;build_cache:nestjs__nest.346c9543:root:lerna:892e8dc67f5f;build_cache:nestjs__nest.346c9543:root:next:892e8dc67f5f;build_cache:nestjs__nest.346c9543:root:typescript:892e8dc67f5f;dependency_view:nestjs__nest.346c9543:root:1757422535048d10;native_binary_bundle:nestjs__nest.346c9543:root:@grpc_grpc-js:115;repo_baseline:nestjs__nest:346c9543120c692f314bdbf55fc9956d2fa6d87e;rootfs:node_20-slim;source_overlay:nestjs__nest.346c9543:root;test_transform_cache:nestjs__nest.346c9543:root:mocha:892e8dc67f5f
